unsigned char build_desktop_SF_Intermosaic_Bold_ttf[] = {
  0x00, 0x01, 0x00, 0x00, 0x00, 0x12, 0x01, 0x00, 0x00, 0x04, 0x00, 0x20,
  0x4c, 0x54, 0x53, 0x48, 0xc4, 0xb7, 0x28, 0x4d, 0x00, 0x00, 0x01, 0x2c,
  0x00, 0x00, 0x00, 0xc8, 0x4f, 0x53, 0x2f, 0x32, 0x6e, 0x29, 0x0f, 0xda,
  0x00, 0x00, 0x01, 0xf4, 0x00, 0x00, 0x00, 0x56, 0x50, 0x43, 0x4c, 0x54,
  0xf9, 0x04, 0xca, 0x00, 0x00, 0x00, 0x02, 0x4c, 0x00, 0x00, 0x00, 0x36,
  0x56, 0x44, 0x4d, 0x58, 0x79, 0xdc, 0x81, 0x54, 0x00, 0x00, 0x02, 0x84,
  0x00, 0x00, 0x05, 0xe0, 0x63, 0x6d, 0x61, 0x70, 0xff, 0x30, 0xec, 0x87,
  0x00, 0x00, 0x08, 0x64, 0x00, 0x00, 0x02, 0x30, 0x63, 0x76, 0x74, 0x20,
  0x00, 0x2b, 0x09, 0x00, 0x00, 0x00, 0x0a, 0x94, 0x00, 0x00, 0x00, 0x12,
  0x66, 0x70, 0x67, 0x6d, 0xc9, 0x60, 0xb1, 0x9b, 0x00, 0x00, 0x0a, 0xa8,
  0x00, 0x00, 0x01, 0x53, 0x67, 0x61, 0x73, 0x70, 0x00, 0x17, 0x00, 0x09,
  0x00, 0x00, 0x0b, 0xfc, 0x00, 0x00, 0x00, 0x10, 0x67, 0x6c, 0x79, 0x66,
  0x9f, 0x5e, 0xb3, 0xdc, 0x00, 0x00, 0x0c, 0x0c, 0x00, 0x00, 0x9e, 0xd4,
  0x68, 0x64, 0x6d, 0x78, 0x3f, 0xa2, 0xae, 0xdf, 0x00, 0x00, 0xaa, 0xe0,
  0x00, 0x00, 0x15, 0x20, 0x68, 0x65, 0x61, 0x64, 0xd3, 0x4b, 0xcd, 0x5d,
  0x00, 0x00, 0xc0, 0x00, 0x00, 0x00, 0x00, 0x36, 0x68, 0x68, 0x65, 0x61,
  0x0f, 0x46, 0x06, 0xc5, 0x00, 0x00, 0xc0, 0x38, 0x00, 0x00, 0x00, 0x24,
  0x68, 0x6d, 0x74, 0x78, 0xd9, 0x00, 0xbe, 0x00, 0x00, 0x00, 0xc0, 0x5c,
  0x00, 0x00, 0x03, 0x10, 0x6c, 0x6f, 0x63, 0x61, 0xdc, 0x7f, 0xb2, 0xa6,
  0x00, 0x00, 0xc3, 0x6c, 0x00, 0x00, 0x01, 0x8a, 0x6d, 0x61, 0x78, 0x70,
  0x02, 0xd3, 0x01, 0xc1, 0x00, 0x00, 0xc4, 0xf8, 0x00, 0x00, 0x00, 0x20,
  0x6e, 0x61, 0x6d, 0x65, 0xe2, 0xac, 0x41, 0x91, 0x00, 0x00, 0xc5, 0x18,
  0x00, 0x00, 0x05, 0xa9, 0x70, 0x6f, 0x73, 0x74, 0x0c, 0xba, 0x0f, 0x89,
  0x00, 0x00, 0xca, 0xc4, 0x00, 0x00, 0x01, 0xb5, 0x70, 0x72, 0x65, 0x70,
  0xb7, 0x7d, 0x71, 0x8e, 0x00, 0x00, 0xcc, 0x7c, 0x00, 0x00, 0x00, 0x15,
  0x00, 0x00, 0x00, 0xc4, 0x01, 0x01, 0x01, 0x01, 0x01, 0x01, 0x01, 0x01,
  0x65, 0x01, 0x01, 0x01, 0x01, 0x01, 0x01, 0x01, 0x01, 0x01, 0x65, 0x01,
  0x01, 0x01, 0x01, 0x01, 0x01, 0x01, 0x01, 0x01, 0x01, 0x01, 0x01, 0x65,
  0x01, 0x65, 0x01, 0x01, 0x01, 0x01, 0x01, 0x01, 0x01, 0x01, 0x01, 0x01,
  0x01, 0x01, 0x01, 0x01, 0x01, 0x01, 0x01, 0x01, 0x01, 0x01, 0x01, 0x01,
  0x01, 0x01, 0x01, 0x01, 0x01, 0x01, 0x01, 0x65, 0x01, 0x65, 0x01, 0x01,
  0x01, 0x01, 0x01, 0x01, 0x01, 0x01, 0x01, 0x01, 0x01, 0x01, 0x01, 0x01,
  0x01, 0x01, 0x01, 0x01, 0x01, 0x01, 0x01, 0x01, 0x01, 0x01, 0x01, 0x01,
  0x01, 0x01, 0x01, 0x01, 0x01, 0x01, 0x01, 0x01, 0x01, 0x65, 0x01, 0x01,
  0x65, 0x01, 0x65, 0x01, 0x01, 0x01, 0x01, 0x01, 0x01, 0x01, 0x01, 0x01,
  0x01, 0x65, 0x01, 0x01, 0x01, 0x01, 0x01, 0x01, 0x01, 0x01, 0x01, 0x01,
  0x01, 0x01, 0x65, 0x01, 0x01, 0x01, 0x01, 0x01, 0x01, 0x01, 0x65, 0x01,
  0x01, 0x65, 0x01, 0x01, 0x01, 0x65, 0x01, 0x01, 0x01, 0x65, 0x01, 0x01,
  0x01, 0x01, 0x65, 0x01, 0x01, 0x65, 0x01, 0x01, 0x01, 0x65, 0x01, 0x01,
  0x01, 0x01, 0x01, 0x01, 0x65, 0x01, 0x01, 0x65, 0x01, 0x01, 0x01, 0x65,
  0x01, 0x01, 0x01, 0x65, 0x01, 0x01, 0x01, 0x01, 0x65, 0x01, 0x01, 0x01,
  0x01, 0x01, 0x01, 0x65, 0x01, 0x01, 0x01, 0x01, 0x00, 0x01, 0x06, 0xdd,
  0x02, 0xbc, 0x00, 0x05, 0x00, 0x00, 0x02, 0xbc, 0x02, 0x89, 0x00, 0x00,
  0x00, 0x8f, 0x02, 0xbc, 0x02, 0x89, 0x00, 0x00, 0x01, 0xc5, 0x00, 0x66,
  0x02, 0x00, 0x00, 0x00, 0x02, 0x00, 0x08, 0x04, 0x00, 0x00, 0x00, 0x02,
  0x00, 0x04, 0x80, 0x00, 0x00, 0x03, 0x00, 0x00, 0x00, 0x00, 0x00, 0x00,
  0x00, 0x00, 0x00, 0x00, 0x00, 0x00, 0x53, 0x48, 0x59, 0x46, 0x00, 0x20,
  0x00, 0x20, 0x20, 0xac, 0x05, 0x00, 0xff, 0x00, 0x00, 0x86, 0x08, 0x00,
  0x01, 0x00, 0x00, 0x00, 0x00, 0x11, 0x00, 0x00, 0x00, 0x00, 0x00, 0x00,
  0x00, 0x00, 0x00, 0x00, 0x80, 0x00, 0x00, 0x00, 0x07, 0x00, 0x05, 0x00,
  0x00, 0x00, 0x60, 0x00, 0x05, 0x00, 0x02, 0x75, 0x53, 0x46, 0x20, 0x49,
  0x6e, 0x74, 0x65, 0x72, 0x6d, 0x6f, 0x73, 0x61, 0x42, 0x64, 0x20, 0x20,
  0xff, 0xff, 0xff, 0xff, 0x37, 0xff, 0xff, 0xfe, 0x53, 0x46, 0x49, 0x52,
  0x30, 0x30, 0x00, 0x00, 0x40, 0x00, 0x00, 0x00, 0x00, 0x00, 0x00, 0x01,
  0x00, 0x01, 0x01, 0x01, 0x01, 0x01, 0x00, 0x0c, 0x00, 0xf8, 0x08, 0xff,
  0x00, 0x08, 0x00, 0x08, 0xff, 0xff, 0x00, 0x09, 0x00, 0x09, 0xff, 0xfe,
  0x00, 0x0a, 0x00, 0x0a, 0xff, 0xfe, 0x00, 0x0b, 0x00, 0x0b, 0xff, 0xfe,
  0x00, 0x0c, 0x00, 0x0d, 0xff, 0xfe, 0x00, 0x0d, 0x00, 0x0e, 0xff, 0xfe,
  0x00, 0x0e, 0x00, 0x0e, 0xff, 0xfe, 0x00, 0x0f, 0x00, 0x0f, 0xff, 0xfe,
  0x00, 0x10, 0x00, 0x10, 0xff, 0xfe, 0x00, 0x11, 0x00, 0x11, 0xff, 0xfd,
  0x00, 0x12, 0x00, 0x12, 0xff, 0xfd, 0x00, 0x13, 0x00, 0x13, 0xff, 0xfd,
  0x00, 0x14, 0x00, 0x15, 0xff, 0xfd, 0x00, 0x15, 0x00, 0x16, 0xff, 0xfd,
  0x00, 0x16, 0x00, 0x16, 0xff, 0xfd, 0x00, 0x17, 0x00, 0x17, 0xff, 0xfd,
  0x00, 0x18, 0x00, 0x18, 0xff, 0xfd, 0x00, 0x19, 0x00, 0x19, 0xff, 0xfc,
  0x00, 0x1a, 0x00, 0x1a, 0xff, 0xfc, 0x00, 0x1b, 0x00, 0x1b, 0xff, 0xfc,
  0x00, 0x1c, 0x00, 0x1d, 0xff, 0xfc, 0x00, 0x1d, 0x00, 0x1e, 0xff, 0xfc,
  0x00, 0x1e, 0x00, 0x1e, 0xff, 0xfc, 0x00, 0x1f, 0x00, 0x1f, 0xff, 0xfc,
  0x00, 0x20, 0x00, 0x20, 0xff, 0xfc, 0x00, 0x21, 0x00, 0x21, 0xff, 0xfb,
  0x00, 0x22, 0x00, 0x22, 0xff, 0xfb, 0x00, 0x23, 0x00, 0x23, 0xff, 0xfb,
  0x00, 0x24, 0x00, 0x25, 0xff, 0xfb, 0x00, 0x25, 0x00, 0x26, 0xff, 0xfb,
  0x00, 0x26, 0x00, 0x26, 0xff, 0xfb, 0x00, 0x27, 0x00, 0x27, 0xff, 0xfb,
  0x00, 0x28, 0x00, 0x28, 0xff, 0xfb, 0x00, 0x29, 0x00, 0x29, 0xff, 0xfa,
  0x00, 0x2a, 0x00, 0x2a, 0xff, 0xfa, 0x00, 0x2b, 0x00, 0x2b, 0xff, 0xfa,
  0x00, 0x2c, 0x00, 0x2d, 0xff, 0xfa, 0x00, 0x2d, 0x00, 0x2e, 0xff, 0xfa,
  0x00, 0x2e, 0x00, 0x2e, 0xff, 0xfa, 0x00, 0x2f, 0x00, 0x2f, 0xff, 0xfa,
  0x00, 0x30, 0x00, 0x30, 0xff, 0xfa, 0x00, 0x31, 0x00, 0x31, 0xff, 0xf9,
  0x00, 0x32, 0x00, 0x32, 0xff, 0xf9, 0x00, 0x33, 0x00, 0x33, 0xff, 0xf9,
  0x00, 0x34, 0x00, 0x35, 0xff, 0xf9, 0x00, 0x35, 0x00, 0x36, 0xff, 0xf9,
  0x00, 0x36, 0x00, 0x36, 0xff, 0xf9, 0x00, 0x37, 0x00, 0x37, 0xff, 0xf9,
  0x00, 0x38, 0x00, 0x38, 0xff, 0xf9, 0x00, 0x39, 0x00, 0x39, 0xff, 0xf8,
  0x00, 0x3a, 0x00, 0x3a, 0xff, 0xf8, 0x00, 0x3b, 0x00, 0x3b, 0xff, 0xf8,
  0x00, 0x3c, 0x00, 0x3d, 0xff, 0xf8, 0x00, 0x3d, 0x00, 0x3e, 0xff, 0xf8,
  0x00, 0x3e, 0x00, 0x3e, 0xff, 0xf8, 0x00, 0x3f, 0x00, 0x3f, 0xff, 0xf8,
  0x00, 0x40, 0x00, 0x40, 0xff, 0xf8, 0x00, 0x41, 0x00, 0x41, 0xff, 0xf7,
  0x00, 0x42, 0x00, 0x42, 0xff, 0xf7, 0x00, 0x43, 0x00, 0x43, 0xff, 0xf7,
  0x00, 0x44, 0x00, 0x45, 0xff, 0xf7, 0x00, 0x45, 0x00, 0x46, 0xff, 0xf7,
  0x00, 0x46, 0x00, 0x46, 0xff, 0xf7, 0x00, 0x47, 0x00, 0x47, 0xff, 0xf7,
  0x00, 0x48, 0x00, 0x48, 0xff, 0xf7, 0x00, 0x49, 0x00, 0x49, 0xff, 0xf6,
  0x00, 0x4a, 0x00, 0x4a, 0xff, 0xf6, 0x00, 0x4b, 0x00, 0x4b, 0xff, 0xf6,
  0x00, 0x4c, 0x00, 0x4d, 0xff, 0xf6, 0x00, 0x4d, 0x00, 0x4e, 0xff, 0xf6,
  0x00, 0x4e, 0x00, 0x4e, 0xff, 0xf6, 0x00, 0x4f, 0x00, 0x4f, 0xff, 0xf6,
  0x00, 0x50, 0x00, 0x50, 0xff, 0xf6, 0x00, 0x51, 0x00, 0x51, 0xff, 0xf5,
  0x00, 0x52, 0x00, 0x52, 0xff, 0xf5, 0x00, 0x53, 0x00, 0x53, 0xff, 0xf5,
  0x00, 0x54, 0x00, 0x55, 0xff, 0xf5, 0x00, 0x55, 0x00, 0x56, 0xff, 0xf5,
  0x00, 0x56, 0x00, 0x56, 0xff, 0xf5, 0x00, 0x57, 0x00, 0x57, 0xff, 0xf5,
  0x00, 0x58, 0x00, 0x58, 0xff, 0xf5, 0x00, 0x59, 0x00, 0x59, 0xff, 0xf4,
  0x00, 0x5a, 0x00, 0x5a, 0xff, 0xf4, 0x00, 0x5b, 0x00, 0x5b, 0xff, 0xf4,
  0x00, 0x5c, 0x00, 0x5d, 0xff, 0xf4, 0x00, 0x5d, 0x00, 0x5e, 0xff, 0xf4,
  0x00, 0x5e, 0x00, 0x5e, 0xff, 0xf4, 0x00, 0x5f, 0x00, 0x5f, 0xff, 0xf4,
  0x00, 0x60, 0x00, 0x60, 0xff, 0xf4, 0x00, 0x61, 0x00, 0x61, 0xff, 0xf3,
  0x00, 0x62, 0x00, 0x62, 0xff, 0xf3, 0x00, 0x63, 0x00, 0x63, 0xff, 0xf3,
  0x00, 0x64, 0x00, 0x65, 0xff, 0xf3, 0x00, 0x65, 0x00, 0x66, 0xff, 0xf3,
  0x00, 0x66, 0x00, 0x66, 0xff, 0xf3, 0x00, 0x67, 0x00, 0x67, 0xff, 0xf3,
  0x00, 0x68, 0x00, 0x68, 0xff, 0xf3, 0x00, 0x69, 0x00, 0x69, 0xff, 0xf2,
  0x00, 0x6a, 0x00, 0x6a, 0xff, 0xf2, 0x00, 0x6b, 0x00, 0x6b, 0xff, 0xf2,
  0x00, 0x6c, 0x00, 0x6d, 0xff, 0xf2, 0x00, 0x6d, 0x00, 0x6e, 0xff, 0xf2,
  0x00, 0x6e, 0x00, 0x6e, 0xff, 0xf2, 0x00, 0x6f, 0x00, 0x6f, 0xff, 0xf2,
  0x00, 0x70, 0x00, 0x70, 0xff, 0xf2, 0x00, 0x71, 0x00, 0x71, 0xff, 0xf1,
  0x00, 0x72, 0x00, 0x72, 0xff, 0xf1, 0x00, 0x73, 0x00, 0x73, 0xff, 0xf1,
  0x00, 0x74, 0x00, 0x75, 0xff, 0xf1, 0x00, 0x75, 0x00, 0x76, 0xff, 0xf1,
  0x00, 0x76, 0x00, 0x76, 0xff, 0xf1, 0x00, 0x77, 0x00, 0x77, 0xff, 0xf1,
  0x00, 0x78, 0x00, 0x78, 0xff, 0xf1, 0x00, 0x79, 0x00, 0x79, 0xff, 0xf0,
  0x00, 0x7a, 0x00, 0x7a, 0xff, 0xf0, 0x00, 0x7b, 0x00, 0x7b, 0xff, 0xf0,
  0x00, 0x7c, 0x00, 0x7d, 0xff, 0xf0, 0x00, 0x7d, 0x00, 0x7e, 0xff, 0xf0,
  0x00, 0x7e, 0x00, 0x7e, 0xff, 0xf0, 0x00, 0x7f, 0x00, 0x7f, 0xff, 0xf0,
  0x00, 0x80, 0x00, 0x80, 0xff, 0xf0, 0x00, 0x81, 0x00, 0x81, 0xff, 0xef,
  0x00, 0x82, 0x00, 0x82, 0xff, 0xef, 0x00, 0x83, 0x00, 0x83, 0xff, 0xef,
  0x00, 0x84, 0x00, 0x85, 0xff, 0xef, 0x00, 0x85, 0x00, 0x86, 0xff, 0xef,
  0x00, 0x86, 0x00, 0x86, 0xff, 0xef, 0x00, 0x87, 0x00, 0x87, 0xff, 0xef,
  0x00, 0x88, 0x00, 0x88, 0xff, 0xef, 0x00, 0x89, 0x00, 0x89, 0xff, 0xee,
  0x00, 0x8a, 0x00, 0x8a, 0xff, 0xee, 0x00, 0x8b, 0x00, 0x8b, 0xff, 0xee,
  0x00, 0x8c, 0x00, 0x8d, 0xff, 0xee, 0x00, 0x8d, 0x00, 0x8e, 0xff, 0xee,
  0x00, 0x8e, 0x00, 0x8e, 0xff, 0xee, 0x00, 0x8f, 0x00, 0x8f, 0xff, 0xee,
  0x00, 0x90, 0x00, 0x90, 0xff, 0xee, 0x00, 0x91, 0x00, 0x91, 0xff, 0xed,
  0x00, 0x92, 0x00, 0x92, 0xff, 0xed, 0x00, 0x93, 0x00, 0x93, 0xff, 0xed,
  0x00, 0x94, 0x00, 0x95, 0xff, 0xed, 0x00, 0x95, 0x00, 0x96, 0xff, 0xed,
  0x00, 0x96, 0x00, 0x96, 0xff, 0xed, 0x00, 0x97, 0x00, 0x97, 0xff, 0xed,
  0x00, 0x98, 0x00, 0x98, 0xff, 0xed, 0x00, 0x99, 0x00, 0x99, 0xff, 0xec,
  0x00, 0x9a, 0x00, 0x9a, 0xff, 0xec, 0x00, 0x9b, 0x00, 0x9b, 0xff, 0xec,
  0x00, 0x9c, 0x00, 0x9d, 0xff, 0xec, 0x00, 0x9d, 0x00, 0x9e, 0xff, 0xec,
  0x00, 0x9e, 0x00, 0x9e, 0xff, 0xec, 0x00, 0x9f, 0x00, 0x9f, 0xff, 0xec,
  0x00, 0xa0, 0x00, 0xa0, 0xff, 0xec, 0x00, 0xa1, 0x00, 0xa1, 0xff, 0xeb,
  0x00, 0xa2, 0x00, 0xa2, 0xff, 0xeb, 0x00, 0xa3, 0x00, 0xa3, 0xff, 0xeb,
  0x00, 0xa4, 0x00, 0xa5, 0xff, 0xeb, 0x00, 0xa5, 0x00, 0xa6, 0xff, 0xeb,
  0x00, 0xa6, 0x00, 0xa6, 0xff, 0xeb, 0x00, 0xa7, 0x00, 0xa7, 0xff, 0xeb,
  0x00, 0xa8, 0x00, 0xa8, 0xff, 0xeb, 0x00, 0xa9, 0x00, 0xa9, 0xff, 0xea,
  0x00, 0xaa, 0x00, 0xaa, 0xff, 0xea, 0x00, 0xab, 0x00, 0xab, 0xff, 0xea,
  0x00, 0xac, 0x00, 0xad, 0xff, 0xea, 0x00, 0xad, 0x00, 0xae, 0xff, 0xea,
  0x00, 0xae, 0x00, 0xae, 0xff, 0xea, 0x00, 0xaf, 0x00, 0xaf, 0xff, 0xea,
  0x00, 0xb0, 0x00, 0xb0, 0xff, 0xea, 0x00, 0xb1, 0x00, 0xb1, 0xff, 0xe9,
  0x00, 0xb2, 0x00, 0xb2, 0xff, 0xe9, 0x00, 0xb3, 0x00, 0xb3, 0xff, 0xe9,
  0x00, 0xb4, 0x00, 0xb5, 0xff, 0xe9, 0x00, 0xb5, 0x00, 0xb6, 0xff, 0xe9,
  0x00, 0xb6, 0x00, 0xb6, 0xff, 0xe9, 0x00, 0xb7, 0x00, 0xb7, 0xff, 0xe9,
  0x00, 0xb8, 0x00, 0xb8, 0xff, 0xe9, 0x00, 0xb9, 0x00, 0xb9, 0xff, 0xe8,
  0x00, 0xba, 0x00, 0xba, 0xff, 0xe8, 0x00, 0xbb, 0x00, 0xbb, 0xff, 0xe8,
  0x00, 0xbc, 0x00, 0xbd, 0xff, 0xe8, 0x00, 0xbd, 0x00, 0xbe, 0xff, 0xe8,
  0x00, 0xbe, 0x00, 0xbe, 0xff, 0xe8, 0x00, 0xbf, 0x00, 0xbf, 0xff, 0xe8,
  0x00, 0xc0, 0x00, 0xc0, 0xff, 0xe8, 0x00, 0xc1, 0x00, 0xc1, 0xff, 0xe7,
  0x00, 0xc2, 0x00, 0xc2, 0xff, 0xe7, 0x00, 0xc3, 0x00, 0xc3, 0xff, 0xe7,
  0x00, 0xc4, 0x00, 0xc5, 0xff, 0xe7, 0x00, 0xc5, 0x00, 0xc6, 0xff, 0xe7,
  0x00, 0xc6, 0x00, 0xc6, 0xff, 0xe7, 0x00, 0xc7, 0x00, 0xc7, 0xff, 0xe7,
  0x00, 0xc8, 0x00, 0xc8, 0xff, 0xe7, 0x00, 0xc9, 0x00, 0xc9, 0xff, 0xe6,
  0x00, 0xca, 0x00, 0xca, 0xff, 0xe6, 0x00, 0xcb, 0x00, 0xcb, 0xff, 0xe6,
  0x00, 0xcc, 0x00, 0xcd, 0xff, 0xe6, 0x00, 0xcd, 0x00, 0xce, 0xff, 0xe6,
  0x00, 0xce, 0x00, 0xce, 0xff, 0xe6, 0x00, 0xcf, 0x00, 0xcf, 0xff, 0xe6,
  0x00, 0xd0, 0x00, 0xd0, 0xff, 0xe6, 0x00, 0xd1, 0x00, 0xd1, 0xff, 0xe5,
  0x00, 0xd2, 0x00, 0xd2, 0xff, 0xe5, 0x00, 0xd3, 0x00, 0xd3, 0xff, 0xe5,
  0x00, 0xd4, 0x00, 0xd5, 0xff, 0xe5, 0x00, 0xd5, 0x00, 0xd6, 0xff, 0xe5,
  0x00, 0xd6, 0x00, 0xd6, 0xff, 0xe5, 0x00, 0xd7, 0x00, 0xd7, 0xff, 0xe5,
  0x00, 0xd8, 0x00, 0xd8, 0xff, 0xe5, 0x00, 0xd9, 0x00, 0xd9, 0xff, 0xe4,
  0x00, 0xda, 0x00, 0xda, 0xff, 0xe4, 0x00, 0xdb, 0x00, 0xdb, 0xff, 0xe4,
  0x00, 0xdc, 0x00, 0xdd, 0xff, 0xe4, 0x00, 0xdd, 0x00, 0xde, 0xff, 0xe4,
  0x00, 0xde, 0x00, 0xde, 0xff, 0xe4, 0x00, 0xdf, 0x00, 0xdf, 0xff, 0xe4,
  0x00, 0xe0, 0x00, 0xe0, 0xff, 0xe4, 0x00, 0xe1, 0x00, 0xe1, 0xff, 0xe3,
  0x00, 0xe2, 0x00, 0xe2, 0xff, 0xe3, 0x00, 0xe3, 0x00, 0xe3, 0xff, 0xe3,
  0x00, 0xe4, 0x00, 0xe5, 0xff, 0xe3, 0x00, 0xe5, 0x00, 0xe6, 0xff, 0xe3,
  0x00, 0xe6, 0x00, 0xe6, 0xff, 0xe3, 0x00, 0xe7, 0x00, 0xe7, 0xff, 0xe3,
  0x00, 0xe8, 0x00, 0xe8, 0xff, 0xe3, 0x00, 0xe9, 0x00, 0xe9, 0xff, 0xe2,
  0x00, 0xea, 0x00, 0xea, 0xff, 0xe2, 0x00, 0xeb, 0x00, 0xeb, 0xff, 0xe2,
  0x00, 0xec, 0x00, 0xed, 0xff, 0xe2, 0x00, 0xed, 0x00, 0xee, 0xff, 0xe2,
  0x00, 0xee, 0x00, 0xee, 0xff, 0xe2, 0x00, 0xef, 0x00, 0xef, 0xff, 0xe2,
  0x00, 0xf0, 0x00, 0xf0, 0xff, 0xe2, 0x00, 0xf1, 0x00, 0xf1, 0xff, 0xe1,
  0x00, 0xf2, 0x00, 0xf2, 0xff, 0xe1, 0x00, 0xf3, 0x00, 0xf3, 0xff, 0xe1,
  0x00, 0xf4, 0x00, 0xf5, 0xff, 0xe1, 0x00, 0xf5, 0x00, 0xf6, 0xff, 0xe1,
  0x00, 0xf6, 0x00, 0xf6, 0xff, 0xe1, 0x00, 0xf7, 0x00, 0xf7, 0xff, 0xe1,
  0x00, 0xf8, 0x00, 0xf8, 0xff, 0xe1, 0x00, 0xf9, 0x00, 0xf9, 0xff, 0xe0,
  0x00, 0xfa, 0x00, 0xfa, 0xff, 0xe0, 0x00, 0xfb, 0x00, 0xfb, 0xff, 0xe0,
  0x00, 0xfc, 0x00, 0xfd, 0xff, 0xe0, 0x00, 0xfd, 0x00, 0xfe, 0xff, 0xe0,
  0x00, 0xfe, 0x00, 0xfe, 0xff, 0xe0, 0x00, 0xff, 0x00, 0xff, 0xff, 0xe0,
  0x00, 0x00, 0x00, 0x02, 0x00, 0x01, 0x00, 0x00, 0x00, 0x00, 0x00, 0x14,
  0x00, 0x03, 0x00, 0x01, 0x00, 0x00, 0x01, 0x1a, 0x00, 0x00, 0x01, 0x06,
  0x00, 0x00, 0x01, 0x00, 0x00, 0x00, 0x00, 0x00, 0x00, 0x00, 0x01, 0x03,
  0x00, 0x00, 0x00, 0x03, 0x00, 0x00, 0x00, 0x00, 0x00, 0x00, 0x00, 0x00,
  0x00, 0x00, 0x00, 0x00, 0x00, 0x00, 0x00, 0x01, 0x00, 0x00, 0x03, 0x04,
  0x05, 0x06, 0x07, 0x08, 0x09, 0x0a, 0x0b, 0x0c, 0x0d, 0x0e, 0x0f, 0x10,
  0x11, 0x12, 0x13, 0x14, 0x15, 0x16, 0x17, 0x18, 0x19, 0x1a, 0x1b, 0x1c,
  0x1d, 0x1e, 0x1f, 0x20, 0x21, 0x22, 0x23, 0x24, 0x25, 0x26, 0x27, 0x28,
  0x29, 0x2a, 0x2b, 0x2c, 0x2d, 0x2e, 0x2f, 0x30, 0x31, 0x32, 0x33, 0x34,
  0x35, 0x36, 0x37, 0x38, 0x39, 0x3a, 0x3b, 0x3c, 0x3d, 0x3e, 0x3f, 0x40,
  0x41, 0x42, 0x43, 0x44, 0x45, 0x46, 0x47, 0x48, 0x49, 0x4a, 0x4b, 0x4c,
  0x4d, 0x4e, 0x4f, 0x50, 0x51, 0x52, 0x53, 0x54, 0x55, 0x56, 0x57, 0x58,
  0x59, 0x5a, 0x5b, 0x5c, 0x5d, 0x5e, 0x5f, 0x60, 0x61, 0x00, 0x8c, 0x8d,
  0x00, 0x90, 0x97, 0x9c, 0xa2, 0xa7, 0xa6, 0xa8, 0xaa, 0xa9, 0xab, 0x00,
  0xae, 0xad, 0xaf, 0xb0, 0xb2, 0xb1, 0xb3, 0xb4, 0xb5, 0xb7, 0xb6, 0xb8,
  0xba, 0xb9, 0xbe, 0xbd, 0xbf, 0xc0, 0x66, 0x82, 0x7b, 0x00, 0x00, 0x71,
  0x00, 0xa5, 0x00, 0x00, 0x00, 0x84, 0x7e, 0x00, 0x8e, 0x9e, 0x00, 0x83,
  0x00, 0x00, 0x7c, 0x00, 0x00, 0x00, 0x00, 0x00, 0x00, 0x00, 0x00, 0x00,
  0xac, 0xbc, 0x87, 0x7a, 0x00, 0x00, 0x00, 0x00, 0x00, 0x7f, 0x86, 0x65,
  0x03, 0x88, 0x8b, 0x9b, 0x6c, 0x77, 0x72, 0x73, 0x6f, 0x70, 0x6d, 0x6e,
  0xbb, 0x00, 0xc3, 0x78, 0x00, 0x00, 0x6b, 0x76, 0x00, 0x00, 0x67, 0x85,
  0x63, 0x64, 0x69, 0x8a, 0x91, 0x89, 0x92, 0x8f, 0x94, 0x95, 0x96, 0x93,
  0x99, 0x9a, 0x00, 0x98, 0xa0, 0xa1, 0x9f, 0x00, 0x68, 0x74, 0x81, 0x00,
  0x00, 0x00, 0x00, 0x00, 0x00, 0x00, 0x00, 0x04, 0x01, 0x16, 0x00, 0x00,
  0x00, 0x3a, 0x00, 0x20, 0x00, 0x04, 0x00, 0x1a, 0x00, 0x7e, 0x00, 0xa2,
  0x00, 0xa6, 0x00, 0xa8, 0x00, 0xab, 0x00, 0xad, 0x00, 0xb1, 0x00, 0xb4,
  0x00, 0xb7, 0x00, 0xbb, 0x00, 0xc6, 0x00, 0xcf, 0x00, 0xe6, 0x00, 0xef,
  0x00, 0xff, 0x01, 0x53, 0x01, 0x61, 0x01, 0x78, 0x02, 0xc6, 0x02, 0xdc,
  0x20, 0x14, 0x20, 0x1a, 0x20, 0x1e, 0x20, 0x22, 0x20, 0x26, 0x20, 0x30,
  0x20, 0x3a, 0x20, 0xac, 0xff, 0xff, 0x00, 0x00, 0x00, 0x20, 0x00, 0xa0,
  0x00, 0xa5, 0x00, 0xa8, 0x00, 0xab, 0x00, 0xad, 0x00, 0xaf, 0x00, 0xb4,
  0x00, 0xb7, 0x00, 0xbb, 0x00, 0xbf, 0x00, 0xc8, 0x00, 0xd1, 0x00, 0xe8,
  0x00, 0xf1, 0x01, 0x52, 0x01, 0x60, 0x01, 0x78, 0x02, 0xc6, 0x02, 0xdc,
  0x20, 0x13, 0x20, 0x18, 0x20, 0x1c, 0x20, 0x20, 0x20, 0x26, 0x20, 0x30,
  0x20, 0x39, 0x20, 0xac, 0xff, 0xff, 0xff, 0xe3, 0xff, 0xd9, 0xff, 0xd7,
  0xff, 0xd6, 0xff, 0xd4, 0xff, 0xd3, 0xff, 0xd2, 0xff, 0xd0, 0xff, 0xce,
  0xff, 0xcb, 0xff, 0xc8, 0xff, 0xc7, 0xff, 0xc6, 0xff, 0xc5, 0xff, 0xc4,
  0x00, 0x00, 0x00, 0x00, 0xff, 0x00, 0xfd, 0xa2, 0xfd, 0x98, 0xe0, 0x5f,
  0x00, 0x00, 0x00, 0x00, 0x00, 0x00, 0xe0, 0x3f, 0xe0, 0x39, 0x00, 0x00,
  0xdf, 0xb6, 0x00, 0x01, 0x00, 0x00, 0x00, 0x00, 0x00, 0x00, 0x00, 0x00,
  0x00, 0x00, 0x00, 0x00, 0x00, 0x00, 0x00, 0x00, 0x00, 0x00, 0x00, 0x00,
  0x00, 0x00, 0x00, 0x00, 0x00, 0x00, 0x00, 0x00, 0x00, 0x00, 0x00, 0x1c,
  0x00, 0x1e, 0x00, 0x00, 0x00, 0x00, 0x00, 0x00, 0x00, 0x00, 0x00, 0x18,
  0x00, 0x1c, 0x00, 0x20, 0x00, 0x00, 0x00, 0x00, 0x00, 0x20, 0x00, 0x00,
  0x00, 0x00, 0x00, 0x6c, 0x00, 0x77, 0x00, 0x6a, 0x00, 0x75, 0x00, 0x6d,
  0x00, 0x6e, 0x00, 0x63, 0x00, 0x6f, 0x00, 0x70, 0x00, 0x64, 0x00, 0x66,
  0x00, 0x67, 0x00, 0x71, 0x00, 0x6b, 0x00, 0x76, 0x00, 0x2a, 0x00, 0x00,
  0x00, 0x00, 0xff, 0x00, 0x00, 0x00, 0x05, 0x00, 0x00, 0x00, 0x05, 0x00,
  0x00, 0x00, 0x00, 0x00, 0xb8, 0x00, 0x00, 0x2c, 0x4b, 0xb8, 0x00, 0x09,
  0x50, 0x58, 0xb1, 0x01, 0x01, 0x8e, 0x59, 0xb8, 0x01, 0xff, 0x85, 0xb8,
  0x00, 0x44, 0x1d, 0xb9, 0x00, 0x09, 0x00, 0x03, 0x5f, 0x5e, 0x2d, 0xb8,
  0x00, 0x01, 0x2c, 0x20, 0x20, 0x45, 0x69, 0x44, 0xb0, 0x01, 0x60, 0x2d,
  0xb8, 0x00, 0x02, 0x2c, 0xb8, 0x00, 0x01, 0x2a, 0x21, 0x2d, 0xb8, 0x00,
  0x03, 0x2c, 0x20, 0x46, 0xb0, 0x03, 0x25, 0x46, 0x52, 0x58, 0x23, 0x59,
  0x20, 0x8a, 0x20, 0x8a, 0x49, 0x64, 0x8a, 0x20, 0x46, 0x20, 0x68, 0x61,
  0x64, 0xb0, 0x04, 0x25, 0x46, 0x20, 0x68, 0x61, 0x64, 0x52, 0x58, 0x23,
  0x65, 0x8a, 0x59, 0x2f, 0x20, 0xb0, 0x00, 0x53, 0x58, 0x69, 0x20, 0xb0,
  0x00, 0x54, 0x58, 0x21, 0xb0, 0x40, 0x59, 0x1b, 0x69, 0x20, 0xb0, 0x00,
  0x54, 0x58, 0x21, 0xb0, 0x40, 0x65, 0x59, 0x59, 0x3a, 0x2d, 0xb8, 0x00,
  0x04, 0x2c, 0x20, 0x46, 0xb0, 0x04, 0x25, 0x46, 0x52, 0x58, 0x23, 0x8a,
  0x59, 0x20, 0x46, 0x20, 0x6a, 0x61, 0x64, 0xb0, 0x04, 0x25, 0x46, 0x20,
  0x6a, 0x61, 0x64, 0x52, 0x58, 0x23, 0x8a, 0x59, 0x2f, 0xfd, 0x2d, 0xb8,
  0x00, 0x05, 0x2c, 0x4b, 0x20, 0xb0, 0x03, 0x26, 0x50, 0x58, 0x51, 0x58,
  0xb0, 0x80, 0x44, 0x1b, 0xb0, 0x40, 0x44, 0x59, 0x1b, 0x21, 0x21, 0x20,
  0x45, 0xb0, 0xc0, 0x50, 0x58, 0xb0, 0xc0, 0x44, 0x1b, 0x21, 0x59, 0x59,
  0x2d, 0xb8, 0x00, 0x06, 0x2c, 0x20, 0x20, 0x45, 0x69, 0x44, 0xb0, 0x01,
  0x60, 0x20, 0x20, 0x45, 0x7d, 0x69, 0x18, 0x44, 0xb0, 0x01, 0x60, 0x2d,
  0xb8, 0x00, 0x07, 0x2c, 0xb8, 0x00, 0x06, 0x2a, 0x2d, 0xb8, 0x00, 0x08,
  0x2c, 0x4b, 0x20, 0xb0, 0x03, 0x26, 0x53, 0x58, 0xb0, 0x80, 0x1b, 0xb0,
  0x40, 0x59, 0x8a, 0x8a, 0x20, 0xb0, 0x03, 0x26, 0x53, 0x58, 0xb0, 0x02,
  0x26, 0x21, 0xb0, 0xc0, 0x8a, 0x8a, 0x1b, 0x8a, 0x23, 0x59, 0x20, 0xb0,
  0x03, 0x26, 0x53, 0x58, 0x23, 0x21, 0xb8, 0x01, 0x00, 0x8a, 0x8a, 0x1b,
  0x8a, 0x23, 0x59, 0x20, 0xb8, 0x00, 0x03, 0x26, 0x53, 0x58, 0xb0, 0x03,
  0x25, 0x45, 0xb8, 0x01, 0x40, 0x50, 0x58, 0x23, 0x21, 0xb8, 0x01, 0x40,
  0x23, 0x21, 0x1b, 0xb0, 0x03, 0x25, 0x45, 0x23, 0x21, 0x23, 0x21, 0x59,
  0x1b, 0x21, 0x59, 0x44, 0x2d, 0xb8, 0x00, 0x09, 0x2c, 0x4b, 0x53, 0x58,
  0x45, 0x44, 0x1b, 0x21, 0x21, 0x59, 0x2d, 0x00, 0x00, 0x00, 0x00, 0x03,
  0x00, 0x08, 0x00, 0x02, 0x00, 0x10, 0x00, 0x01, 0xff, 0xff, 0x00, 0x03,
  0x00, 0x02, 0x01, 0x00, 0x00, 0x00, 0x03, 0x00, 0x05, 0x00, 0x00, 0x03,
  0x00, 0x07, 0x00, 0x29, 0x00, 0xb8, 0x00, 0x00, 0x45, 0x58, 0xb8, 0x00,
  0x02, 0x2f, 0x1b, 0xb9, 0x00, 0x02, 0x00, 0x05, 0x3e, 0x59, 0xb8, 0x00,
  0x00, 0x45, 0x58, 0xb8, 0x00, 0x04, 0x2f, 0x1b, 0xb9, 0x00, 0x04, 0x00,
  0x01, 0x3e, 0x59, 0xb8, 0x00, 0x06, 0xdc, 0x30, 0x31, 0x01, 0x21, 0x11,
  0x21, 0x11, 0x21, 0x11, 0x21, 0x03, 0x00, 0xfe, 0x00, 0x02, 0x00, 0xfe,
  0x00, 0x02, 0x00, 0x02, 0x00, 0x03, 0x00, 0xfb, 0x00, 0x01, 0x00, 0x00,
  0x00, 0x02, 0x01, 0x00, 0x03, 0x00, 0x04, 0x00, 0x05, 0x00, 0x00, 0x03,
  0x00, 0x07, 0x00, 0x45, 0xba, 0x00, 0x04, 0x00, 0x05, 0x00, 0x03, 0x2b,
  0xb8, 0x00, 0x04, 0x10, 0xba, 0x00, 0x00, 0x00, 0x01, 0x00, 0x03, 0x2b,
  0xb8, 0x00, 0x00, 0x10, 0x00, 0xb8, 0x00, 0x00, 0x2f, 0xb8, 0x00, 0x04,
  0x2f, 0xb8, 0x00, 0x00, 0x45, 0x58, 0xb8, 0x00, 0x02, 0x2f, 0x1b, 0xb9,
  0x00, 0x02, 0x00, 0x05, 0x3e, 0x59, 0xb8, 0x00, 0x00, 0x45, 0x58, 0xb8,
  0x00, 0x06, 0x2f, 0x1b, 0xb9, 0x00, 0x06, 0x00, 0x05, 0x3e, 0x59, 0x30,
  0x31, 0x01, 0x21, 0x11, 0x21, 0x01, 0x21, 0x11, 0x21, 0x04, 0x00, 0xff,
  0x00, 0x01, 0x00, 0xfe, 0x00, 0xff, 0x00, 0x01, 0x00, 0x03, 0x00, 0x02,
  0x00, 0xfe, 0x00, 0x02, 0x00, 0x00, 0x00, 0x02, 0x01, 0x00, 0x00, 0x00,
  0x06, 0x00, 0x05, 0x00, 0x00, 0x1b, 0x00, 0x1f, 0x00, 0xf7, 0xba, 0x00,
  0x06, 0x00, 0x07, 0x00, 0x03, 0x2b, 0xb8, 0x00, 0x06, 0x10, 0xba, 0x00,
  0x02, 0x00, 0x03, 0x00, 0x03, 0x2b, 0xb8, 0x00, 0x02, 0x10, 0xb8, 0x00,
  0x07, 0x10, 0xb8, 0x00, 0x0b, 0xd0, 0xb8, 0x00, 0x07, 0x10, 0xb8, 0x00,
  0x0f, 0xd0, 0xb8, 0x00, 0x06, 0x10, 0xb8, 0x00, 0x11, 0xd0, 0xb8, 0x00,
  0x03, 0x10, 0xb8, 0x00, 0x13, 0xd0, 0xb8, 0x00, 0x02, 0x10, 0xb8, 0x00,
  0x15, 0xd0, 0xb8, 0x00, 0x02, 0x10, 0xb8, 0x00, 0x19, 0xd0, 0xb8, 0x00,
  0x03, 0x10, 0xb8, 0x00, 0x1c, 0xd0, 0xb8, 0x00, 0x06, 0x10, 0xb8, 0x00,
  0x1e, 0xd0, 0x00, 0xb8, 0x00, 0x00, 0x45, 0x58, 0xb8, 0x00, 0x10, 0x2f,
  0x1b, 0xb9, 0x00, 0x10, 0x00, 0x05, 0x3e, 0x59, 0xb8, 0x00, 0x00, 0x45,
  0x58, 0xb8, 0x00, 0x14, 0x2f, 0x1b, 0xb9, 0x00, 0x14, 0x00, 0x05, 0x3e,
  0x59, 0xb8, 0x00, 0x00, 0x45, 0x58, 0xb8, 0x00, 0x02, 0x2f, 0x1b, 0xb9,
  0x00, 0x02, 0x00, 0x01, 0x3e, 0x59, 0xb8, 0x00, 0x00, 0x45, 0x58, 0xb8,
  0x00, 0x06, 0x2f, 0x1b, 0xb9, 0x00, 0x06, 0x00, 0x01, 0x3e, 0x59, 0xba,
  0x00, 0x1b, 0x00, 0x00, 0x00, 0x03, 0x2b, 0xb8, 0x00, 0x1b, 0x10, 0xba,
  0x00, 0x0f, 0x00, 0x0c, 0x00, 0x03, 0x2b, 0xb8, 0x00, 0x0f, 0x10, 0xb8,
  0x00, 0x00, 0x10, 0xb8, 0x00, 0x04, 0xd0, 0xb8, 0x00, 0x00, 0x10, 0xb8,
  0x00, 0x08, 0xd0, 0xb8, 0x00, 0x1b, 0x10, 0xb8, 0x00, 0x0a, 0xd0, 0xb8,
  0x00, 0x0f, 0x10, 0xb8, 0x00, 0x12, 0xd0, 0xb8, 0x00, 0x0f, 0x10, 0xb8,
  0x00, 0x16, 0xd0, 0xb8, 0x00, 0x0c, 0x10, 0xb8, 0x00, 0x18, 0xd0, 0xb8,
  0x00, 0x1b, 0x10, 0xb8, 0x00, 0x1c, 0xd0, 0xb8, 0x00, 0x0c, 0x10, 0xb8,
  0x00, 0x1d, 0xd0, 0x30, 0x31, 0x01, 0x21, 0x11, 0x21, 0x11, 0x21, 0x11,
  0x21, 0x11, 0x21, 0x11, 0x21, 0x11, 0x21, 0x11, 0x21, 0x11, 0x21, 0x11,
  0x21, 0x11, 0x21, 0x11, 0x21, 0x11, 0x21, 0x11, 0x29, 0x01, 0x11, 0x21,
  0x11, 0x06, 0x00, 0xff, 0x00, 0xff, 0x00, 0xff, 0x00, 0xff, 0x00, 0xff,
  0x00, 0x01, 0x00, 0xff, 0x00, 0x01, 0x00, 0x01, 0x00, 0x01, 0x00, 0x01,
  0x00, 0x01, 0x00, 0xff, 0x00, 0x01, 0x00, 0xfe, 0x00, 0xff, 0x00, 0x01,
  0x00, 0xff, 0x00, 0x01, 0x00, 0xff, 0x00, 0x01, 0x00, 0x01, 0x00, 0x01,
  0x00, 0x01, 0x00, 0x01, 0x00, 0xff, 0x00, 0x01, 0x00, 0xff, 0x00, 0xff,
  0x00, 0xff, 0x00, 0x01, 0x00, 0xff, 0x00, 0x00, 0x00, 0x01, 0x01, 0x00,
  0xff, 0x00, 0x06, 0x00, 0x06, 0x00, 0x00, 0x1b, 0x00, 0xc8, 0xba, 0x00,
  0x04, 0x00, 0x05, 0x00, 0x03, 0x2b, 0xb8, 0x00, 0x04, 0x10, 0xb8, 0x00,
  0x05, 0x10, 0xb8, 0x00, 0x09, 0xd0, 0xb8, 0x00, 0x05, 0x10, 0xb8, 0x00,
  0x11, 0xd0, 0xb8, 0x00, 0x04, 0x10, 0xb8, 0x00, 0x13, 0xd0, 0xb8, 0x00,
  0x04, 0x10, 0xb8, 0x00, 0x17, 0xd0, 0x00, 0xb8, 0x00, 0x12, 0x2f, 0xb8,
  0x00, 0x00, 0x45, 0x58, 0xb8, 0x00, 0x10, 0x2f, 0x1b, 0xb9, 0x00, 0x10,
  0x00, 0x05, 0x3e, 0x59, 0xb8, 0x00, 0x00, 0x45, 0x58, 0xb8, 0x00, 0x14,
  0x2f, 0x1b, 0xb9, 0x00, 0x14, 0x00, 0x05, 0x3e, 0x59, 0xb8, 0x00, 0x00,
  0x45, 0x58, 0xb8, 0x00, 0x04, 0x2f, 0x1b, 0xb9, 0x00, 0x04, 0x00, 0x03,
  0x3e, 0x59, 0xb8, 0x00, 0x00, 0x45, 0x58, 0xb8, 0x00, 0x02, 0x2f, 0x1b,
  0xb9, 0x00, 0x02, 0x00, 0x01, 0x3e, 0x59, 0xb8, 0x00, 0x00, 0x45, 0x58,
  0xb8, 0x00, 0x06, 0x2f, 0x1b, 0xb9, 0x00, 0x06, 0x00, 0x01, 0x3e, 0x59,
  0xba, 0x00, 0x0f, 0x00, 0x0c, 0x00, 0x03, 0x2b, 0xb8, 0x00, 0x0f, 0x10,
  0xb8, 0x00, 0x02, 0x10, 0xb8, 0x00, 0x00, 0xdc, 0xb8, 0x00, 0x08, 0xd0,
  0xb8, 0x00, 0x09, 0xd0, 0xb8, 0x00, 0x00, 0x10, 0xb8, 0x00, 0x1b, 0xdc,
  0xb8, 0x00, 0x0a, 0xd0, 0xb8, 0x00, 0x10, 0x10, 0xb8, 0x00, 0x0e, 0xdc,
  0xb8, 0x00, 0x16, 0xd0, 0xb8, 0x00, 0x17, 0xd0, 0xb8, 0x00, 0x0c, 0x10,
  0xb8, 0x00, 0x18, 0xd0, 0x30, 0x31, 0x01, 0x21, 0x11, 0x21, 0x11, 0x21,
  0x11, 0x21, 0x11, 0x21, 0x11, 0x21, 0x11, 0x21, 0x11, 0x21, 0x11, 0x21,
  0x11, 0x21, 0x11, 0x21, 0x11, 0x21, 0x11, 0x21, 0x11, 0x21, 0x06, 0x00,
  0xff, 0x00, 0xff, 0x00, 0xff, 0x00, 0xfe, 0x00, 0x02, 0x00, 0xff, 0x00,
  0xff, 0x00, 0x01, 0x00, 0x01, 0x00, 0x01, 0x00, 0x02, 0x00, 0xfe, 0x00,
  0x01, 0x00, 0x01, 0x00, 0x01, 0x00, 0xff, 0x00, 0xff, 0x00, 0x01, 0x00,
  0x01, 0x00, 0x01, 0x00, 0x01, 0x00, 0x01, 0x00, 0x01, 0x00, 0x01, 0x00,
  0xff, 0x00, 0xff, 0x00, 0xff, 0x00, 0xff, 0x00, 0x00, 0x01, 0x01, 0x00,
  0x00, 0x00, 0x06, 0x00, 0x05, 0x00, 0x00, 0x13, 0x01, 0x0d, 0xba, 0x00,
  0x04, 0x00, 0x05, 0x00, 0x03, 0x2b, 0xb8, 0x00, 0x04, 0x10, 0xb8, 0x00,
  0x03, 0xdc, 0x41, 0x21, 0x00, 0x00, 0x00, 0x03, 0x00, 0x10, 0x00, 0x03,
  0x00, 0x20, 0x00, 0x03, 0x00, 0x30, 0x00, 0x03, 0x00, 0x40, 0x00, 0x03,
  0x00, 0x50, 0x00, 0x03, 0x00, 0x60, 0x00, 0x03, 0x00, 0x70, 0x00, 0x03,
  0x00, 0x80, 0x00, 0x03, 0x00, 0x90, 0x00, 0x03, 0x00, 0xa0, 0x00, 0x03,
  0x00, 0xb0, 0x00, 0x03, 0x00, 0xc0, 0x00, 0x03, 0x00, 0xd0, 0x00, 0x03,
  0x00, 0xe0, 0x00, 0x03, 0x00, 0xf0, 0x00, 0x03, 0x00, 0x10, 0x5d, 0xb8,
  0x00, 0x02, 0xdc, 0xb8, 0x00, 0x04, 0x10, 0xb8, 0x00, 0x07, 0xd0, 0xb8,
  0x00, 0x04, 0x10, 0xb8, 0x00, 0x0b, 0xd0, 0xb8, 0x00, 0x02, 0x10, 0xb8,
  0x00, 0x0d, 0xd0, 0xb8, 0x00, 0x02, 0x10, 0xb8, 0x00, 0x11, 0xdc, 0x41,
  0x21, 0x00, 0x00, 0x00, 0x11, 0x00, 0x10, 0x00, 0x11, 0x00, 0x20, 0x00,
  0x11, 0x00, 0x30, 0x00, 0x11, 0x00, 0x40, 0x00, 0x11, 0x00, 0x50, 0x00,
  0x11, 0x00, 0x60, 0x00, 0x11, 0x00, 0x70, 0x00, 0x11, 0x00, 0x80, 0x00,
  0x11, 0x00, 0x90, 0x00, 0x11, 0x00, 0xa0, 0x00, 0x11, 0x00, 0xb0, 0x00,
  0x11, 0x00, 0xc0, 0x00, 0x11, 0x00, 0xd0, 0x00, 0x11, 0x00, 0xe0, 0x00,
  0x11, 0x00, 0xf0, 0x00, 0x11, 0x00, 0x10, 0x5d, 0xb8, 0x00, 0x10, 0xdc,
  0xb8, 0x00, 0x15, 0xdc, 0x00, 0xb8, 0x00, 0x00, 0x45, 0x58, 0xb8, 0x00,
  0x0a, 0x2f, 0x1b, 0xb9, 0x00, 0x0a, 0x00, 0x05, 0x3e, 0x59, 0xb8, 0x00,
  0x00, 0x45, 0x58, 0xb8, 0x00, 0x0e, 0x2f, 0x1b, 0xb9, 0x00, 0x0e, 0x00,
  0x05, 0x3e, 0x59, 0xb8, 0x00, 0x00, 0x45, 0x58, 0xb8, 0x00, 0x00, 0x2f,
  0x1b, 0xb9, 0x00, 0x00, 0x00, 0x01, 0x3e, 0x59, 0xb8, 0x00, 0x00, 0x45,
  0x58, 0xb8, 0x00, 0x04, 0x2f, 0x1b, 0xb9, 0x00, 0x04, 0x00, 0x01, 0x3e,
  0x59, 0x30, 0x31, 0x29, 0x01, 0x11, 0x21, 0x11, 0x21, 0x11, 0x21, 0x11,
  0x21, 0x11, 0x21, 0x11, 0x21, 0x11, 0x21, 0x11, 0x21, 0x11, 0x21, 0x06,
  0x00, 0xfe, 0x00, 0xff, 0x00, 0xff, 0x00, 0x01, 0x00, 0xfe, 0x00, 0x02,
  0x00, 0x01, 0x00, 0x01, 0x00, 0xff, 0x00, 0x02, 0x00, 0x01, 0x00, 0xff,
  0x00, 0x02, 0x00, 0x01, 0x00, 0x02, 0x00, 0xff, 0x00, 0x01, 0x00, 0xfe,
  0x00, 0xff, 0x00, 0x00, 0x00, 0x02, 0x01, 0x00, 0x00, 0x00, 0x06, 0x00,
  0x05, 0x00, 0x00, 0x0f, 0x00, 0x13, 0x00, 0x75, 0xba, 0x00, 0x0e, 0x00,
  0x10, 0x00, 0x03, 0x2b, 0xb8, 0x00, 0x0e, 0x10, 0x00, 0xb8, 0x00, 0x00,
  0x45, 0x58, 0xb8, 0x00, 0x06, 0x2f, 0x1b, 0xb9, 0x00, 0x06, 0x00, 0x05,
  0x3e, 0x59, 0xb8, 0x00, 0x00, 0x45, 0x58, 0xb8, 0x00, 0x00, 0x2f, 0x1b,
  0xb9, 0x00, 0x00, 0x00, 0x01, 0x3e, 0x59, 0xba, 0x00, 0x0b, 0x00, 0x0c,
  0x00, 0x03, 0x2b, 0xb8, 0x00, 0x0b, 0x10, 0xb8, 0x00, 0x00, 0x10, 0xb8,
  0x00, 0x02, 0xdc, 0xb8, 0x00, 0x06, 0x10, 0xb8, 0x00, 0x04, 0xdc, 0xb8,
  0x00, 0x08, 0xd0, 0xb8, 0x00, 0x09, 0xd0, 0xb8, 0x00, 0x02, 0x10, 0xb8,
  0x00, 0x0e, 0xd0, 0xb8, 0x00, 0x0f, 0xd0, 0xb8, 0x00, 0x10, 0xd0, 0xb8,
  0x00, 0x0c, 0x10, 0xb8, 0x00, 0x11, 0xd0, 0xb8, 0x00, 0x10, 0x10, 0xb8,
  0x00, 0x13, 0xd0, 0x30, 0x31, 0x29, 0x01, 0x11, 0x21, 0x11, 0x21, 0x11,
  0x21, 0x11, 0x21, 0x11, 0x21, 0x11, 0x21, 0x11, 0x29, 0x01, 0x11, 0x21,
  0x11, 0x06, 0x00, 0xfc, 0x00, 0xff, 0x00, 0x01, 0x00, 0x04, 0x00, 0xfd,
  0x00, 0x03, 0x00, 0xff, 0x00, 0x01, 0x00, 0xfe, 0x00, 0xff, 0x00, 0x01,
  0x00, 0x03, 0x00, 0x01, 0x00, 0xff, 0x00, 0xff, 0x00, 0xff, 0x00, 0xff,
  0x00, 0x01, 0x00, 0xff, 0x00, 0x00, 0x00, 0x01, 0x01, 0x00, 0x03, 0x00,
  0x02, 0x00, 0x05, 0x00, 0x00, 0x03, 0x00, 0x20, 0xba, 0x00, 0x00, 0x00,
  0x01, 0x00, 0x03, 0x2b, 0x00, 0xb8, 0x00, 0x00, 0x2f, 0xb8, 0x00, 0x00,
  0x45, 0x58, 0xb8, 0x00, 0x02, 0x2f, 0x1b, 0xb9, 0x00, 0x02, 0x00, 0x05,
  0x3e, 0x59, 0x30, 0x31, 0x01, 0x21, 0x11, 0x21, 0x02, 0x00, 0xff, 0x00,
  0x01, 0x00, 0x03, 0x00, 0x02, 0x00, 0x00, 0x01, 0x01, 0x00, 0xff, 0x00,
  0x04, 0x00, 0x05, 0x00, 0x00, 0x0b, 0x00, 0x45, 0x00, 0xb8, 0x00, 0x00,
  0x45, 0x58, 0xb8, 0x00, 0x06, 0x2f, 0x1b, 0xb9, 0x00, 0x06, 0x00, 0x05,
  0x3e, 0x59, 0xb8, 0x00, 0x00, 0x45, 0x58, 0xb8, 0x00, 0x00, 0x2f, 0x1b,
  0xb9, 0x00, 0x00, 0x00, 0x03, 0x3e, 0x59, 0xb8, 0x00, 0x02, 0xdc, 0xb8,
  0x00, 0x06, 0x10, 0xb8, 0x00, 0x04, 0xdc, 0xb8, 0x00, 0x08, 0xd0, 0xb8,
  0x00, 0x09, 0xd0, 0xb8, 0x00, 0x02, 0x10, 0xb8, 0x00, 0x0a, 0xd0, 0xb8,
  0x00, 0x0b, 0xd0, 0x30, 0x31, 0x01, 0x21, 0x11, 0x21, 0x11, 0x21, 0x11,
  0x21, 0x11, 0x21, 0x11, 0x21, 0x04, 0x00, 0xfe, 0x00, 0xff, 0x00, 0x01,
  0x00, 0x02, 0x00, 0xff, 0x00, 0x01, 0x00, 0xff, 0x00, 0x01, 0x00, 0x04,
  0x00, 0x01, 0x00, 0xff, 0x00, 0xfc, 0x00, 0x00, 0x00, 0x01, 0x01, 0x00,
  0xff, 0x00, 0x04, 0x00, 0x05, 0x00, 0x00, 0x0b, 0x00, 0x41, 0x00, 0xb8,
  0x00, 0x00, 0x45, 0x58, 0xb8, 0x00, 0x08, 0x2f, 0x1b, 0xb9, 0x00, 0x08,
  0x00, 0x05, 0x3e, 0x59, 0xb8, 0x00, 0x00, 0x45, 0x58, 0xb8, 0x00, 0x02,
  0x2f, 0x1b, 0xb9, 0x00, 0x02, 0x00, 0x03, 0x3e, 0x59, 0xb8, 0x00, 0x00,
  0xdc, 0xb8, 0x00, 0x04, 0xd0, 0xb8, 0x00, 0x05, 0xd0, 0xb8, 0x00, 0x08,
  0x10, 0xb8, 0x00, 0x06, 0xdc, 0xb8, 0x00, 0x0a, 0xd0, 0xb8, 0x00, 0x0b,
  0xd0, 0x30, 0x31, 0x29, 0x01, 0x11, 0x21, 0x11, 0x21, 0x11, 0x21, 0x11,
  0x21, 0x11, 0x21, 0x04, 0x00, 0xff, 0x00, 0xfe, 0x00, 0x01, 0x00, 0xff,
  0x00, 0x02, 0x00, 0x01, 0x00, 0xff, 0x00, 0x01, 0x00, 0x04, 0x00, 0x01,
  0x00, 0xff, 0x00, 0x00, 0x00, 0x01, 0x01, 0x00, 0x00, 0x00, 0x06, 0x00,
  0x05, 0x00, 0x00, 0x13, 0x00, 0x79, 0xba, 0x00, 0x02, 0x00, 0x03, 0x00,
  0x03, 0x2b, 0xb8, 0x00, 0x02, 0x10, 0xb8, 0x00, 0x03, 0x10, 0xb8, 0x00,
  0x0b, 0xd0, 0xb8, 0x00, 0x02, 0x10, 0xb8, 0x00, 0x0d, 0xd0, 0x00, 0xb8,
  0x00, 0x00, 0x45, 0x58, 0xb8, 0x00, 0x0c, 0x2f, 0x1b, 0xb9, 0x00, 0x0c,
  0x00, 0x05, 0x3e, 0x59, 0xb8, 0x00, 0x00, 0x45, 0x58, 0xb8, 0x00, 0x02,
  0x2f, 0x1b, 0xb9, 0x00, 0x02, 0x00, 0x01, 0x3e, 0x59, 0xba, 0x00, 0x13,
  0x00, 0x00, 0x00, 0x03, 0x2b, 0xb8, 0x00, 0x13, 0x10, 0xba, 0x00, 0x0a,
  0x00, 0x09, 0x00, 0x03, 0x2b, 0xb8, 0x00, 0x0a, 0x10, 0xb8, 0x00, 0x00,
  0x10, 0xb8, 0x00, 0x04, 0xd0, 0xb8, 0x00, 0x13, 0x10, 0xb8, 0x00, 0x06,
  0xd0, 0xb8, 0x00, 0x0a, 0x10, 0xb8, 0x00, 0x0e, 0xd0, 0xb8, 0x00, 0x09,
  0x10, 0xb8, 0x00, 0x10, 0xd0, 0x30, 0x31, 0x01, 0x21, 0x11, 0x21, 0x11,
  0x21, 0x11, 0x21, 0x11, 0x21, 0x11, 0x21, 0x11, 0x21, 0x11, 0x21, 0x11,
  0x21, 0x11, 0x21, 0x06, 0x00, 0xfe, 0x00, 0xff, 0x00, 0xfe, 0x00, 0x01,
  0x00, 0xff, 0x00, 0x02, 0x00, 0x01, 0x00, 0x02, 0x00, 0xff, 0x00, 0x01,
  0x00, 0x01, 0x00, 0xff, 0x00, 0x01, 0x00, 0x01, 0x00, 0x01, 0x00, 0x01,
  0x00, 0x01, 0x00, 0xff, 0x00, 0xff, 0x00, 0xff, 0x00, 0x00, 0x00, 0x01,
  0x01, 0x00, 0x00, 0x00, 0x06, 0x00, 0x05, 0x00, 0x00, 0x0b, 0x00, 0x5d,
  0xba, 0x00, 0x02, 0x00, 0x03, 0x00, 0x03, 0x2b, 0xb8, 0x00, 0x02, 0x10,
  0xb8, 0x00, 0x03, 0x10, 0xb8, 0x00, 0x07, 0xd0, 0xb8, 0x00, 0x02, 0x10,
  0xb8, 0x00, 0x09, 0xd0, 0x00, 0xb8, 0x00, 0x00, 0x45, 0x58, 0xb8, 0x00,
  0x08, 0x2f, 0x1b, 0xb9, 0x00, 0x08, 0x00, 0x05, 0x3e, 0x59, 0xb8, 0x00,
  0x00, 0x45, 0x58, 0xb8, 0x00, 0x02, 0x2f, 0x1b, 0xb9, 0x00, 0x02, 0x00,
  0x01, 0x3e, 0x59, 0xba, 0x00, 0x0b, 0x00, 0x00, 0x00, 0x03, 0x2b, 0xb8,
  0x00, 0x0b, 0x10, 0xb8, 0x00, 0x00, 0x10, 0xb8, 0x00, 0x04, 0xd0, 0xb8,
  0x00, 0x0b, 0x10, 0xb8, 0x00, 0x06, 0xd0, 0x30, 0x31, 0x01, 0x21, 0x11,
  0x21, 0x11, 0x21, 0x11, 0x21, 0x11, 0x21, 0x11, 0x21, 0x06, 0x00, 0xfe,
  0x00, 0xff, 0x00, 0xfe, 0x00, 0x02, 0x00, 0x01, 0x00, 0x02, 0x00, 0x02,
  0x00, 0xfe, 0x00, 0x02, 0x00, 0x01, 0x00, 0x02, 0x00, 0xfe, 0x00, 0x00,
  0x00, 0x01, 0x01, 0x00, 0xff, 0x00, 0x03, 0x00, 0x01, 0x00, 0x00, 0x07,
  0x00, 0x5d, 0xba, 0x00, 0x02, 0x00, 0x03, 0x00, 0x03, 0x2b, 0xb8, 0x00,
  0x02, 0x10, 0xba, 0x00, 0x00, 0x00, 0x01, 0x00, 0x03, 0x2b, 0xb8, 0x00,
  0x00, 0x10, 0xb8, 0x00, 0x02, 0x10, 0xb8, 0x00, 0x05, 0xd0, 0x00, 0xb8,
  0x00, 0x00, 0x45, 0x58, 0xb8, 0x00, 0x02, 0x2f, 0x1b, 0xb9, 0x00, 0x02,
  0x00, 0x03, 0x3e, 0x59, 0xb8, 0x00, 0x00, 0x45, 0x58, 0xb8, 0x00, 0x01,
  0x2f, 0x1b, 0xb9, 0x00, 0x01, 0x00, 0x01, 0x3e, 0x59, 0xb8, 0x00, 0x02,
  0x10, 0xb8, 0x00, 0x00, 0xdc, 0xb8, 0x00, 0x04, 0xd0, 0xb8, 0x00, 0x05,
  0xd0, 0xb8, 0x00, 0x01, 0x10, 0xb8, 0x00, 0x06, 0xdc, 0x30, 0x31, 0x29,
  0x01, 0x11, 0x21, 0x11, 0x21, 0x11, 0x21, 0x03, 0x00, 0xff, 0x00, 0xff,
  0x00, 0x01, 0x00, 0x01, 0x00, 0xff, 0x00, 0x01, 0x00, 0x01, 0x00, 0x00,
  0x00, 0x01, 0x01, 0x00, 0x02, 0x00, 0x06, 0x00, 0x03, 0x00, 0x00, 0x03,
  0x00, 0x0f, 0x00, 0xba, 0x00, 0x03, 0x00, 0x00, 0x00, 0x03, 0x2b, 0xb8,
  0x00, 0x03, 0x10, 0x30, 0x31, 0x01, 0x21, 0x11, 0x21, 0x06, 0x00, 0xfb,
  0x00, 0x05, 0x00, 0x02, 0x00, 0x01, 0x00, 0x00, 0x00, 0x01, 0x01, 0x00,
  0x00, 0x00, 0x02, 0x00, 0x01, 0x00, 0x00, 0x03, 0x00, 0x20, 0xba, 0x00,
  0x00, 0x00, 0x01, 0x00, 0x03, 0x2b, 0x00, 0xb8, 0x00, 0x00, 0x45, 0x58,
  0xb8, 0x00, 0x00, 0x2f, 0x1b, 0xb9, 0x00, 0x00, 0x00, 0x01, 0x3e, 0x59,
  0xb8, 0x00, 0x02, 0xdc, 0x30, 0x31, 0x29, 0x01, 0x11, 0x21, 0x02, 0x00,
  0xff, 0x00, 0x01, 0x00, 0x01, 0x00, 0x00, 0x01, 0x01, 0x00, 0xff, 0x00,
  0x04, 0x00, 0x05, 0x00, 0x00, 0x0b, 0x00, 0xe3, 0xba, 0x00, 0x04, 0x00,
  0x05, 0x00, 0x03, 0x2b, 0xb8, 0x00, 0x04, 0x10, 0xb8, 0x00, 0x03, 0xdc,
  0x41, 0x21, 0x00, 0x00, 0x00, 0x03, 0x00, 0x10, 0x00, 0x03, 0x00, 0x20,
  0x00, 0x03, 0x00, 0x30, 0x00, 0x03, 0x00, 0x40, 0x00, 0x03, 0x00, 0x50,
  0x00, 0x03, 0x00, 0x60, 0x00, 0x03, 0x00, 0x70, 0x00, 0x03, 0x00, 0x80,
  0x00, 0x03, 0x00, 0x90, 0x00, 0x03, 0x00, 0xa0, 0x00, 0x03, 0x00, 0xb0,
  0x00, 0x03, 0x00, 0xc0, 0x00, 0x03, 0x00, 0xd0, 0x00, 0x03, 0x00, 0xe0,
  0x00, 0x03, 0x00, 0xf0, 0x00, 0x03, 0x00, 0x10, 0x5d, 0xb8, 0x00, 0x02,
  0xdc, 0xb8, 0x00, 0x01, 0xdc, 0x41, 0x21, 0x00, 0x00, 0x00, 0x01, 0x00,
  0x10, 0x00, 0x01, 0x00, 0x20, 0x00, 0x01, 0x00, 0x30, 0x00, 0x01, 0x00,
  0x40, 0x00, 0x01, 0x00, 0x50, 0x00, 0x01, 0x00, 0x60, 0x00, 0x01, 0x00,
  0x70, 0x00, 0x01, 0x00, 0x80, 0x00, 0x01, 0x00, 0x90, 0x00, 0x01, 0x00,
  0xa0, 0x00, 0x01, 0x00, 0xb0, 0x00, 0x01, 0x00, 0xc0, 0x00, 0x01, 0x00,
  0xd0, 0x00, 0x01, 0x00, 0xe0, 0x00, 0x01, 0x00, 0xf0, 0x00, 0x01, 0x00,
  0x10, 0x5d, 0xb8, 0x00, 0x00, 0xdc, 0xb8, 0x00, 0x04, 0x10, 0xb8, 0x00,
  0x07, 0xd0, 0xb8, 0x00, 0x02, 0x10, 0xb8, 0x00, 0x09, 0xd0, 0xb8, 0x00,
  0x00, 0x10, 0xb8, 0x00, 0x0d, 0xdc, 0x00, 0xb8, 0x00, 0x00, 0x45, 0x58,
  0xb8, 0x00, 0x0a, 0x2f, 0x1b, 0xb9, 0x00, 0x0a, 0x00, 0x05, 0x3e, 0x59,
  0xb8, 0x00, 0x00, 0x45, 0x58, 0xb8, 0x00, 0x04, 0x2f, 0x1b, 0xb9, 0x00,
  0x04, 0x00, 0x03, 0x3e, 0x59, 0x30, 0x31, 0x01, 0x21, 0x11, 0x21, 0x11,
  0x21, 0x11, 0x21, 0x11, 0x21, 0x11, 0x21, 0x04, 0x00, 0xff, 0x00, 0xff,
  0x00, 0xff, 0x00, 0x01, 0x00, 0x01, 0x00, 0x01, 0x00, 0x03, 0x00, 0xfe,
  0x00, 0xfe, 0x00, 0x02, 0x00, 0x02, 0x00, 0x02, 0x00, 0x00, 0x00, 0x02,
  0x01, 0x00, 0x00, 0x00, 0x06, 0x00, 0x05, 0x00, 0x00, 0x0b, 0x00, 0x0f,
  0x00, 0x5d, 0x00, 0xb8, 0x00, 0x00, 0x45, 0x58, 0xb8, 0x00, 0x08, 0x2f,
  0x1b, 0xb9, 0x00, 0x08, 0x00, 0x05, 0x3e, 0x59, 0xb8, 0x00, 0x00, 0x45,
  0x58, 0xb8, 0x00, 0x02, 0x2f, 0x1b, 0xb9, 0x00, 0x02, 0x00, 0x01, 0x3e,
  0x59, 0xb8, 0x00, 0x00, 0xdc, 0xb8, 0x00, 0x04, 0xd0, 0xb8, 0x00, 0x05,
  0xd0, 0xb8, 0x00, 0x08, 0x10, 0xb8, 0x00, 0x06, 0xdc, 0xb8, 0x00, 0x0a,
  0xd0, 0xb8, 0x00, 0x0b, 0xd0, 0xb8, 0x00, 0x05, 0x10, 0xb8, 0x00, 0x0c,
  0xd0, 0xb8, 0x00, 0x0b, 0x10, 0xb8, 0x00, 0x0d, 0xd0, 0xb8, 0x00, 0x0e,
  0xd0, 0xb8, 0x00, 0x0c, 0x10, 0xb8, 0x00, 0x0f, 0xd0, 0x30, 0x31, 0x01,
  0x21, 0x11, 0x21, 0x11, 0x21, 0x11, 0x21, 0x11, 0x21, 0x11, 0x21, 0x01,
  0x11, 0x21, 0x11, 0x06, 0x00, 0xff, 0x00, 0xfd, 0x00, 0xff, 0x00, 0x01,
  0x00, 0x03, 0x00, 0x01, 0x00, 0xfe, 0x00, 0xff, 0x00, 0x01, 0x00, 0xff,
  0x00, 0x01, 0x00, 0x03, 0x00, 0x01, 0x00, 0xff, 0x00, 0xfd, 0x00, 0x03,
  0x00, 0xfd, 0x00, 0x00, 0x00, 0x01, 0x01, 0x00, 0x00, 0x00, 0x04, 0x00,
  0x05, 0x00, 0x00, 0x05, 0x00, 0x2d, 0x00, 0xb8, 0x00, 0x00, 0x45, 0x58,
  0xb8, 0x00, 0x04, 0x2f, 0x1b, 0xb9, 0x00, 0x04, 0x00, 0x05, 0x3e, 0x59,
  0xb8, 0x00, 0x00, 0x45, 0x58, 0xb8, 0x00, 0x00, 0x2f, 0x1b, 0xb9, 0x00,
  0x00, 0x00, 0x01, 0x3e, 0x59, 0xb8, 0x00, 0x04, 0x10, 0xb8, 0x00, 0x02,
  0xdc, 0x30, 0x31, 0x29, 0x01, 0x11, 0x21, 0x11, 0x21, 0x04, 0x00, 0xfe,
  0x00, 0xff, 0x00, 0x03, 0x00, 0x04, 0x00, 0x01, 0x00, 0x00, 0x00, 0x01,
  0x01, 0x00, 0x00, 0x00, 0x06, 0x00, 0x05, 0x00, 0x00, 0x11, 0x00, 0x61,
  0x00, 0xb8, 0x00, 0x00, 0x45, 0x58, 0xb8, 0x00, 0x08, 0x2f, 0x1b, 0xb9,
  0x00, 0x08, 0x00, 0x05, 0x3e, 0x59, 0xb8, 0x00, 0x00, 0x45, 0x58, 0xb8,
  0x00, 0x00, 0x2f, 0x1b, 0xb9, 0x00, 0x00, 0x00, 0x01, 0x3e, 0x59, 0xba,
  0x00, 0x07, 0x00, 0x04, 0x00, 0x03, 0x2b, 0xb8, 0x00, 0x07, 0x10, 0xb8,
  0x00, 0x04, 0x10, 0xb8, 0x00, 0x03, 0xdc, 0xb8, 0x00, 0x08, 0x10, 0xb8,
  0x00, 0x06, 0xdc, 0xb8, 0x00, 0x0a, 0xd0, 0xb8, 0x00, 0x0b, 0xd0, 0xb8,
  0x00, 0x04, 0x10, 0xb8, 0x00, 0x0c, 0xd0, 0xb8, 0x00, 0x03, 0x10, 0xb8,
  0x00, 0x0e, 0xd0, 0xb8, 0x00, 0x00, 0x10, 0xb8, 0x00, 0x10, 0xdc, 0x30,
  0x31, 0x29, 0x01, 0x11, 0x21, 0x11, 0x21, 0x11, 0x21, 0x11, 0x21, 0x11,
  0x21, 0x11, 0x21, 0x11, 0x21, 0x11, 0x21, 0x06, 0x00, 0xfb, 0x00, 0x01,
  0x00, 0x02, 0x00, 0xfd, 0x00, 0x04, 0x00, 0x01, 0x00, 0xff, 0x00, 0xfe,
  0x00, 0x03, 0x00, 0x02, 0x00, 0x01, 0x00, 0x01, 0x00, 0x01, 0x00, 0xff,
  0x00, 0xff, 0x00, 0xff, 0x00, 0xff, 0x00, 0x00, 0x00, 0x01, 0x01, 0x00,
  0x00, 0x00, 0x06, 0x00, 0x05, 0x00, 0x00, 0x0f, 0x00, 0x51, 0x00, 0xb8,
  0x00, 0x00, 0x45, 0x58, 0xb8, 0x00, 0x0c, 0x2f, 0x1b, 0xb9, 0x00, 0x0c,
  0x00, 0x05, 0x3e, 0x59, 0xb8, 0x00, 0x00, 0x45, 0x58, 0xb8, 0x00, 0x02,
  0x2f, 0x1b, 0xb9, 0x00, 0x02, 0x00, 0x01, 0x3e, 0x59, 0xba, 0x00, 0x09,
  0x00, 0x06, 0x00, 0x03, 0x2b, 0xb8, 0x00, 0x09, 0x10, 0xb8, 0x00, 0x02,
  0x10, 0xb8, 0x00, 0x00, 0xdc, 0xb8, 0x00, 0x04, 0xd0, 0xb8, 0x00, 0x05,
  0xd0, 0xb8, 0x00, 0x0c, 0x10, 0xb8, 0x00, 0x0a, 0xdc, 0xb8, 0x00, 0x0e,
  0xd0, 0xb8, 0x00, 0x0f, 0xd0, 0x30, 0x31, 0x01, 0x21, 0x11, 0x21, 0x11,
  0x21, 0x11, 0x21, 0x11, 0x21, 0x11, 0x21, 0x11, 0x21, 0x11, 0x21, 0x06,
  0x00, 0xff, 0x00, 0xfc, 0x00, 0x03, 0x00, 0xfd, 0x00, 0x03, 0x00, 0xfd,
  0x00, 0x04, 0x00, 0x01, 0x00, 0x01, 0x00, 0xff, 0x00, 0x01, 0x00, 0x01,
  0x00, 0x01, 0x00, 0x01, 0x00, 0x01, 0x00, 0xff, 0x00, 0x00, 0x00, 0x01,
  0x01, 0x00, 0x00, 0x00, 0x06, 0x00, 0x05, 0x00, 0x00, 0x09, 0x00, 0x42,
  0x00, 0xb8, 0x00, 0x00, 0x45, 0x58, 0xb8, 0x00, 0x04, 0x2f, 0x1b, 0xb9,
  0x00, 0x04, 0x00, 0x05, 0x3e, 0x59, 0xb8, 0x00, 0x00, 0x45, 0x58, 0xb8,
  0x00, 0x08, 0x2f, 0x1b, 0xb9, 0x00, 0x08, 0x00, 0x05, 0x3e, 0x59, 0xb8,
  0x00, 0x00, 0x45, 0x58, 0xb8, 0x00, 0x00, 0x2f, 0x1b, 0xb9, 0x00, 0x00,
  0x00, 0x01, 0x3e, 0x59, 0xba, 0x00, 0x07, 0x00, 0x02, 0x00, 0x03, 0x2b,
  0xb8, 0x00, 0x07, 0x10, 0x30, 0x31, 0x29, 0x01, 0x11, 0x21, 0x11, 0x21,
  0x11, 0x21, 0x11, 0x21, 0x06, 0x00, 0xfe, 0x00, 0xfd, 0x00, 0x02, 0x00,
  0x01, 0x00, 0x02, 0x00, 0x02, 0x00, 0x03, 0x00, 0xfe, 0x00, 0x02, 0x00,
  0x00, 0x01, 0x01, 0x00, 0x00, 0x00, 0x06, 0x00, 0x05, 0x00, 0x00, 0x0f,
  0x00, 0x55, 0x00, 0xb8, 0x00, 0x00, 0x45, 0x58, 0xb8, 0x00, 0x08, 0x2f,
  0x1b, 0xb9, 0x00, 0x08, 0x00, 0x05, 0x3e, 0x59, 0xb8, 0x00, 0x00, 0x45,
  0x58, 0xb8, 0x00, 0x02, 0x2f, 0x1b, 0xb9, 0x00, 0x02, 0x00, 0x01, 0x3e,
  0x59, 0xb8, 0x00, 0x00, 0xdc, 0xb8, 0x00, 0x04, 0xd0, 0xb8, 0x00, 0x05,
  0xd0, 0xb8, 0x00, 0x00, 0x10, 0xb8, 0x00, 0x0f, 0xdc, 0xb8, 0x00, 0x06,
  0xd0, 0xb8, 0x00, 0x08, 0x10, 0xb8, 0x00, 0x0a, 0xdc, 0xb8, 0x00, 0x06,
  0x10, 0xb8, 0x00, 0x0c, 0xdc, 0xb8, 0x00, 0x06, 0x10, 0xb8, 0x00, 0x0e,
  0xd0, 0x30, 0x31, 0x01, 0x21, 0x11, 0x21, 0x11, 0x21, 0x11, 0x21, 0x11,
  0x21, 0x11, 0x21, 0x11, 0x21, 0x11, 0x21, 0x06, 0x00, 0xff, 0x00, 0xfc,
  0x00, 0x03, 0x00, 0xfd, 0x00, 0x05, 0x00, 0xfd, 0x00, 0x02, 0x00, 0x01,
  0x00, 0x01, 0x00, 0xff, 0x00, 0x01, 0x00, 0x01, 0x00, 0x03, 0x00, 0xff,
  0x00, 0xff, 0x00, 0xff, 0x00, 0x00, 0x00, 0x02, 0x01, 0x00, 0x00, 0x00,
  0x06, 0x00, 0x05, 0x00, 0x00, 0x0f, 0x00, 0x13, 0x00, 0x79, 0x00, 0xb8,
  0x00, 0x00, 0x45, 0x58, 0xb8, 0x00, 0x08, 0x2f, 0x1b, 0xb9, 0x00, 0x08,
  0x00, 0x05, 0x3e, 0x59, 0xb8, 0x00, 0x00, 0x45, 0x58, 0xb8, 0x00, 0x02,
  0x2f, 0x1b, 0xb9, 0x00, 0x02, 0x00, 0x01, 0x3e, 0x59, 0xba, 0x00, 0x0d,
  0x00, 0x0e, 0x00, 0x03, 0x2b, 0xb8, 0x00, 0x0d, 0x10, 0xb8, 0x00, 0x02,
  0x10, 0xb8, 0x00, 0x00, 0xdc, 0xb8, 0x00, 0x04, 0xd0, 0xb8, 0x00, 0x05,
  0xd0, 0xb8, 0x00, 0x08, 0x10, 0xb8, 0x00, 0x06, 0xdc, 0xb8, 0x00, 0x0a,
  0xd0, 0xb8, 0x00, 0x0b, 0xd0, 0xb8, 0x00, 0x00, 0x10, 0xb8, 0x00, 0x0f,
  0xdc, 0xb8, 0x00, 0x05, 0x10, 0xb8, 0x00, 0x10, 0xd0, 0xb8, 0x00, 0x0f,
  0x10, 0xb8, 0x00, 0x11, 0xd0, 0xb8, 0x00, 0x0e, 0x10, 0xb8, 0x00, 0x12,
  0xd0, 0xb8, 0x00, 0x10, 0x10, 0xb8, 0x00, 0x13, 0xd0, 0x30, 0x31, 0x01,
  0x21, 0x11, 0x21, 0x11, 0x21, 0x11, 0x21, 0x11, 0x21, 0x11, 0x21, 0x11,
  0x21, 0x11, 0x21, 0x01, 0x11, 0x21, 0x11, 0x06, 0x00, 0xff, 0x00, 0xfd,
  0x00, 0xff, 0x00, 0x01, 0x00, 0x04, 0x00, 0xfd, 0x00, 0x02, 0x00, 0x01,
  0x00, 0xfe, 0x00, 0xff, 0x00, 0x01, 0x00, 0xff, 0x00, 0x01, 0x00, 0x03,
  0x00, 0x01, 0x00, 0xff, 0x00, 0xff, 0x00, 0xff, 0x00, 0xff, 0x00, 0x01,
  0x00, 0xff, 0x00, 0x00, 0x00, 0x01, 0x01, 0x00, 0x00, 0x00, 0x06, 0x00,
  0x05, 0x00, 0x00, 0x0d, 0x00, 0x2d, 0x00, 0xb8, 0x00, 0x00, 0x45, 0x58,
  0xb8, 0x00, 0x0c, 0x2f, 0x1b, 0xb9, 0x00, 0x0c, 0x00, 0x05, 0x3e, 0x59,
  0xb8, 0x00, 0x00, 0x45, 0x58, 0xb8, 0x00, 0x04, 0x2f, 0x1b, 0xb9, 0x00,
  0x04, 0x00, 0x01, 0x3e, 0x59, 0xb8, 0x00, 0x0c, 0x10, 0xb8, 0x00, 0x0a,
  0xdc, 0x30, 0x31, 0x01, 0x21, 0x11, 0x21, 0x11, 0x21, 0x11, 0x21, 0x11,
  0x21, 0x11, 0x21, 0x11, 0x21, 0x06, 0x00, 0xff, 0x00, 0xff, 0x00, 0xfe,
  0x00, 0x01, 0x00, 0x01, 0x00, 0xfd, 0x00, 0x05, 0x00, 0x03, 0x00, 0xff,
  0x00, 0xfe, 0x00, 0x02, 0x00, 0x01, 0x00, 0x01, 0x00, 0x01, 0x00, 0x00,
  0x00, 0x03, 0x01, 0x00, 0x00, 0x00, 0x06, 0x00, 0x05, 0x00, 0x00, 0x0b,
  0x00, 0x0f, 0x00, 0x13, 0x00, 0x65, 0x00, 0xb8, 0x00, 0x00, 0x45, 0x58,
  0xb8, 0x00, 0x08, 0x2f, 0x1b, 0xb9, 0x00, 0x08, 0x00, 0x05, 0x3e, 0x59,
  0xb8, 0x00, 0x00, 0x45, 0x58, 0xb8, 0x00, 0x02, 0x2f, 0x1b, 0xb9, 0x00,
  0x02, 0x00, 0x01, 0x3e, 0x59, 0xba, 0x00, 0x0c, 0x00, 0x11, 0x00, 0x03,
  0x2b, 0xb8, 0x00, 0x0c, 0x10, 0xb8, 0x00, 0x02, 0x10, 0xb8, 0x00, 0x00,
  0xdc, 0xb8, 0x00, 0x04, 0xd0, 0xb8, 0x00, 0x05, 0xd0, 0xb8, 0x00, 0x08,
  0x10, 0xb8, 0x00, 0x06, 0xdc, 0xb8, 0x00, 0x0a, 0xd0, 0xb8, 0x00, 0x0b,
  0xd0, 0xb8, 0x00, 0x0d, 0xd0, 0xb8, 0x00, 0x0e, 0xd0, 0xb8, 0x00, 0x05,
  0x10, 0xb8, 0x00, 0x10, 0xd0, 0xb8, 0x00, 0x13, 0xd0, 0x30, 0x31, 0x01,
  0x21, 0x11, 0x21, 0x11, 0x21, 0x11, 0x21, 0x11, 0x21, 0x11, 0x21, 0x01,
  0x11, 0x21, 0x11, 0x01, 0x11, 0x21, 0x11, 0x06, 0x00, 0xff, 0x00, 0xfd,
  0x00, 0xff, 0x00, 0x01, 0x00, 0x03, 0x00, 0x01, 0x00, 0xfe, 0x00, 0xff,
  0x00, 0x01, 0x00, 0xff, 0x00, 0x01, 0x00, 0xff, 0x00, 0x01, 0x00, 0x03,
  0x00, 0x01, 0x00, 0xff, 0x00, 0xff, 0x00, 0x01, 0x00, 0xff, 0x00, 0xfe,
  0x00, 0x01, 0x00, 0xff, 0x00, 0x00, 0x00, 0x02, 0x01, 0x00, 0x00, 0x00,
  0x06, 0x00, 0x05, 0x00, 0x00, 0x0f, 0x00, 0x13, 0x00, 0x65, 0x00, 0xb8,
  0x00, 0x00, 0x45, 0x58, 0xb8, 0x00, 0x0c, 0x2f, 0x1b, 0xb9, 0x00, 0x0c,
  0x00, 0x05, 0x3e, 0x59, 0xb8, 0x00, 0x00, 0x45, 0x58, 0xb8, 0x00, 0x02,
  0x2f, 0x1b, 0xb9, 0x00, 0x02, 0x00, 0x01, 0x3e, 0x59, 0xba, 0x00, 0x0b,
  0x00, 0x08, 0x00, 0x03, 0x2b, 0xb8, 0x00, 0x0b, 0x10, 0xb8, 0x00, 0x02,
  0x10, 0xb8, 0x00, 0x00, 0xdc, 0xb8, 0x00, 0x04, 0xd0, 0xb8, 0x00, 0x05,
  0xd0, 0xb8, 0x00, 0x08, 0x10, 0xb8, 0x00, 0x10, 0xd0, 0xb8, 0x00, 0x06,
  0xdc, 0xb8, 0x00, 0x0c, 0x10, 0xb8, 0x00, 0x0a, 0xdc, 0xb8, 0x00, 0x0e,
  0xd0, 0xb8, 0x00, 0x0f, 0xd0, 0xb8, 0x00, 0x11, 0xd0, 0xb8, 0x00, 0x12,
  0xd0, 0x30, 0x31, 0x01, 0x21, 0x11, 0x21, 0x11, 0x21, 0x11, 0x21, 0x11,
  0x21, 0x11, 0x21, 0x11, 0x21, 0x11, 0x21, 0x01, 0x11, 0x21, 0x11, 0x06,
  0x00, 0xff, 0x00, 0xfc, 0x00, 0x03, 0x00, 0xfe, 0x00, 0xff, 0x00, 0x01,
  0x00, 0x03, 0x00, 0x01, 0x00, 0xfe, 0x00, 0xff, 0x00, 0x01, 0x00, 0xff,
  0x00, 0x01, 0x00, 0x01, 0x00, 0x01, 0x00, 0x01, 0x00, 0x01, 0x00, 0xff,
  0x00, 0xff, 0x00, 0x01, 0x00, 0xff, 0x00, 0x00, 0x00, 0x02, 0x01, 0x00,
  0x00, 0x00, 0x02, 0x00, 0x04, 0x00, 0x00, 0x03, 0x00, 0x07, 0x00, 0x3c,
  0xba, 0x00, 0x00, 0x00, 0x01, 0x00, 0x03, 0x2b, 0xb8, 0x00, 0x04, 0xd0,
  0xb8, 0x00, 0x01, 0x10, 0xb8, 0x00, 0x05, 0xd0, 0x00, 0xb8, 0x00, 0x00,
  0x45, 0x58, 0xb8, 0x00, 0x04, 0x2f, 0x1b, 0xb9, 0x00, 0x04, 0x00, 0x01,
  0x3e, 0x59, 0xba, 0x00, 0x03, 0x00, 0x00, 0x00, 0x03, 0x2b, 0xb8, 0x00,
  0x03, 0x10, 0xb8, 0x00, 0x04, 0x10, 0xb8, 0x00, 0x06, 0xdc, 0x30, 0x31,
  0x01, 0x21, 0x11, 0x21, 0x11, 0x21, 0x11, 0x21, 0x02, 0x00, 0xff, 0x00,
  0x01, 0x00, 0xff, 0x00, 0x01, 0x00, 0x03, 0x00, 0x01, 0x00, 0xfc, 0x00,
  0x01, 0x00, 0x00, 0x02, 0x01, 0x00, 0xff, 0x00, 0x03, 0x00, 0x04, 0x00,
  0x00, 0x03, 0x00, 0x0b, 0x00, 0x6d, 0xba, 0x00, 0x06, 0x00, 0x07, 0x00,
  0x03, 0x2b, 0xb8, 0x00, 0x06, 0x10, 0xba, 0x00, 0x00, 0x00, 0x01, 0x00,
  0x03, 0x2b, 0xb8, 0x00, 0x00, 0x10, 0xb8, 0x00, 0x04, 0xd0, 0xb8, 0x00,
  0x06, 0x10, 0xb8, 0x00, 0x09, 0xd0, 0x00, 0xb8, 0x00, 0x00, 0x45, 0x58,
  0xb8, 0x00, 0x06, 0x2f, 0x1b, 0xb9, 0x00, 0x06, 0x00, 0x03, 0x3e, 0x59,
  0xb8, 0x00, 0x00, 0x45, 0x58, 0xb8, 0x00, 0x05, 0x2f, 0x1b, 0xb9, 0x00,
  0x05, 0x00, 0x01, 0x3e, 0x59, 0xba, 0x00, 0x03, 0x00, 0x00, 0x00, 0x03,
  0x2b, 0xb8, 0x00, 0x03, 0x10, 0xb8, 0x00, 0x06, 0x10, 0xb8, 0x00, 0x04,
  0xdc, 0xb8, 0x00, 0x08, 0xd0, 0xb8, 0x00, 0x09, 0xd0, 0xb8, 0x00, 0x05,
  0x10, 0xb8, 0x00, 0x0a, 0xdc, 0x30, 0x31, 0x01, 0x21, 0x11, 0x21, 0x11,
  0x21, 0x11, 0x21, 0x11, 0x21, 0x11, 0x21, 0x03, 0x00, 0xff, 0x00, 0x01,
  0x00, 0xff, 0x00, 0xff, 0x00, 0x01, 0x00, 0x01, 0x00, 0x03, 0x00, 0x01,
  0x00, 0xfc, 0x00, 0xff, 0x00, 0x01, 0x00, 0x01, 0x00, 0x00, 0x00, 0x01,
  0x01, 0x00, 0x00, 0x00, 0x04, 0x00, 0x05, 0x00, 0x00, 0x13, 0x01, 0x43,
  0xba, 0x00, 0x04, 0x00, 0x05, 0x00, 0x03, 0x2b, 0xb8, 0x00, 0x04, 0x10,
  0xb8, 0x00, 0x03, 0xdc, 0x41, 0x21, 0x00, 0x00, 0x00, 0x03, 0x00, 0x10,
  0x00, 0x03, 0x00, 0x20, 0x00, 0x03, 0x00, 0x30, 0x00, 0x03, 0x00, 0x40,
  0x00, 0x03, 0x00, 0x50, 0x00, 0x03, 0x00, 0x60, 0x00, 0x03, 0x00, 0x70,
  0x00, 0x03, 0x00, 0x80, 0x00, 0x03, 0x00, 0x90, 0x00, 0x03, 0x00, 0xa0,
  0x00, 0x03, 0x00, 0xb0, 0x00, 0x03, 0x00, 0xc0, 0x00, 0x03, 0x00, 0xd0,
  0x00, 0x03, 0x00, 0xe0, 0x00, 0x03, 0x00, 0xf0, 0x00, 0x03, 0x00, 0x10,
  0x5d, 0xb8, 0x00, 0x02, 0xdc, 0xb8, 0x00, 0x01, 0xdc, 0x41, 0x21, 0x00,
  0x00, 0x00, 0x01, 0x00, 0x10, 0x00, 0x01, 0x00, 0x20, 0x00, 0x01, 0x00,
  0x30, 0x00, 0x01, 0x00, 0x40, 0x00, 0x01, 0x00, 0x50, 0x00, 0x01, 0x00,
  0x60, 0x00, 0x01, 0x00, 0x70, 0x00, 0x01, 0x00, 0x80, 0x00, 0x01, 0x00,
  0x90, 0x00, 0x01, 0x00, 0xa0, 0x00, 0x01, 0x00, 0xb0, 0x00, 0x01, 0x00,
  0xc0, 0x00, 0x01, 0x00, 0xd0, 0x00, 0x01, 0x00, 0xe0, 0x00, 0x01, 0x00,
  0xf0, 0x00, 0x01, 0x00, 0x10, 0x5d, 0xb8, 0x00, 0x00, 0xdc, 0xb8, 0x00,
  0x04, 0x10, 0xb8, 0x00, 0x07, 0xd0, 0xb8, 0x00, 0x02, 0x10, 0xb8, 0x00,
  0x09, 0xd0, 0xb8, 0x00, 0x00, 0x10, 0xb8, 0x00, 0x0b, 0xd0, 0xb8, 0x00,
  0x02, 0x10, 0xb8, 0x00, 0x0d, 0xd0, 0xb8, 0x00, 0x04, 0x10, 0xb8, 0x00,
  0x0f, 0xd0, 0xb8, 0x00, 0x02, 0x10, 0xb8, 0x00, 0x11, 0xd0, 0xb8, 0x00,
  0x00, 0x10, 0xb8, 0x00, 0x15, 0xdc, 0x00, 0xb8, 0x00, 0x00, 0x45, 0x58,
  0xb8, 0x00, 0x0a, 0x2f, 0x1b, 0xb9, 0x00, 0x0a, 0x00, 0x05, 0x3e, 0x59,
  0xb8, 0x00, 0x00, 0x45, 0x58, 0xb8, 0x00, 0x00, 0x2f, 0x1b, 0xb9, 0x00,
  0x00, 0x00, 0x01, 0x3e, 0x59, 0xb8, 0x00, 0x02, 0xdc, 0xb8, 0x00, 0x11,
  0xdc, 0xb8, 0x00, 0x04, 0xd0, 0xb8, 0x00, 0x0a, 0x10, 0xb8, 0x00, 0x08,
  0xdc, 0xb8, 0x00, 0x07, 0xdc, 0xb8, 0x00, 0x08, 0x10, 0xb8, 0x00, 0x0c,
  0xd0, 0xb8, 0x00, 0x0d, 0xd0, 0xb8, 0x00, 0x07, 0x10, 0xb8, 0x00, 0x0e,
  0xd0, 0xb8, 0x00, 0x04, 0x10, 0xb8, 0x00, 0x10, 0xd0, 0xb8, 0x00, 0x02,
  0x10, 0xb8, 0x00, 0x12, 0xd0, 0xb8, 0x00, 0x13, 0xd0, 0x30, 0x31, 0x29,
  0x01, 0x11, 0x21, 0x11, 0x21, 0x11, 0x21, 0x11, 0x21, 0x11, 0x21, 0x11,
  0x21, 0x11, 0x21, 0x11, 0x21, 0x11, 0x21, 0x04, 0x00, 0xff, 0x00, 0xff,
  0x00, 0xff, 0x00, 0x01, 0x00, 0x01, 0x00, 0x01, 0x00, 0xff, 0x00, 0xff,
  0x00, 0x01, 0x00, 0x01, 0x00, 0x01, 0x00, 0x01, 0x00, 0x01, 0x00, 0x01,
  0x00, 0x01, 0x00, 0xff, 0x00, 0xff, 0x00, 0xff, 0x00, 0xff, 0x00, 0x00,
  0x00, 0x02, 0x01, 0x00, 0x01, 0x00, 0x06, 0x00, 0x04, 0x00, 0x00, 0x03,
  0x00, 0x07, 0x00, 0x1b, 0x00, 0xba, 0x00, 0x07, 0x00, 0x04, 0x00, 0x03,
  0x2b, 0xb8, 0x00, 0x07, 0x10, 0xba, 0x00, 0x03, 0x00, 0x00, 0x00, 0x03,
  0x2b, 0xb8, 0x00, 0x03, 0x10, 0x30, 0x31, 0x01, 0x21, 0x11, 0x21, 0x11,
  0x21, 0x11, 0x21, 0x06, 0x00, 0xfb, 0x00, 0x05, 0x00, 0xfb, 0x00, 0x05,
  0x00, 0x03, 0x00, 0x01, 0x00, 0xfd, 0x00, 0x01, 0x00, 0x00, 0x00, 0x01,
  0x01, 0x00, 0x00, 0x00, 0x04, 0x00, 0x05, 0x00, 0x00, 0x13, 0x01, 0x57,
  0xba, 0x00, 0x04, 0x00, 0x05, 0x00, 0x03, 0x2b, 0xb8, 0x00, 0x04, 0x10,
  0xb8, 0x00, 0x03, 0xdc, 0x41, 0x21, 0x00, 0x00, 0x00, 0x03, 0x00, 0x10,
  0x00, 0x03, 0x00, 0x20, 0x00, 0x03, 0x00, 0x30, 0x00, 0x03, 0x00, 0x40,
  0x00, 0x03, 0x00, 0x50, 0x00, 0x03, 0x00, 0x60, 0x00, 0x03, 0x00, 0x70,
  0x00, 0x03, 0x00, 0x80, 0x00, 0x03, 0x00, 0x90, 0x00, 0x03, 0x00, 0xa0,
  0x00, 0x03, 0x00, 0xb0, 0x00, 0x03, 0x00, 0xc0, 0x00, 0x03, 0x00, 0xd0,
  0x00, 0x03, 0x00, 0xe0, 0x00, 0x03, 0x00, 0xf0, 0x00, 0x03, 0x00, 0x10,
  0x5d, 0xb8, 0x00, 0x02, 0xdc, 0xb8, 0x00, 0x01, 0xdc, 0x41, 0x21, 0x00,
  0x00, 0x00, 0x01, 0x00, 0x10, 0x00, 0x01, 0x00, 0x20, 0x00, 0x01, 0x00,
  0x30, 0x00, 0x01, 0x00, 0x40, 0x00, 0x01, 0x00, 0x50, 0x00, 0x01, 0x00,
  0x60, 0x00, 0x01, 0x00, 0x70, 0x00, 0x01, 0x00, 0x80, 0x00, 0x01, 0x00,
  0x90, 0x00, 0x01, 0x00, 0xa0, 0x00, 0x01, 0x00, 0xb0, 0x00, 0x01, 0x00,
  0xc0, 0x00, 0x01, 0x00, 0xd0, 0x00, 0x01, 0x00, 0xe0, 0x00, 0x01, 0x00,
  0xf0, 0x00, 0x01, 0x00, 0x10, 0x5d, 0xb8, 0x00, 0x00, 0xdc, 0xb8, 0x00,
  0x04, 0x10, 0xb8, 0x00, 0x07, 0xd0, 0xb8, 0x00, 0x02, 0x10, 0xb8, 0x00,
  0x09, 0xd0, 0xb8, 0x00, 0x04, 0x10, 0xb8, 0x00, 0x0b, 0xd0, 0xb8, 0x00,
  0x05, 0x10, 0xb8, 0x00, 0x0d, 0xd0, 0xb8, 0x00, 0x04, 0x10, 0xb8, 0x00,
  0x0f, 0xd0, 0xb8, 0x00, 0x02, 0x10, 0xb8, 0x00, 0x11, 0xd0, 0xb8, 0x00,
  0x00, 0x10, 0xb8, 0x00, 0x15, 0xdc, 0x00, 0xb8, 0x00, 0x00, 0x45, 0x58,
  0xb8, 0x00, 0x0e, 0x2f, 0x1b, 0xb9, 0x00, 0x0e, 0x00, 0x05, 0x3e, 0x59,
  0xb8, 0x00, 0x00, 0x45, 0x58, 0xb8, 0x00, 0x04, 0x2f, 0x1b, 0xb9, 0x00,
  0x04, 0x00, 0x01, 0x3e, 0x59, 0xb8, 0x00, 0x0e, 0x10, 0xb8, 0x00, 0x0c,
  0xdc, 0xb8, 0x00, 0x10, 0xd0, 0xb8, 0x00, 0x11, 0xd0, 0xb8, 0x00, 0x0a,
  0xdc, 0xb8, 0x00, 0x13, 0xd0, 0xb8, 0x00, 0x00, 0xdc, 0xb8, 0x00, 0x04,
  0x10, 0xb8, 0x00, 0x02, 0xdc, 0xb8, 0x00, 0x01, 0xdc, 0xb8, 0x00, 0x02,
  0x10, 0xb8, 0x00, 0x06, 0xd0, 0xb8, 0x00, 0x07, 0xd0, 0xb8, 0x00, 0x01,
  0x10, 0xb8, 0x00, 0x08, 0xd0, 0xb8, 0x00, 0x00, 0x10, 0xb8, 0x00, 0x09,
  0xd0, 0xb8, 0x00, 0x13, 0x10, 0xb8, 0x00, 0x0b, 0xd0, 0xb8, 0x00, 0x11,
  0x10, 0xb8, 0x00, 0x0d, 0xd0, 0x30, 0x31, 0x01, 0x21, 0x11, 0x21, 0x11,
  0x21, 0x11, 0x21, 0x11, 0x21, 0x11, 0x21, 0x11, 0x21, 0x11, 0x21, 0x11,
  0x21, 0x11, 0x21, 0x04, 0x00, 0xff, 0x00, 0xff, 0x00, 0xff, 0x00, 0x01,
  0x00, 0x01, 0x00, 0xff, 0x00, 0xff, 0x00, 0x01, 0x00, 0x01, 0x00, 0x01,
  0x00, 0x02, 0x00, 0xff, 0x00, 0xff, 0x00, 0x01, 0x00, 0x01, 0x00, 0x01,
  0x00, 0x01, 0x00, 0x01, 0x00, 0xff, 0x00, 0xff, 0x00, 0x00, 0x00, 0x02,
  0x01, 0x00, 0x00, 0x00, 0x05, 0x00, 0x05, 0x00, 0x00, 0x0b, 0x00, 0x0f,
  0x00, 0x61, 0x00, 0xb8, 0x00, 0x00, 0x45, 0x58, 0xb8, 0x00, 0x08, 0x2f,
  0x1b, 0xb9, 0x00, 0x08, 0x00, 0x05, 0x3e, 0x59, 0xb8, 0x00, 0x00, 0x45,
  0x58, 0xb8, 0x00, 0x0c, 0x2f, 0x1b, 0xb9, 0x00, 0x0c, 0x00, 0x01, 0x3e,
  0x59, 0xba, 0x00, 0x01, 0x00, 0x02, 0x00, 0x03, 0x2b, 0xb8, 0x00, 0x01,
  0x10, 0xb8, 0x00, 0x08, 0x10, 0xb8, 0x00, 0x06, 0xdc, 0xb8, 0x00, 0x0a,
  0xd0, 0xb8, 0x00, 0x0b, 0xd0, 0xb8, 0x00, 0x00, 0xdc, 0xb8, 0x00, 0x04,
  0xd0, 0xb8, 0x00, 0x01, 0x10, 0xb8, 0x00, 0x05, 0xd0, 0xb8, 0x00, 0x0b,
  0x10, 0xb8, 0x00, 0x07, 0xd0, 0xb8, 0x00, 0x0c, 0x10, 0xb8, 0x00, 0x0e,
  0xdc, 0x30, 0x31, 0x01, 0x21, 0x11, 0x21, 0x11, 0x21, 0x11, 0x21, 0x11,
  0x21, 0x11, 0x21, 0x01, 0x21, 0x11, 0x21, 0x05, 0x00, 0xff, 0x00, 0xfe,
  0x00, 0x01, 0x00, 0xfe, 0x00, 0x03, 0x00, 0x01, 0x00, 0xff, 0x00, 0xfe,
  0x00, 0x02, 0x00, 0x03, 0x00, 0xff, 0x00, 0x01, 0x00, 0x01, 0x00, 0x01,
  0x00, 0xff, 0x00, 0xfc, 0x00, 0x01, 0x00, 0x00, 0x00, 0x01, 0x01, 0x00,
  0x00, 0x00, 0x06, 0x00, 0x05, 0x00, 0x00, 0x0f, 0x00, 0x4d, 0x00, 0xb8,
  0x00, 0x00, 0x45, 0x58, 0xb8, 0x00, 0x06, 0x2f, 0x1b, 0xb9, 0x00, 0x06,
  0x00, 0x05, 0x3e, 0x59, 0xb8, 0x00, 0x00, 0x45, 0x58, 0xb8, 0x00, 0x00,
  0x2f, 0x1b, 0xb9, 0x00, 0x00, 0x00, 0x01, 0x3e, 0x59, 0xba, 0x00, 0x09,
  0x00, 0x0a, 0x00, 0x03, 0x2b, 0xb8, 0x00, 0x09, 0x10, 0xb8, 0x00, 0x00,
  0x10, 0xb8, 0x00, 0x02, 0xdc, 0xb8, 0x00, 0x09, 0x10, 0xb8, 0x00, 0x04,
  0xd0, 0xb8, 0x00, 0x02, 0x10, 0xb8, 0x00, 0x0e, 0xd0, 0xb8, 0x00, 0x0f,
  0xd0, 0x30, 0x31, 0x29, 0x01, 0x11, 0x21, 0x11, 0x21, 0x11, 0x21, 0x11,
  0x21, 0x11, 0x21, 0x11, 0x21, 0x11, 0x21, 0x06, 0x00, 0xfc, 0x00, 0xff,
  0x00, 0x01, 0x00, 0x03, 0x00, 0x01, 0x00, 0xff, 0x00, 0xfe, 0x00, 0x03,
  0x00, 0x01, 0x00, 0x03, 0x00, 0x01, 0x00, 0xff, 0x00, 0xff, 0x00, 0xff,
  0x00, 0xff, 0x00, 0x00, 0x00, 0x02, 0x01, 0x00, 0x00, 0x00, 0x06, 0x00,
  0x05, 0x00, 0x00, 0x0b, 0x00, 0x0f, 0x00, 0x5a, 0x00, 0xb8, 0x00, 0x00,
  0x45, 0x58, 0xb8, 0x00, 0x08, 0x2f, 0x1b, 0xb9, 0x00, 0x08, 0x00, 0x05,
  0x3e, 0x59, 0xb8, 0x00, 0x00, 0x45, 0x58, 0xb8, 0x00, 0x00, 0x2f, 0x1b,
  0xb9, 0x00, 0x00, 0x00, 0x01, 0x3e, 0x59, 0xb8, 0x00, 0x00, 0x45, 0x58,
  0xb8, 0x00, 0x04, 0x2f, 0x1b, 0xb9, 0x00, 0x04, 0x00, 0x01, 0x3e, 0x59,
  0xba, 0x00, 0x0c, 0x00, 0x02, 0x00, 0x03, 0x2b, 0xb8, 0x00, 0x0c, 0x10,
  0xb8, 0x00, 0x08, 0x10, 0xb8, 0x00, 0x06, 0xdc, 0xb8, 0x00, 0x0a, 0xd0,
  0xb8, 0x00, 0x0b, 0xd0, 0xb8, 0x00, 0x0d, 0xd0, 0xb8, 0x00, 0x0e, 0xd0,
  0x30, 0x31, 0x29, 0x01, 0x11, 0x21, 0x11, 0x21, 0x11, 0x21, 0x11, 0x21,
  0x11, 0x21, 0x01, 0x11, 0x21, 0x11, 0x06, 0x00, 0xfe, 0x00, 0xff, 0x00,
  0xfe, 0x00, 0x01, 0x00, 0x03, 0x00, 0x01, 0x00, 0xfe, 0x00, 0xff, 0x00,
  0x02, 0x00, 0xfe, 0x00, 0x04, 0x00, 0x01, 0x00, 0xff, 0x00, 0xff, 0x00,
  0x01, 0x00, 0xff, 0x00, 0x00, 0x03, 0x01, 0x00, 0x00, 0x00, 0x06, 0x00,
  0x05, 0x00, 0x00, 0x07, 0x00, 0x0b, 0x00, 0x0f, 0x00, 0x55, 0x00, 0xb8,
  0x00, 0x00, 0x45, 0x58, 0xb8, 0x00, 0x04, 0x2f, 0x1b, 0xb9, 0x00, 0x04,
  0x00, 0x05, 0x3e, 0x59, 0xb8, 0x00, 0x00, 0x45, 0x58, 0xb8, 0x00, 0x02,
  0x2f, 0x1b, 0xb9, 0x00, 0x02, 0x00, 0x01, 0x3e, 0x59, 0xba, 0x00, 0x08,
  0x00, 0x0d, 0x00, 0x03, 0x2b, 0xb8, 0x00, 0x08, 0x10, 0xb8, 0x00, 0x02,
  0x10, 0xb8, 0x00, 0x00, 0xdc, 0xb8, 0x00, 0x04, 0x10, 0xb8, 0x00, 0x06,
  0xdc, 0xb8, 0x00, 0x09, 0xd0, 0xb8, 0x00, 0x0a, 0xd0, 0xb8, 0x00, 0x00,
  0x10, 0xb8, 0x00, 0x0c, 0xd0, 0xb8, 0x00, 0x0f, 0xd0, 0x30, 0x31, 0x01,
  0x21, 0x11, 0x21, 0x11, 0x21, 0x11, 0x21, 0x01, 0x11, 0x21, 0x11, 0x01,
  0x11, 0x21, 0x11, 0x06, 0x00, 0xff, 0x00, 0xfc, 0x00, 0x04, 0x00, 0x01,
  0x00, 0xfe, 0x00, 0xff, 0x00, 0x01, 0x00, 0xff, 0x00, 0x01, 0x00, 0xff,
  0x00, 0x05, 0x00, 0xff, 0x00, 0xff, 0x00, 0x01, 0x00, 0xff, 0x00, 0xfe,
  0x00, 0x01, 0x00, 0xff, 0x00, 0x00, 0x00, 0x01, 0x01, 0x00, 0x00, 0x00,
  0x06, 0x00, 0x05, 0x00, 0x00, 0x13, 0x00, 0x6d, 0x00, 0xb8, 0x00, 0x00,
  0x45, 0x58, 0xb8, 0x00, 0x08, 0x2f, 0x1b, 0xb9, 0x00, 0x08, 0x00, 0x05,
  0x3e, 0x59, 0xb8, 0x00, 0x00, 0x45, 0x58, 0xb8, 0x00, 0x02, 0x2f, 0x1b,
  0xb9, 0x00, 0x02, 0x00, 0x01, 0x3e, 0x59, 0xb8, 0x00, 0x00, 0xdc, 0xb8,
  0x00, 0x04, 0xd0, 0xb8, 0x00, 0x05, 0xd0, 0xb8, 0x00, 0x08, 0x10, 0xb8,
  0x00, 0x06, 0xdc, 0xb8, 0x00, 0x0a, 0xd0, 0xb8, 0x00, 0x0b, 0xd0, 0xb8,
  0x00, 0x07, 0xd0, 0xb8, 0x00, 0x0b, 0x10, 0xb8, 0x00, 0x0c, 0xdc, 0xb8,
  0x00, 0x0b, 0x10, 0xb8, 0x00, 0x0e, 0xd0, 0xb8, 0x00, 0x0f, 0xd0, 0xb8,
  0x00, 0x05, 0x10, 0xb8, 0x00, 0x10, 0xd0, 0xb8, 0x00, 0x11, 0xd0, 0xb8,
  0x00, 0x00, 0x10, 0xb8, 0x00, 0x13, 0xdc, 0x30, 0x31, 0x01, 0x21, 0x11,
  0x21, 0x11, 0x21, 0x11, 0x21, 0x11, 0x21, 0x11, 0x21, 0x11, 0x21, 0x11,
  0x21, 0x11, 0x21, 0x11, 0x21, 0x06, 0x00, 0xff, 0x00, 0xfd, 0x00, 0xff,
  0x00, 0x01, 0x00, 0x03, 0x00, 0x01, 0x00, 0xfe, 0x00, 0xff, 0x00, 0x01,
  0x00, 0x02, 0x00, 0x01, 0x00, 0xff, 0x00, 0x01, 0x00, 0x03, 0x00, 0x01,
  0x00, 0xff, 0x00, 0xff, 0x00, 0x01, 0x00, 0xfd, 0x00, 0x01, 0x00, 0x00,
  0x00, 0x02, 0x01, 0x00, 0x00, 0x00, 0x06, 0x00, 0x05, 0x00, 0x00, 0x07,
  0x00, 0x0b, 0x00, 0x4d, 0x00, 0xb8, 0x00, 0x00, 0x45, 0x58, 0xb8, 0x00,
  0x04, 0x2f, 0x1b, 0xb9, 0x00, 0x04, 0x00, 0x05, 0x3e, 0x59, 0xb8, 0x00,
  0x00, 0x45, 0x58, 0xb8, 0x00, 0x02, 0x2f, 0x1b, 0xb9, 0x00, 0x02, 0x00,
  0x01, 0x3e, 0x59, 0xb8, 0x00, 0x00, 0xdc, 0xb8, 0x00, 0x04, 0x10, 0xb8,
  0x00, 0x06, 0xdc, 0xb8, 0x00, 0x00, 0x10, 0xb8, 0x00, 0x08, 0xd0, 0xb8,
  0x00, 0x06, 0x10, 0xb8, 0x00, 0x09, 0xd0, 0xb8, 0x00, 0x0a, 0xd0, 0xb8,
  0x00, 0x08, 0x10, 0xb8, 0x00, 0x0b, 0xd0, 0x30, 0x31, 0x01, 0x21, 0x11,
  0x21, 0x11, 0x21, 0x11, 0x21, 0x01, 0x11, 0x21, 0x11, 0x06, 0x00, 0xff,
  0x00, 0xfc, 0x00, 0x04, 0x00, 0x01, 0x00, 0xfe, 0x00, 0xff, 0x00, 0x01,
  0x00, 0xff, 0x00, 0x05, 0x00, 0xff, 0x00, 0xfd, 0x00, 0x03, 0x00, 0xfd,
  0x00, 0x00, 0x00, 0x01, 0x01, 0x00, 0x00, 0x00, 0x06, 0x00, 0x05, 0x00,
  0x00, 0x0b, 0x00, 0x41, 0x00, 0xb8, 0x00, 0x00, 0x45, 0x58, 0xb8, 0x00,
  0x02, 0x2f, 0x1b, 0xb9, 0x00, 0x02, 0x00, 0x05, 0x3e, 0x59, 0xb8, 0x00,
  0x00, 0x45, 0x58, 0xb8, 0x00, 0x00, 0x2f, 0x1b, 0xb9, 0x00, 0x00, 0x00,
  0x01, 0x3e, 0x59, 0xba, 0x00, 0x07, 0x00, 0x08, 0x00, 0x03, 0x2b, 0xb8,
  0x00, 0x07, 0x10, 0xb8, 0x00, 0x02, 0x10, 0xb8, 0x00, 0x04, 0xdc, 0xb8,
  0x00, 0x00, 0x10, 0xb8, 0x00, 0x0a, 0xdc, 0x30, 0x31, 0x29, 0x01, 0x11,
  0x21, 0x11, 0x21, 0x11, 0x21, 0x11, 0x21, 0x11, 0x21, 0x06, 0x00, 0xfb,
  0x00, 0x05, 0x00, 0xfd, 0x00, 0x03, 0x00, 0xfd, 0x00, 0x03, 0x00, 0x05,
  0x00, 0xff, 0x00, 0xff, 0x00, 0xff, 0x00, 0xff, 0x00, 0x00, 0x00, 0x01,
  0x01, 0x00, 0x00, 0x00, 0x06, 0x00, 0x05, 0x00, 0x00, 0x09, 0x00, 0x39,
  0x00, 0xb8, 0x00, 0x00, 0x45, 0x58, 0xb8, 0x00, 0x04, 0x2f, 0x1b, 0xb9,
  0x00, 0x04, 0x00, 0x05, 0x3e, 0x59, 0xb8, 0x00, 0x00, 0x45, 0x58, 0xb8,
  0x00, 0x02, 0x2f, 0x1b, 0xb9, 0x00, 0x02, 0x00, 0x01, 0x3e, 0x59, 0xba,
  0x00, 0x09, 0x00, 0x00, 0x00, 0x03, 0x2b, 0xb8, 0x00, 0x09, 0x10, 0xb8,
  0x00, 0x04, 0x10, 0xb8, 0x00, 0x06, 0xdc, 0x30, 0x31, 0x01, 0x21, 0x11,
  0x21, 0x11, 0x21, 0x11, 0x21, 0x11, 0x21, 0x06, 0x00, 0xfd, 0x00, 0xfe,
  0x00, 0x05, 0x00, 0xfd, 0x00, 0x03, 0x00, 0x02, 0x00, 0xfe, 0x00, 0x05,
  0x00, 0xff, 0x00, 0xff, 0x00, 0x00, 0x00, 0x01, 0x01, 0x00, 0x00, 0x00,
  0x06, 0x00, 0x05, 0x00, 0x00, 0x0d, 0x00, 0x45, 0x00, 0xb8, 0x00, 0x00,
  0x45, 0x58, 0xb8, 0x00, 0x06, 0x2f, 0x1b, 0xb9, 0x00, 0x06, 0x00, 0x05,
  0x3e, 0x59, 0xb8, 0x00, 0x00, 0x45, 0x58, 0xb8, 0x00, 0x00, 0x2f, 0x1b,
  0xb9, 0x00, 0x00, 0x00, 0x01, 0x3e, 0x59, 0xb8, 0x00, 0x02, 0xdc, 0xb8,
  0x00, 0x06, 0x10, 0xb8, 0x00, 0x04, 0xdc, 0xb8, 0x00, 0x08, 0xd0, 0xb8,
  0x00, 0x09, 0xd0, 0xb8, 0x00, 0x02, 0x10, 0xb8, 0x00, 0x0a, 0xd0, 0xb8,
  0x00, 0x0b, 0xd0, 0x30, 0x31, 0x29, 0x01, 0x11, 0x21, 0x11, 0x21, 0x11,
  0x21, 0x11, 0x21, 0x11, 0x21, 0x11, 0x21, 0x06, 0x00, 0xfc, 0x00, 0xff,
  0x00, 0x01, 0x00, 0x04, 0x00, 0xfd, 0x00, 0x01, 0x00, 0x02, 0x00, 0x01,
  0x00, 0x03, 0x00, 0x01, 0x00, 0xff, 0x00, 0xfd, 0x00, 0x02, 0x00, 0x00,
  0x00, 0x01, 0x01, 0x00, 0x00, 0x00, 0x06, 0x00, 0x05, 0x00, 0x00, 0x0b,
  0x00, 0x53, 0x00, 0xb8, 0x00, 0x00, 0x45, 0x58, 0xb8, 0x00, 0x06, 0x2f,
  0x1b, 0xb9, 0x00, 0x06, 0x00, 0x05, 0x3e, 0x59, 0xb8, 0x00, 0x00, 0x45,
  0x58, 0xb8, 0x00, 0x0a, 0x2f, 0x1b, 0xb9, 0x00, 0x0a, 0x00, 0x05, 0x3e,
  0x59, 0xb8, 0x00, 0x00, 0x45, 0x58, 0xb8, 0x00, 0x00, 0x2f, 0x1b, 0xb9,
  0x00, 0x00, 0x00, 0x01, 0x3e, 0x59, 0xb8, 0x00, 0x00, 0x45, 0x58, 0xb8,
  0x00, 0x04, 0x2f, 0x1b, 0xb9, 0x00, 0x04, 0x00, 0x01, 0x3e, 0x59, 0xba,
  0x00, 0x09, 0x00, 0x02, 0x00, 0x03, 0x2b, 0xb8, 0x00, 0x09, 0x10, 0x30,
  0x31, 0x29, 0x01, 0x11, 0x21, 0x11, 0x21, 0x11, 0x21, 0x11, 0x21, 0x11,
  0x21, 0x06, 0x00, 0xfe, 0x00, 0xff, 0x00, 0xfe, 0x00, 0x02, 0x00, 0x01,
  0x00, 0x02, 0x00, 0x02, 0x00, 0xfe, 0x00, 0x05, 0x00, 0xfe, 0x00, 0x02,
  0x00, 0x00, 0x00, 0x01, 0x01, 0x00, 0x00, 0x00, 0x05, 0x00, 0x05, 0x00,
  0x00, 0x0b, 0x00, 0x45, 0x00, 0xb8, 0x00, 0x00, 0x45, 0x58, 0xb8, 0x00,
  0x06, 0x2f, 0x1b, 0xb9, 0x00, 0x06, 0x00, 0x05, 0x3e, 0x59, 0xb8, 0x00,
  0x00, 0x45, 0x58, 0xb8, 0x00, 0x00, 0x2f, 0x1b, 0xb9, 0x00, 0x00, 0x00,
  0x01, 0x3e, 0x59, 0xb8, 0x00, 0x02, 0xdc, 0xb8, 0x00, 0x06, 0x10, 0xb8,
  0x00, 0x04, 0xdc, 0xb8, 0x00, 0x08, 0xd0, 0xb8, 0x00, 0x09, 0xd0, 0xb8,
  0x00, 0x02, 0x10, 0xb8, 0x00, 0x0a, 0xd0, 0xb8, 0x00, 0x0b, 0xd0, 0x30,
  0x31, 0x29, 0x01, 0x11, 0x21, 0x11, 0x21, 0x11, 0x21, 0x11, 0x21, 0x11,
  0x21, 0x05, 0x00, 0xfc, 0x00, 0x01, 0x00, 0xff, 0x00, 0x04, 0x00, 0xff,
  0x00, 0x01, 0x00, 0x01, 0x00, 0x03, 0x00, 0x01, 0x00, 0xff, 0x00, 0xfd,
  0x00, 0x00, 0x00, 0x01, 0x01, 0x00, 0x00, 0x00, 0x06, 0x00, 0x05, 0x00,
  0x00, 0x0d, 0x00, 0x51, 0x00, 0xb8, 0x00, 0x00, 0x45, 0x58, 0xb8, 0x00,
  0x0c, 0x2f, 0x1b, 0xb9, 0x00, 0x0c, 0x00, 0x05, 0x3e, 0x59, 0xb8, 0x00,
  0x00, 0x45, 0x58, 0xb8, 0x00, 0x02, 0x2f, 0x1b, 0xb9, 0x00, 0x02, 0x00,
  0x01, 0x3e, 0x59, 0xb8, 0x00, 0x00, 0xdc, 0xb8, 0x00, 0x04, 0xd0, 0xb8,
  0x00, 0x05, 0xd0, 0xb8, 0x00, 0x08, 0xd0, 0xb8, 0x00, 0x01, 0xd0, 0xb8,
  0x00, 0x08, 0x10, 0xb8, 0x00, 0x07, 0xdc, 0xb8, 0x00, 0x08, 0x10, 0xb8,
  0x00, 0x09, 0xd0, 0xb8, 0x00, 0x0c, 0x10, 0xb8, 0x00, 0x0a, 0xdc, 0x30,
  0x31, 0x01, 0x21, 0x11, 0x21, 0x11, 0x21, 0x11, 0x21, 0x11, 0x21, 0x11,
  0x21, 0x11, 0x21, 0x06, 0x00, 0xff, 0x00, 0xfd, 0x00, 0xff, 0x00, 0x02,
  0x00, 0x01, 0x00, 0xff, 0x00, 0x03, 0x00, 0x01, 0x00, 0xff, 0x00, 0x01,
  0x00, 0x01, 0x00, 0xff, 0x00, 0x03, 0x00, 0x01, 0x00, 0x00, 0x00, 0x01,
  0x01, 0x00, 0x00, 0x00, 0x06, 0x00, 0x05, 0x00, 0x00, 0x13, 0x00, 0x67,
  0x00, 0xb8, 0x00, 0x00, 0x45, 0x58, 0xb8, 0x00, 0x06, 0x2f, 0x1b, 0xb9,
  0x00, 0x06, 0x00, 0x05, 0x3e, 0x59, 0xb8, 0x00, 0x00, 0x45, 0x58, 0xb8,
  0x00, 0x0a, 0x2f, 0x1b, 0xb9, 0x00, 0x0a, 0x00, 0x05, 0x3e, 0x59, 0xb8,
  0x00, 0x00, 0x45, 0x58, 0xb8, 0x00, 0x00, 0x2f, 0x1b, 0xb9, 0x00, 0x00,
  0x00, 0x01, 0x3e, 0x59, 0xb8, 0x00, 0x00, 0x45, 0x58, 0xb8, 0x00, 0x04,
  0x2f, 0x1b, 0xb9, 0x00, 0x04, 0x00, 0x01, 0x3e, 0x59, 0xb8, 0x00, 0x02,
  0xdc, 0xb8, 0x00, 0x0a, 0x10, 0xb8, 0x00, 0x08, 0xdc, 0xb8, 0x00, 0x0c,
  0xd0, 0xb8, 0x00, 0x0d, 0xd0, 0xb8, 0x00, 0x02, 0x10, 0xb8, 0x00, 0x12,
  0xd0, 0xb8, 0x00, 0x13, 0xd0, 0x30, 0x31, 0x29, 0x01, 0x11, 0x21, 0x11,
  0x21, 0x11, 0x21, 0x11, 0x21, 0x11, 0x21, 0x11, 0x21, 0x11, 0x21, 0x11,
  0x21, 0x11, 0x21, 0x06, 0x00, 0xfe, 0x00, 0xff, 0x00, 0xfe, 0x00, 0x02,
  0x00, 0x01, 0x00, 0x02, 0x00, 0xff, 0x00, 0xff, 0x00, 0x01, 0x00, 0x01,
  0x00, 0x01, 0x00, 0xff, 0x00, 0x05, 0x00, 0xff, 0x00, 0x01, 0x00, 0xff,
  0x00, 0xff, 0x00, 0xff, 0x00, 0xff, 0x00, 0x00, 0x00, 0x01, 0x01, 0x00,
  0x00, 0x00, 0x06, 0x00, 0x05, 0x00, 0x00, 0x05, 0x00, 0x29, 0x00, 0xb8,
  0x00, 0x00, 0x45, 0x58, 0xb8, 0x00, 0x02, 0x2f, 0x1b, 0xb9, 0x00, 0x02,
  0x00, 0x05, 0x3e, 0x59, 0xb8, 0x00, 0x00, 0x45, 0x58, 0xb8, 0x00, 0x00,
  0x2f, 0x1b, 0xb9, 0x00, 0x00, 0x00, 0x01, 0x3e, 0x59, 0xb8, 0x00, 0x04,
  0xdc, 0x30, 0x31, 0x29, 0x01, 0x11, 0x21, 0x11, 0x21, 0x06, 0x00, 0xfb,
  0x00, 0x02, 0x00, 0x03, 0x00, 0x05, 0x00, 0xfc, 0x00, 0x00, 0x00, 0x01,
  0x01, 0x00, 0x00, 0x00, 0x06, 0x00, 0x05, 0x00, 0x00, 0x0f, 0x00, 0x6b,
  0xba, 0x00, 0x08, 0x00, 0x06, 0x00, 0x03, 0x2b, 0xb8, 0x00, 0x08, 0x10,
  0xba, 0x00, 0x0f, 0x00, 0x0e, 0x00, 0x03, 0x2b, 0xb8, 0x00, 0x0f, 0x10,
  0x00, 0xb8, 0x00, 0x00, 0x45, 0x58, 0xb8, 0x00, 0x06, 0x2f, 0x1b, 0xb9,
  0x00, 0x06, 0x00, 0x05, 0x3e, 0x59, 0xb8, 0x00, 0x00, 0x45, 0x58, 0xb8,
  0x00, 0x0e, 0x2f, 0x1b, 0xb9, 0x00, 0x0e, 0x00, 0x05, 0x3e, 0x59, 0xb8,
  0x00, 0x00, 0x45, 0x58, 0xb8, 0x00, 0x00, 0x2f, 0x1b, 0xb9, 0x00, 0x00,
  0x00, 0x01, 0x3e, 0x59, 0xb8, 0x00, 0x00, 0x45, 0x58, 0xb8, 0x00, 0x04,
  0x2f, 0x1b, 0xb9, 0x00, 0x04, 0x00, 0x01, 0x3e, 0x59, 0xba, 0x00, 0x0b,
  0x00, 0x02, 0x00, 0x03, 0x2b, 0xb8, 0x00, 0x0b, 0x10, 0x30, 0x31, 0x29,
  0x01, 0x11, 0x21, 0x11, 0x21, 0x11, 0x21, 0x11, 0x21, 0x11, 0x21, 0x11,
  0x21, 0x11, 0x21, 0x06, 0x00, 0xfe, 0x00, 0xff, 0x00, 0xfe, 0x00, 0x01,
  0x00, 0x01, 0x00, 0x01, 0x00, 0x01, 0x00, 0x01, 0x00, 0x02, 0x00, 0xfe,
  0x00, 0x05, 0x00, 0xff, 0x00, 0xff, 0x00, 0x01, 0x00, 0x01, 0x00, 0x00,
  0x00, 0x01, 0x01, 0x00, 0x00, 0x00, 0x06, 0x00, 0x05, 0x00, 0x00, 0x0f,
  0x00, 0x6b, 0xba, 0x00, 0x0a, 0x00, 0x08, 0x00, 0x03, 0x2b, 0xb8, 0x00,
  0x0a, 0x10, 0xba, 0x00, 0x00, 0x00, 0x01, 0x00, 0x03, 0x2b, 0xb8, 0x00,
  0x00, 0x10, 0x00, 0xb8, 0x00, 0x00, 0x45, 0x58, 0xb8, 0x00, 0x08, 0x2f,
  0x1b, 0xb9, 0x00, 0x08, 0x00, 0x05, 0x3e, 0x59, 0xb8, 0x00, 0x00, 0x45,
  0x58, 0xb8, 0x00, 0x0e, 0x2f, 0x1b, 0xb9, 0x00, 0x0e, 0x00, 0x05, 0x3e,
  0x59, 0xb8, 0x00, 0x00, 0x45, 0x58, 0xb8, 0x00, 0x00, 0x2f, 0x1b, 0xb9,
  0x00, 0x00, 0x00, 0x01, 0x3e, 0x59, 0xb8, 0x00, 0x00, 0x45, 0x58, 0xb8,
  0x00, 0x06, 0x2f, 0x1b, 0xb9, 0x00, 0x06, 0x00, 0x01, 0x3e, 0x59, 0xba,
  0x00, 0x0d, 0x00, 0x04, 0x00, 0x03, 0x2b, 0xb8, 0x00, 0x0d, 0x10, 0x30,
  0x31, 0x29, 0x01, 0x11, 0x21, 0x11, 0x21, 0x11, 0x21, 0x11, 0x21, 0x11,
  0x21, 0x11, 0x21, 0x11, 0x21, 0x06, 0x00, 0xff, 0x00, 0xff, 0x00, 0xff,
  0x00, 0xfe, 0x00, 0x01, 0x00, 0x01, 0x00, 0x01, 0x00, 0x02, 0x00, 0x01,
  0x00, 0x01, 0x00, 0xfe, 0x00, 0x05, 0x00, 0xff, 0x00, 0xff, 0x00, 0x02,
  0x00, 0x00, 0x00, 0x02, 0x01, 0x00, 0x00, 0x00, 0x06, 0x00, 0x05, 0x00,
  0x00, 0x0b, 0x00, 0x0f, 0x00, 0x5d, 0x00, 0xb8, 0x00, 0x00, 0x45, 0x58,
  0xb8, 0x00, 0x08, 0x2f, 0x1b, 0xb9, 0x00, 0x08, 0x00, 0x05, 0x3e, 0x59,
  0xb8, 0x00, 0x00, 0x45, 0x58, 0xb8, 0x00, 0x02, 0x2f, 0x1b, 0xb9, 0x00,
  0x02, 0x00, 0x01, 0x3e, 0x59, 0xb8, 0x00, 0x00, 0xdc, 0xb8, 0x00, 0x04,
  0xd0, 0xb8, 0x00, 0x05, 0xd0, 0xb8, 0x00, 0x08, 0x10, 0xb8, 0x00, 0x06,
  0xdc, 0xb8, 0x00, 0x0a, 0xd0, 0xb8, 0x00, 0x0b, 0xd0, 0xb8, 0x00, 0x05,
  0x10, 0xb8, 0x00, 0x0c, 0xd0, 0xb8, 0x00, 0x0b, 0x10, 0xb8, 0x00, 0x0d,
  0xd0, 0xb8, 0x00, 0x0e, 0xd0, 0xb8, 0x00, 0x0c, 0x10, 0xb8, 0x00, 0x0f,
  0xd0, 0x30, 0x31, 0x01, 0x21, 0x11, 0x21, 0x11, 0x21, 0x11, 0x21, 0x11,
  0x21, 0x11, 0x21, 0x01, 0x11, 0x21, 0x11, 0x06, 0x00, 0xff, 0x00, 0xfd,
  0x00, 0xff, 0x00, 0x01, 0x00, 0x03, 0x00, 0x01, 0x00, 0xfe, 0x00, 0xff,
  0x00, 0x01, 0x00, 0xff, 0x00, 0x01, 0x00, 0x03, 0x00, 0x01, 0x00, 0xff,
  0x00, 0xfd, 0x00, 0x03, 0x00, 0xfd, 0x00, 0x00, 0x00, 0x02, 0x01, 0x00,
  0x00, 0x00, 0x06, 0x00, 0x05, 0x00, 0x00, 0x09, 0x00, 0x0d, 0x00, 0x5d,
  0x00, 0xb8, 0x00, 0x00, 0x45, 0x58, 0xb8, 0x00, 0x06, 0x2f, 0x1b, 0xb9,
  0x00, 0x06, 0x00, 0x05, 0x3e, 0x59, 0xb8, 0x00, 0x00, 0x45, 0x58, 0xb8,
  0x00, 0x04, 0x2f, 0x1b, 0xb9, 0x00, 0x04, 0x00, 0x01, 0x3e, 0x59, 0xba,
  0x00, 0x09, 0x00, 0x00, 0x00, 0x03, 0x2b, 0xb8, 0x00, 0x09, 0x10, 0xb8,
  0x00, 0x00, 0x10, 0xb8, 0x00, 0x02, 0xdc, 0xb8, 0x00, 0x06, 0x10, 0xb8,
  0x00, 0x08, 0xdc, 0xb8, 0x00, 0x00, 0x10, 0xb8, 0x00, 0x0a, 0xd0, 0xb8,
  0x00, 0x08, 0x10, 0xb8, 0x00, 0x0b, 0xd0, 0xb8, 0x00, 0x0c, 0xd0, 0xb8,
  0x00, 0x01, 0x10, 0xb8, 0x00, 0x0d, 0xd0, 0x30, 0x31, 0x01, 0x21, 0x11,
  0x21, 0x11, 0x21, 0x11, 0x21, 0x11, 0x21, 0x01, 0x11, 0x21, 0x11, 0x06,
  0x00, 0xff, 0x00, 0xfe, 0x00, 0xfe, 0x00, 0x04, 0x00, 0x01, 0x00, 0xfe,
  0x00, 0xff, 0x00, 0x03, 0x00, 0xff, 0x00, 0xfe, 0x00, 0x05, 0x00, 0xff,
  0x00, 0xff, 0x00, 0x01, 0x00, 0xff, 0x00, 0x00, 0x00, 0x02, 0x01, 0x00,
  0xff, 0x00, 0x06, 0x00, 0x05, 0x00, 0x00, 0x0f, 0x00, 0x13, 0x00, 0x8a,
  0x00, 0xb8, 0x00, 0x00, 0x45, 0x58, 0xb8, 0x00, 0x08, 0x2f, 0x1b, 0xb9,
  0x00, 0x08, 0x00, 0x05, 0x3e, 0x59, 0xb8, 0x00, 0x00, 0x45, 0x58, 0xb8,
  0x00, 0x00, 0x2f, 0x1b, 0xb9, 0x00, 0x00, 0x00, 0x03, 0x3e, 0x59, 0xb8,
  0x00, 0x00, 0x45, 0x58, 0xb8, 0x00, 0x03, 0x2f, 0x1b, 0xb9, 0x00, 0x03,
  0x00, 0x01, 0x3e, 0x59, 0xb8, 0x00, 0x00, 0x10, 0xb8, 0x00, 0x02, 0xdc,
  0xb8, 0x00, 0x03, 0x10, 0xb8, 0x00, 0x04, 0xdc, 0xb8, 0x00, 0x08, 0x10,
  0xb8, 0x00, 0x06, 0xdc, 0xb8, 0x00, 0x0a, 0xd0, 0xb8, 0x00, 0x0b, 0xd0,
  0xb8, 0x00, 0x04, 0x10, 0xb8, 0x00, 0x0c, 0xd0, 0xb8, 0x00, 0x0d, 0xd0,
  0xb8, 0x00, 0x02, 0x10, 0xb8, 0x00, 0x0e, 0xd0, 0xb8, 0x00, 0x0f, 0xd0,
  0xb8, 0x00, 0x0d, 0x10, 0xb8, 0x00, 0x10, 0xd0, 0xb8, 0x00, 0x0b, 0x10,
  0xb8, 0x00, 0x11, 0xd0, 0xb8, 0x00, 0x12, 0xd0, 0xb8, 0x00, 0x10, 0x10,
  0xb8, 0x00, 0x13, 0xd0, 0x30, 0x31, 0x01, 0x21, 0x11, 0x21, 0x11, 0x21,
  0x11, 0x21, 0x11, 0x21, 0x11, 0x21, 0x11, 0x21, 0x11, 0x21, 0x01, 0x11,
  0x21, 0x11, 0x06, 0x00, 0xfe, 0x00, 0xfe, 0x00, 0xff, 0x00, 0x01, 0x00,
  0x03, 0x00, 0x01, 0x00, 0xff, 0x00, 0x01, 0x00, 0xfe, 0x00, 0xff, 0x00,
  0xff, 0x00, 0x01, 0x00, 0x01, 0x00, 0x03, 0x00, 0x01, 0x00, 0xff, 0x00,
  0xfd, 0x00, 0xff, 0x00, 0x01, 0x00, 0x03, 0x00, 0xfd, 0x00, 0x00, 0x02,
  0x01, 0x00, 0x00, 0x00, 0x06, 0x00, 0x05, 0x00, 0x00, 0x0d, 0x00, 0x11,
  0x00, 0x72, 0x00, 0xb8, 0x00, 0x00, 0x45, 0x58, 0xb8, 0x00, 0x06, 0x2f,
  0x1b, 0xb9, 0x00, 0x06, 0x00, 0x05, 0x3e, 0x59, 0xb8, 0x00, 0x00, 0x45,
  0x58, 0xb8, 0x00, 0x00, 0x2f, 0x1b, 0xb9, 0x00, 0x00, 0x00, 0x01, 0x3e,
  0x59, 0xb8, 0x00, 0x00, 0x45, 0x58, 0xb8, 0x00, 0x04, 0x2f, 0x1b, 0xb9,
  0x00, 0x04, 0x00, 0x01, 0x3e, 0x59, 0xba, 0x00, 0x09, 0x00, 0x0a, 0x00,
  0x03, 0x2b, 0xb8, 0x00, 0x09, 0x10, 0xb8, 0x00, 0x04, 0x10, 0xb8, 0x00,
  0x02, 0xdc, 0xb8, 0x00, 0x06, 0x10, 0xb8, 0x00, 0x08, 0xdc, 0xb8, 0x00,
  0x02, 0x10, 0xb8, 0x00, 0x0c, 0xd0, 0xb8, 0x00, 0x0d, 0xd0, 0xb8, 0x00,
  0x0a, 0x10, 0xb8, 0x00, 0x0e, 0xd0, 0xb8, 0x00, 0x08, 0x10, 0xb8, 0x00,
  0x0f, 0xd0, 0xb8, 0x00, 0x10, 0xd0, 0x30, 0x31, 0x29, 0x01, 0x11, 0x21,
  0x11, 0x21, 0x11, 0x21, 0x11, 0x21, 0x11, 0x21, 0x11, 0x21, 0x01, 0x11,
  0x21, 0x11, 0x06, 0x00, 0xfe, 0x00, 0xff, 0x00, 0xfe, 0x00, 0x04, 0x00,
  0x01, 0x00, 0xff, 0x00, 0x01, 0x00, 0xfe, 0x00, 0xff, 0x00, 0x01, 0x00,
  0xff, 0x00, 0x05, 0x00, 0xff, 0x00, 0xff, 0x00, 0xfe, 0x00, 0x02, 0x00,
  0x01, 0x00, 0xff, 0x00, 0x00, 0x01, 0x01, 0x00, 0x00, 0x00, 0x06, 0x00,
  0x05, 0x00, 0x00, 0x13, 0x00, 0x6d, 0x00, 0xb8, 0x00, 0x00, 0x45, 0x58,
  0xb8, 0x00, 0x0c, 0x2f, 0x1b, 0xb9, 0x00, 0x0c, 0x00, 0x05, 0x3e, 0x59,
  0xb8, 0x00, 0x00, 0x45, 0x58, 0xb8, 0x00, 0x02, 0x2f, 0x1b, 0xb9, 0x00,
  0x02, 0x00, 0x01, 0x3e, 0x59, 0xba, 0x00, 0x0b, 0x00, 0x08, 0x00, 0x03,
  0x2b, 0xb8, 0x00, 0x0b, 0x10, 0xb8, 0x00, 0x02, 0x10, 0xb8, 0x00, 0x00,
  0xdc, 0xb8, 0x00, 0x04, 0xd0, 0xb8, 0x00, 0x05, 0xd0, 0xb8, 0x00, 0x00,
  0x10, 0xb8, 0x00, 0x13, 0xdc, 0xb8, 0x00, 0x06, 0xd0, 0xb8, 0x00, 0x0c,
  0x10, 0xb8, 0x00, 0x0a, 0xdc, 0xb8, 0x00, 0x0e, 0xd0, 0xb8, 0x00, 0x0f,
  0xd0, 0xb8, 0x00, 0x08, 0x10, 0xb8, 0x00, 0x10, 0xd0, 0xb8, 0x00, 0x06,
  0x10, 0xb8, 0x00, 0x12, 0xd0, 0x30, 0x31, 0x01, 0x21, 0x11, 0x21, 0x11,
  0x21, 0x11, 0x21, 0x11, 0x21, 0x11, 0x21, 0x11, 0x21, 0x11, 0x21, 0x11,
  0x21, 0x11, 0x21, 0x06, 0x00, 0xff, 0x00, 0xfc, 0x00, 0x03, 0x00, 0xfe,
  0x00, 0xff, 0x00, 0x01, 0x00, 0x04, 0x00, 0xfd, 0x00, 0x02, 0x00, 0x01,
  0x00, 0x01, 0x00, 0xff, 0x00, 0x01, 0x00, 0x01, 0x00, 0x01, 0x00, 0x01,
  0x00, 0x01, 0x00, 0xff, 0x00, 0xff, 0x00, 0xff, 0x00, 0x00, 0x00, 0x01,
  0x01, 0x00, 0x00, 0x00, 0x05, 0x00, 0x05, 0x00, 0x00, 0x07, 0x00, 0x35,
  0x00, 0xb8, 0x00, 0x00, 0x45, 0x58, 0xb8, 0x00, 0x06, 0x2f, 0x1b, 0xb9,
  0x00, 0x06, 0x00, 0x05, 0x3e, 0x59, 0xb8, 0x00, 0x00, 0x45, 0x58, 0xb8,
  0x00, 0x02, 0x2f, 0x1b, 0xb9, 0x00, 0x02, 0x00, 0x01, 0x3e, 0x59, 0xb8,
  0x00, 0x06, 0x10, 0xb8, 0x00, 0x00, 0xdc, 0xb8, 0x00, 0x04, 0xd0, 0xb8,
  0x00, 0x05, 0xd0, 0x30, 0x31, 0x01, 0x21, 0x11, 0x21, 0x11, 0x21, 0x11,
  0x21, 0x05, 0x00, 0xff, 0x00, 0xfe, 0x00, 0xff, 0x00, 0x04, 0x00, 0x04,
  0x00, 0xfc, 0x00, 0x04, 0x00, 0x01, 0x00, 0x00, 0x00, 0x01, 0x01, 0x00,
  0x00, 0x00, 0x06, 0x00, 0x05, 0x00, 0x00, 0x0b, 0x00, 0x4a, 0x00, 0xb8,
  0x00, 0x00, 0x45, 0x58, 0xb8, 0x00, 0x06, 0x2f, 0x1b, 0xb9, 0x00, 0x06,
  0x00, 0x05, 0x3e, 0x59, 0xb8, 0x00, 0x00, 0x45, 0x58, 0xb8, 0x00, 0x0a,
  0x2f, 0x1b, 0xb9, 0x00, 0x0a, 0x00, 0x05, 0x3e, 0x59, 0xb8, 0x00, 0x00,
  0x45, 0x58, 0xb8, 0x00, 0x02, 0x2f, 0x1b, 0xb9, 0x00, 0x02, 0x00, 0x01,
  0x3e, 0x59, 0xb8, 0x00, 0x00, 0xdc, 0xb8, 0x00, 0x04, 0xd0, 0xb8, 0x00,
  0x05, 0xd0, 0xb8, 0x00, 0x08, 0xd0, 0xb8, 0x00, 0x09, 0xd0, 0x30, 0x31,
  0x01, 0x21, 0x11, 0x21, 0x11, 0x21, 0x11, 0x21, 0x11, 0x21, 0x11, 0x21,
  0x06, 0x00, 0xff, 0x00, 0xfd, 0x00, 0xff, 0x00, 0x02, 0x00, 0x01, 0x00,
  0x02, 0x00, 0x01, 0x00, 0xff, 0x00, 0x01, 0x00, 0x04, 0x00, 0xfc, 0x00,
  0x04, 0x00, 0x00, 0x01, 0x01, 0x00, 0x00, 0x00, 0x06, 0x00, 0x05, 0x00,
  0x00, 0x0f, 0x00, 0x52, 0xba, 0x00, 0x04, 0x00, 0x05, 0x00, 0x03, 0x2b,
  0xb8, 0x00, 0x04, 0x10, 0xb8, 0x00, 0x05, 0x10, 0xb8, 0x00, 0x0b, 0xd0,
  0xb8, 0x00, 0x04, 0x10, 0xb8, 0x00, 0x0d, 0xd0, 0x00, 0xb8, 0x00, 0x00,
  0x45, 0x58, 0xb8, 0x00, 0x0a, 0x2f, 0x1b, 0xb9, 0x00, 0x0a, 0x00, 0x05,
  0x3e, 0x59, 0xb8, 0x00, 0x00, 0x45, 0x58, 0xb8, 0x00, 0x0e, 0x2f, 0x1b,
  0xb9, 0x00, 0x0e, 0x00, 0x05, 0x3e, 0x59, 0xb8, 0x00, 0x00, 0x45, 0x58,
  0xb8, 0x00, 0x04, 0x2f, 0x1b, 0xb9, 0x00, 0x04, 0x00, 0x01, 0x3e, 0x59,
  0x30, 0x31, 0x01, 0x21, 0x11, 0x21, 0x11, 0x21, 0x11, 0x21, 0x11, 0x21,
  0x11, 0x21, 0x11, 0x21, 0x11, 0x21, 0x06, 0x00, 0xff, 0x00, 0xff, 0x00,
  0xff, 0x00, 0xff, 0x00, 0xff, 0x00, 0x02, 0x00, 0x01, 0x00, 0x02, 0x00,
  0x02, 0x00, 0xff, 0x00, 0xff, 0x00, 0x01, 0x00, 0x01, 0x00, 0x03, 0x00,
  0xfd, 0x00, 0x03, 0x00, 0x00, 0x01, 0x01, 0x00, 0x00, 0x00, 0x06, 0x00,
  0x05, 0x00, 0x00, 0x0f, 0x00, 0x6b, 0xba, 0x00, 0x08, 0x00, 0x09, 0x00,
  0x03, 0x2b, 0xb8, 0x00, 0x08, 0x10, 0xba, 0x00, 0x00, 0x00, 0x01, 0x00,
  0x03, 0x2b, 0xb8, 0x00, 0x00, 0x10, 0x00, 0xb8, 0x00, 0x00, 0x45, 0x58,
  0xb8, 0x00, 0x0a, 0x2f, 0x1b, 0xb9, 0x00, 0x0a, 0x00, 0x05, 0x3e, 0x59,
  0xb8, 0x00, 0x00, 0x45, 0x58, 0xb8, 0x00, 0x0e, 0x2f, 0x1b, 0xb9, 0x00,
  0x0e, 0x00, 0x05, 0x3e, 0x59, 0xb8, 0x00, 0x00, 0x45, 0x58, 0xb8, 0x00,
  0x00, 0x2f, 0x1b, 0xb9, 0x00, 0x00, 0x00, 0x01, 0x3e, 0x59, 0xb8, 0x00,
  0x00, 0x45, 0x58, 0xb8, 0x00, 0x08, 0x2f, 0x1b, 0xb9, 0x00, 0x08, 0x00,
  0x01, 0x3e, 0x59, 0xba, 0x00, 0x0d, 0x00, 0x04, 0x00, 0x03, 0x2b, 0xb8,
  0x00, 0x0d, 0x10, 0x30, 0x31, 0x29, 0x01, 0x11, 0x21, 0x11, 0x21, 0x11,
  0x21, 0x11, 0x21, 0x11, 0x21, 0x11, 0x21, 0x11, 0x21, 0x06, 0x00, 0xff,
  0x00, 0xff, 0x00, 0xff, 0x00, 0xff, 0x00, 0xff, 0x00, 0x02, 0x00, 0x01,
  0x00, 0x02, 0x00, 0x01, 0x00, 0x01, 0x00, 0xff, 0x00, 0xff, 0x00, 0x05,
  0x00, 0xfe, 0x00, 0x02, 0x00, 0x00, 0x00, 0x01, 0x01, 0x00, 0x00, 0x00,
  0x06, 0x00, 0x05, 0x00, 0x00, 0x1b, 0x00, 0xa3, 0xba, 0x00, 0x02, 0x00,
  0x03, 0x00, 0x03, 0x2b, 0xb8, 0x00, 0x02, 0x10, 0xb8, 0x00, 0x03, 0x10,
  0xb8, 0x00, 0x09, 0xd0, 0xb8, 0x00, 0x03, 0x10, 0xb8, 0x00, 0x0f, 0xd0,
  0xb8, 0x00, 0x02, 0x10, 0xb8, 0x00, 0x11, 0xd0, 0xb8, 0x00, 0x02, 0x10,
  0xb8, 0x00, 0x17, 0xd0, 0x00, 0xb8, 0x00, 0x00, 0x45, 0x58, 0xb8, 0x00,
  0x0e, 0x2f, 0x1b, 0xb9, 0x00, 0x0e, 0x00, 0x05, 0x3e, 0x59, 0xb8, 0x00,
  0x00, 0x45, 0x58, 0xb8, 0x00, 0x12, 0x2f, 0x1b, 0xb9, 0x00, 0x12, 0x00,
  0x05, 0x3e, 0x59, 0xb8, 0x00, 0x00, 0x45, 0x58, 0xb8, 0x00, 0x00, 0x2f,
  0x1b, 0xb9, 0x00, 0x00, 0x00, 0x01, 0x3e, 0x59, 0xb8, 0x00, 0x00, 0x45,
  0x58, 0xb8, 0x00, 0x04, 0x2f, 0x1b, 0xb9, 0x00, 0x04, 0x00, 0x01, 0x3e,
  0x59, 0xb8, 0x00, 0x02, 0xdc, 0xb8, 0x00, 0x06, 0xd0, 0xb8, 0x00, 0x07,
  0xd0, 0xb8, 0x00, 0x0e, 0x10, 0xb8, 0x00, 0x0c, 0xdc, 0xb8, 0x00, 0x10,
  0xd0, 0xb8, 0x00, 0x11, 0xd0, 0xb8, 0x00, 0x14, 0xd0, 0xb8, 0x00, 0x15,
  0xd0, 0xb8, 0x00, 0x07, 0x10, 0xb8, 0x00, 0x1a, 0xd0, 0xb8, 0x00, 0x1b,
  0xd0, 0x30, 0x31, 0x29, 0x01, 0x11, 0x21, 0x11, 0x21, 0x11, 0x21, 0x11,
  0x21, 0x11, 0x21, 0x11, 0x21, 0x11, 0x21, 0x11, 0x21, 0x11, 0x21, 0x11,
  0x21, 0x11, 0x21, 0x11, 0x21, 0x11, 0x21, 0x06, 0x00, 0xfe, 0x00, 0xff,
  0x00, 0xfe, 0x00, 0x01, 0x00, 0x01, 0x00, 0xff, 0x00, 0xff, 0x00, 0x02,
  0x00, 0x01, 0x00, 0x02, 0x00, 0xff, 0x00, 0xff, 0x00, 0x01, 0x00, 0x01,
  0x00, 0x01, 0x00, 0xff, 0x00, 0x01, 0x00, 0x01, 0x00, 0x01, 0x00, 0x01,
  0x00, 0x01, 0x00, 0xff, 0x00, 0x01, 0x00, 0xff, 0x00, 0xff, 0x00, 0xff,
  0x00, 0xff, 0x00, 0x00, 0x00, 0x01, 0x01, 0x00, 0x00, 0x00, 0x06, 0x00,
  0x05, 0x00, 0x00, 0x0d, 0x00, 0x36, 0x00, 0xb8, 0x00, 0x00, 0x45, 0x58,
  0xb8, 0x00, 0x08, 0x2f, 0x1b, 0xb9, 0x00, 0x08, 0x00, 0x05, 0x3e, 0x59,
  0xb8, 0x00, 0x00, 0x45, 0x58, 0xb8, 0x00, 0x0c, 0x2f, 0x1b, 0xb9, 0x00,
  0x0c, 0x00, 0x05, 0x3e, 0x59, 0xb8, 0x00, 0x00, 0x45, 0x58, 0xb8, 0x00,
  0x02, 0x2f, 0x1b, 0xb9, 0x00, 0x02, 0x00, 0x01, 0x3e, 0x59, 0x30, 0x31,
  0x01, 0x21, 0x11, 0x21, 0x11, 0x21, 0x11, 0x21, 0x11, 0x21, 0x11, 0x21,
  0x11, 0x21, 0x06, 0x00, 0xff, 0x00, 0xfe, 0x00, 0xff, 0x00, 0xff, 0x00,
  0x02, 0x00, 0x01, 0x00, 0x02, 0x00, 0x02, 0x00, 0xfe, 0x00, 0x02, 0x00,
  0x01, 0x00, 0x02, 0x00, 0xfe, 0x00, 0x02, 0x00, 0x00, 0x01, 0x01, 0x00,
  0x00, 0x00, 0x06, 0x00, 0x05, 0x00, 0x00, 0x0f, 0x00, 0x51, 0x00, 0xb8,
  0x00, 0x00, 0x45, 0x58, 0xb8, 0x00, 0x08, 0x2f, 0x1b, 0xb9, 0x00, 0x08,
  0x00, 0x05, 0x3e, 0x59, 0xb8, 0x00, 0x00, 0x45, 0x58, 0xb8, 0x00, 0x00,
  0x2f, 0x1b, 0xb9, 0x00, 0x00, 0x00, 0x01, 0x3e, 0x59, 0xba, 0x00, 0x04,
  0x00, 0x03, 0x00, 0x03, 0x2b, 0xb8, 0x00, 0x04, 0x10, 0xb8, 0x00, 0x08,
  0x10, 0xb8, 0x00, 0x06, 0xdc, 0xb8, 0x00, 0x04, 0x10, 0xb8, 0x00, 0x0a,
  0xd0, 0xb8, 0x00, 0x03, 0x10, 0xb8, 0x00, 0x0c, 0xd0, 0xb8, 0x00, 0x00,
  0x10, 0xb8, 0x00, 0x0e, 0xdc, 0x30, 0x31, 0x29, 0x01, 0x11, 0x21, 0x11,
  0x21, 0x11, 0x21, 0x11, 0x21, 0x11, 0x21, 0x11, 0x21, 0x11, 0x21, 0x06,
  0x00, 0xfb, 0x00, 0x02, 0x00, 0x01, 0x00, 0xfd, 0x00, 0x05, 0x00, 0xff,
  0x00, 0xfe, 0x00, 0x03, 0x00, 0x02, 0x00, 0x01, 0x00, 0x01, 0x00, 0x01,
  0x00, 0xfe, 0x00, 0xff, 0x00, 0xff, 0x00, 0x00, 0x00, 0x01, 0x01, 0x00,
  0xff, 0x00, 0x04, 0x00, 0x05, 0x00, 0x00, 0x07, 0x00, 0x35, 0x00, 0xb8,
  0x00, 0x00, 0x45, 0x58, 0xb8, 0x00, 0x02, 0x2f, 0x1b, 0xb9, 0x00, 0x02,
  0x00, 0x05, 0x3e, 0x59, 0xb8, 0x00, 0x00, 0x45, 0x58, 0xb8, 0x00, 0x00,
  0x2f, 0x1b, 0xb9, 0x00, 0x00, 0x00, 0x03, 0x3e, 0x59, 0xb8, 0x00, 0x02,
  0x10, 0xb8, 0x00, 0x04, 0xdc, 0xb8, 0x00, 0x00, 0x10, 0xb8, 0x00, 0x06,
  0xdc, 0x30, 0x31, 0x01, 0x21, 0x11, 0x21, 0x11, 0x21, 0x11, 0x21, 0x04,
  0x00, 0xfd, 0x00, 0x03, 0x00, 0xff, 0x00, 0x01, 0x00, 0xff, 0x00, 0x06,
  0x00, 0xff, 0x00, 0xfc, 0x00, 0x00, 0x00, 0x01, 0x01, 0x00, 0xff, 0x00,
  0x04, 0x00, 0x05, 0x00, 0x00, 0x0b, 0x00, 0xe3, 0xba, 0x00, 0x04, 0x00,
  0x05, 0x00, 0x03, 0x2b, 0xb8, 0x00, 0x04, 0x10, 0xb8, 0x00, 0x03, 0xdc,
  0x41, 0x21, 0x00, 0x00, 0x00, 0x03, 0x00, 0x10, 0x00, 0x03, 0x00, 0x20,
  0x00, 0x03, 0x00, 0x30, 0x00, 0x03, 0x00, 0x40, 0x00, 0x03, 0x00, 0x50,
  0x00, 0x03, 0x00, 0x60, 0x00, 0x03, 0x00, 0x70, 0x00, 0x03, 0x00, 0x80,
  0x00, 0x03, 0x00, 0x90, 0x00, 0x03, 0x00, 0xa0, 0x00, 0x03, 0x00, 0xb0,
  0x00, 0x03, 0x00, 0xc0, 0x00, 0x03, 0x00, 0xd0, 0x00, 0x03, 0x00, 0xe0,
  0x00, 0x03, 0x00, 0xf0, 0x00, 0x03, 0x00, 0x10, 0x5d, 0xb8, 0x00, 0x02,
  0xdc, 0xb8, 0x00, 0x01, 0xdc, 0x41, 0x21, 0x00, 0x00, 0x00, 0x01, 0x00,
  0x10, 0x00, 0x01, 0x00, 0x20, 0x00, 0x01, 0x00, 0x30, 0x00, 0x01, 0x00,
  0x40, 0x00, 0x01, 0x00, 0x50, 0x00, 0x01, 0x00, 0x60, 0x00, 0x01, 0x00,
  0x70, 0x00, 0x01, 0x00, 0x80, 0x00, 0x01, 0x00, 0x90, 0x00, 0x01, 0x00,
  0xa0, 0x00, 0x01, 0x00, 0xb0, 0x00, 0x01, 0x00, 0xc0, 0x00, 0x01, 0x00,
  0xd0, 0x00, 0x01, 0x00, 0xe0, 0x00, 0x01, 0x00, 0xf0, 0x00, 0x01, 0x00,
  0x10, 0x5d, 0xb8, 0x00, 0x00, 0xdc, 0xb8, 0x00, 0x04, 0x10, 0xb8, 0x00,
  0x07, 0xd0, 0xb8, 0x00, 0x02, 0x10, 0xb8, 0x00, 0x09, 0xd0, 0xb8, 0x00,
  0x00, 0x10, 0xb8, 0x00, 0x0d, 0xdc, 0x00, 0xb8, 0x00, 0x00, 0x45, 0x58,
  0xb8, 0x00, 0x06, 0x2f, 0x1b, 0xb9, 0x00, 0x06, 0x00, 0x05, 0x3e, 0x59,
  0xb8, 0x00, 0x00, 0x45, 0x58, 0xb8, 0x00, 0x00, 0x2f, 0x1b, 0xb9, 0x00,
  0x00, 0x00, 0x03, 0x3e, 0x59, 0x30, 0x31, 0x01, 0x21, 0x11, 0x21, 0x11,
  0x21, 0x11, 0x21, 0x11, 0x21, 0x11, 0x21, 0x04, 0x00, 0xff, 0x00, 0xff,
  0x00, 0xff, 0x00, 0x01, 0x00, 0x01, 0x00, 0x01, 0x00, 0xff, 0x00, 0x02,
  0x00, 0x02, 0x00, 0x02, 0x00, 0xfe, 0x00, 0xfe, 0x00, 0x00, 0x00, 0x01,
  0x01, 0x00, 0xff, 0x00, 0x04, 0x00, 0x05, 0x00, 0x00, 0x07, 0x00, 0x31,
  0x00, 0xb8, 0x00, 0x00, 0x45, 0x58, 0xb8, 0x00, 0x06, 0x2f, 0x1b, 0xb9,
  0x00, 0x06, 0x00, 0x05, 0x3e, 0x59, 0xb8, 0x00, 0x00, 0x45, 0x58, 0xb8,
  0x00, 0x00, 0x2f, 0x1b, 0xb9, 0x00, 0x00, 0x00, 0x03, 0x3e, 0x59, 0xb8,
  0x00, 0x02, 0xdc, 0xb8, 0x00, 0x06, 0x10, 0xb8, 0x00, 0x04, 0xdc, 0x30,
  0x31, 0x01, 0x21, 0x11, 0x21, 0x11, 0x21, 0x11, 0x21, 0x04, 0x00, 0xfd,
  0x00, 0x01, 0x00, 0xff, 0x00, 0x03, 0x00, 0xff, 0x00, 0x01, 0x00, 0x04,
  0x00, 0x01, 0x00, 0x00, 0x00, 0x01, 0x01, 0x00, 0x03, 0x00, 0x04, 0x00,
  0x05, 0x00, 0x00, 0x0b, 0x00, 0xfa, 0xba, 0x00, 0x04, 0x00, 0x05, 0x00,
  0x03, 0x2b, 0xb8, 0x00, 0x04, 0x10, 0xb8, 0x00, 0x03, 0xdc, 0x41, 0x21,
  0x00, 0x00, 0x00, 0x03, 0x00, 0x10, 0x00, 0x03, 0x00, 0x20, 0x00, 0x03,
  0x00, 0x30, 0x00, 0x03, 0x00, 0x40, 0x00, 0x03, 0x00, 0x50, 0x00, 0x03,
  0x00, 0x60, 0x00, 0x03, 0x00, 0x70, 0x00, 0x03, 0x00, 0x80, 0x00, 0x03,
  0x00, 0x90, 0x00, 0x03, 0x00, 0xa0, 0x00, 0x03, 0x00, 0xb0, 0x00, 0x03,
  0x00, 0xc0, 0x00, 0x03, 0x00, 0xd0, 0x00, 0x03, 0x00, 0xe0, 0x00, 0x03,
  0x00, 0xf0, 0x00, 0x03, 0x00, 0x10, 0x5d, 0xb8, 0x00, 0x02, 0xdc, 0xb8,
  0x00, 0x01, 0xdc, 0x41, 0x21, 0x00, 0x00, 0x00, 0x01, 0x00, 0x10, 0x00,
  0x01, 0x00, 0x20, 0x00, 0x01, 0x00, 0x30, 0x00, 0x01, 0x00, 0x40, 0x00,
  0x01, 0x00, 0x50, 0x00, 0x01, 0x00, 0x60, 0x00, 0x01, 0x00, 0x70, 0x00,
  0x01, 0x00, 0x80, 0x00, 0x01, 0x00, 0x90, 0x00, 0x01, 0x00, 0xa0, 0x00,
  0x01, 0x00, 0xb0, 0x00, 0x01, 0x00, 0xc0, 0x00, 0x01, 0x00, 0xd0, 0x00,
  0x01, 0x00, 0xe0, 0x00, 0x01, 0x00, 0xf0, 0x00, 0x01, 0x00, 0x10, 0x5d,
  0xb8, 0x00, 0x00, 0xdc, 0xb8, 0x00, 0x04, 0x10, 0xb8, 0x00, 0x07, 0xd0,
  0xb8, 0x00, 0x02, 0x10, 0xb8, 0x00, 0x09, 0xd0, 0xb8, 0x00, 0x00, 0x10,
  0xb8, 0x00, 0x0d, 0xdc, 0x00, 0xb8, 0x00, 0x00, 0x45, 0x58, 0xb8, 0x00,
  0x08, 0x2f, 0x1b, 0xb9, 0x00, 0x08, 0x00, 0x05, 0x3e, 0x59, 0xb8, 0x00,
  0x02, 0xdc, 0xb8, 0x00, 0x06, 0xd0, 0xb8, 0x00, 0x07, 0xd0, 0xb8, 0x00,
  0x0a, 0xd0, 0xb8, 0x00, 0x0b, 0xd0, 0xb8, 0x00, 0x00, 0xdc, 0xb8, 0x00,
  0x0b, 0x10, 0xb8, 0x00, 0x03, 0xd0, 0xb8, 0x00, 0x00, 0x10, 0xb8, 0x00,
  0x04, 0xd0, 0x30, 0x31, 0x01, 0x21, 0x11, 0x21, 0x11, 0x21, 0x11, 0x21,
  0x11, 0x21, 0x11, 0x21, 0x04, 0x00, 0xff, 0x00, 0xff, 0x00, 0xff, 0x00,
  0x01, 0x00, 0x01, 0x00, 0x01, 0x00, 0x03, 0x00, 0x01, 0x00, 0xff, 0x00,
  0x01, 0x00, 0x01, 0x00, 0xff, 0x00, 0x00, 0x01, 0x00, 0x00, 0x00, 0x00,
  0x07, 0x00, 0x01, 0x00, 0x00, 0x03, 0x00, 0x18, 0x00, 0xb8, 0x00, 0x00,
  0x45, 0x58, 0xb8, 0x00, 0x00, 0x2f, 0x1b, 0xb9, 0x00, 0x00, 0x00, 0x01,
  0x3e, 0x59, 0xb8, 0x00, 0x02, 0xdc, 0x30, 0x31, 0x29, 0x01, 0x11, 0x21,
  0x07, 0x00, 0xf9, 0x00, 0x07, 0x00, 0x01, 0x00, 0x00, 0x01, 0x01, 0x00,
  0x06, 0x00, 0x03, 0x00, 0x08, 0x00, 0x00, 0x07, 0x00, 0x37, 0xba, 0x00,
  0x02, 0x00, 0x03, 0x00, 0x03, 0x2b, 0xb8, 0x00, 0x02, 0x10, 0xba, 0x00,
  0x00, 0x00, 0x01, 0x00, 0x03, 0x2b, 0xb8, 0x00, 0x00, 0x10, 0xb8, 0x00,
  0x02, 0x10, 0xb8, 0x00, 0x05, 0xd0, 0x00, 0xba, 0x00, 0x07, 0x00, 0x00,
  0x00, 0x03, 0x2b, 0xb8, 0x00, 0x07, 0x10, 0xb8, 0x00, 0x02, 0xd0, 0xb8,
  0x00, 0x05, 0xdc, 0x30, 0x31, 0x01, 0x21, 0x11, 0x21, 0x11, 0x21, 0x11,
  0x21, 0x03, 0x00, 0xff, 0x00, 0xff, 0x00, 0x01, 0x00, 0x01, 0x00, 0x06,
  0x00, 0x01, 0x00, 0x01, 0x00, 0xff, 0x00, 0x00, 0x00, 0x02, 0x01, 0x00,
  0x00, 0x00, 0x06, 0x00, 0x05, 0x00, 0x00, 0x0b, 0x00, 0x0f, 0x00, 0x5a,
  0x00, 0xb8, 0x00, 0x00, 0x45, 0x58, 0xb8, 0x00, 0x08, 0x2f, 0x1b, 0xb9,
  0x00, 0x08, 0x00, 0x05, 0x3e, 0x59, 0xb8, 0x00, 0x00, 0x45, 0x58, 0xb8,
  0x00, 0x00, 0x2f, 0x1b, 0xb9, 0x00, 0x00, 0x00, 0x01, 0x3e, 0x59, 0xb8,
  0x00, 0x00, 0x45, 0x58, 0xb8, 0x00, 0x04, 0x2f, 0x1b, 0xb9, 0x00, 0x04,
  0x00, 0x01, 0x3e, 0x59, 0xba, 0x00, 0x0c, 0x00, 0x02, 0x00, 0x03, 0x2b,
  0xb8, 0x00, 0x0c, 0x10, 0xb8, 0x00, 0x08, 0x10, 0xb8, 0x00, 0x06, 0xdc,
  0xb8, 0x00, 0x0a, 0xd0, 0xb8, 0x00, 0x0b, 0xd0, 0xb8, 0x00, 0x0d, 0xd0,
  0xb8, 0x00, 0x0e, 0xd0, 0x30, 0x31, 0x29, 0x01, 0x11, 0x21, 0x11, 0x21,
  0x11, 0x21, 0x11, 0x21, 0x11, 0x21, 0x01, 0x11, 0x21, 0x11, 0x06, 0x00,
  0xfe, 0x00, 0xff, 0x00, 0xfe, 0x00, 0x01, 0x00, 0x03, 0x00, 0x01, 0x00,
  0xfe, 0x00, 0xff, 0x00, 0x02, 0x00, 0xfe, 0x00, 0x04, 0x00, 0x01, 0x00,
  0xff, 0x00, 0xff, 0x00, 0x01, 0x00, 0xff, 0x00, 0x00, 0x03, 0x01, 0x00,
  0x00, 0x00, 0x06, 0x00, 0x05, 0x00, 0x00, 0x07, 0x00, 0x0b, 0x00, 0x0f,
  0x00, 0x55, 0x00, 0xb8, 0x00, 0x00, 0x45, 0x58, 0xb8, 0x00, 0x04, 0x2f,
  0x1b, 0xb9, 0x00, 0x04, 0x00, 0x05, 0x3e, 0x59, 0xb8, 0x00, 0x00, 0x45,
  0x58, 0xb8, 0x00, 0x02, 0x2f, 0x1b, 0xb9, 0x00, 0x02, 0x00, 0x01, 0x3e,
  0x59, 0xba, 0x00, 0x08, 0x00, 0x0d, 0x00, 0x03, 0x2b, 0xb8, 0x00, 0x08,
  0x10, 0xb8, 0x00, 0x02, 0x10, 0xb8, 0x00, 0x00, 0xdc, 0xb8, 0x00, 0x04,
  0x10, 0xb8, 0x00, 0x06, 0xdc, 0xb8, 0x00, 0x09, 0xd0, 0xb8, 0x00, 0x0a,
  0xd0, 0xb8, 0x00, 0x00, 0x10, 0xb8, 0x00, 0x0c, 0xd0, 0xb8, 0x00, 0x0f,
  0xd0, 0x30, 0x31, 0x01, 0x21, 0x11, 0x21, 0x11, 0x21, 0x11, 0x21, 0x01,
  0x11, 0x21, 0x11, 0x01, 0x11, 0x21, 0x11, 0x06, 0x00, 0xff, 0x00, 0xfc,
  0x00, 0x04, 0x00, 0x01, 0x00, 0xfe, 0x00, 0xff, 0x00, 0x01, 0x00, 0xff,
  0x00, 0x01, 0x00, 0xff, 0x00, 0x05, 0x00, 0xff, 0x00, 0xff, 0x00, 0x01,
  0x00, 0xff, 0x00, 0xfe, 0x00, 0x01, 0x00, 0xff, 0x00, 0x00, 0x00, 0x01,
  0x01, 0x00, 0x00, 0x00, 0x06, 0x00, 0x05, 0x00, 0x00, 0x13, 0x00, 0x6d,
  0x00, 0xb8, 0x00, 0x00, 0x45, 0x58, 0xb8, 0x00, 0x08, 0x2f, 0x1b, 0xb9,
  0x00, 0x08, 0x00, 0x05, 0x3e, 0x59, 0xb8, 0x00, 0x00, 0x45, 0x58, 0xb8,
  0x00, 0x02, 0x2f, 0x1b, 0xb9, 0x00, 0x02, 0x00, 0x01, 0x3e, 0x59, 0xb8,
  0x00, 0x00, 0xdc, 0xb8, 0x00, 0x04, 0xd0, 0xb8, 0x00, 0x05, 0xd0, 0xb8,
  0x00, 0x08, 0x10, 0xb8, 0x00, 0x06, 0xdc, 0xb8, 0x00, 0x0a, 0xd0, 0xb8,
  0x00, 0x0b, 0xd0, 0xb8, 0x00, 0x07, 0xd0, 0xb8, 0x00, 0x0b, 0x10, 0xb8,
  0x00, 0x0c, 0xdc, 0xb8, 0x00, 0x0b, 0x10, 0xb8, 0x00, 0x0e, 0xd0, 0xb8,
  0x00, 0x0f, 0xd0, 0xb8, 0x00, 0x05, 0x10, 0xb8, 0x00, 0x10, 0xd0, 0xb8,
  0x00, 0x11, 0xd0, 0xb8, 0x00, 0x00, 0x10, 0xb8, 0x00, 0x13, 0xdc, 0x30,
  0x31, 0x01, 0x21, 0x11, 0x21, 0x11, 0x21, 0x11, 0x21, 0x11, 0x21, 0x11,
  0x21, 0x11, 0x21, 0x11, 0x21, 0x11, 0x21, 0x11, 0x21, 0x06, 0x00, 0xff,
  0x00, 0xfd, 0x00, 0xff, 0x00, 0x01, 0x00, 0x03, 0x00, 0x01, 0x00, 0xfe,
  0x00, 0xff, 0x00, 0x01, 0x00, 0x02, 0x00, 0x01, 0x00, 0xff, 0x00, 0x01,
  0x00, 0x03, 0x00, 0x01, 0x00, 0xff, 0x00, 0xff, 0x00, 0x01, 0x00, 0xfd,
  0x00, 0x01, 0x00, 0x00, 0x00, 0x02, 0x01, 0x00, 0x00, 0x00, 0x06, 0x00,
  0x05, 0x00, 0x00, 0x07, 0x00, 0x0b, 0x00, 0x4d, 0x00, 0xb8, 0x00, 0x00,
  0x45, 0x58, 0xb8, 0x00, 0x04, 0x2f, 0x1b, 0xb9, 0x00, 0x04, 0x00, 0x05,
  0x3e, 0x59, 0xb8, 0x00, 0x00, 0x45, 0x58, 0xb8, 0x00, 0x02, 0x2f, 0x1b,
  0xb9, 0x00, 0x02, 0x00, 0x01, 0x3e, 0x59, 0xb8, 0x00, 0x00, 0xdc, 0xb8,
  0x00, 0x04, 0x10, 0xb8, 0x00, 0x06, 0xdc, 0xb8, 0x00, 0x00, 0x10, 0xb8,
  0x00, 0x08, 0xd0, 0xb8, 0x00, 0x06, 0x10, 0xb8, 0x00, 0x09, 0xd0, 0xb8,
  0x00, 0x0a, 0xd0, 0xb8, 0x00, 0x08, 0x10, 0xb8, 0x00, 0x0b, 0xd0, 0x30,
  0x31, 0x01, 0x21, 0x11, 0x21, 0x11, 0x21, 0x11, 0x21, 0x01, 0x11, 0x21,
  0x11, 0x06, 0x00, 0xff, 0x00, 0xfc, 0x00, 0x04, 0x00, 0x01, 0x00, 0xfe,
  0x00, 0xff, 0x00, 0x01, 0x00, 0xff, 0x00, 0x05, 0x00, 0xff, 0x00, 0xfd,
  0x00, 0x03, 0x00, 0xfd, 0x00, 0x00, 0x00, 0x01, 0x01, 0x00, 0x00, 0x00,
  0x06, 0x00, 0x05, 0x00, 0x00, 0x0b, 0x00, 0x41, 0x00, 0xb8, 0x00, 0x00,
  0x45, 0x58, 0xb8, 0x00, 0x02, 0x2f, 0x1b, 0xb9, 0x00, 0x02, 0x00, 0x05,
  0x3e, 0x59, 0xb8, 0x00, 0x00, 0x45, 0x58, 0xb8, 0x00, 0x00, 0x2f, 0x1b,
  0xb9, 0x00, 0x00, 0x00, 0x01, 0x3e, 0x59, 0xba, 0x00, 0x07, 0x00, 0x08,
  0x00, 0x03, 0x2b, 0xb8, 0x00, 0x07, 0x10, 0xb8, 0x00, 0x02, 0x10, 0xb8,
  0x00, 0x04, 0xdc, 0xb8, 0x00, 0x00, 0x10, 0xb8, 0x00, 0x0a, 0xdc, 0x30,
  0x31, 0x29, 0x01, 0x11, 0x21, 0x11, 0x21, 0x11, 0x21, 0x11, 0x21, 0x11,
  0x21, 0x06, 0x00, 0xfb, 0x00, 0x05, 0x00, 0xfd, 0x00, 0x03, 0x00, 0xfd,
  0x00, 0x03, 0x00, 0x05, 0x00, 0xff, 0x00, 0xff, 0x00, 0xff, 0x00, 0xff,
  0x00, 0x00, 0x00, 0x01, 0x01, 0x00, 0x00, 0x00, 0x06, 0x00, 0x05, 0x00,
  0x00, 0x09, 0x00, 0x39, 0x00, 0xb8, 0x00, 0x00, 0x45, 0x58, 0xb8, 0x00,
  0x04, 0x2f, 0x1b, 0xb9, 0x00, 0x04, 0x00, 0x05, 0x3e, 0x59, 0xb8, 0x00,
  0x00, 0x45, 0x58, 0xb8, 0x00, 0x02, 0x2f, 0x1b, 0xb9, 0x00, 0x02, 0x00,
  0x01, 0x3e, 0x59, 0xba, 0x00, 0x09, 0x00, 0x00, 0x00, 0x03, 0x2b, 0xb8,
  0x00, 0x09, 0x10, 0xb8, 0x00, 0x04, 0x10, 0xb8, 0x00, 0x06, 0xdc, 0x30,
  0x31, 0x01, 0x21, 0x11, 0x21, 0x11, 0x21, 0x11, 0x21, 0x11, 0x21, 0x06,
  0x00, 0xfd, 0x00, 0xfe, 0x00, 0x05, 0x00, 0xfd, 0x00, 0x03, 0x00, 0x02,
  0x00, 0xfe, 0x00, 0x05, 0x00, 0xff, 0x00, 0xff, 0x00, 0x00, 0x00, 0x01,
  0x01, 0x00, 0x00, 0x00, 0x06, 0x00, 0x05, 0x00, 0x00, 0x0d, 0x00, 0x45,
  0x00, 0xb8, 0x00, 0x00, 0x45, 0x58, 0xb8, 0x00, 0x06, 0x2f, 0x1b, 0xb9,
  0x00, 0x06, 0x00, 0x05, 0x3e, 0x59, 0xb8, 0x00, 0x00, 0x45, 0x58, 0xb8,
  0x00, 0x00, 0x2f, 0x1b, 0xb9, 0x00, 0x00, 0x00, 0x01, 0x3e, 0x59, 0xb8,
  0x00, 0x02, 0xdc, 0xb8, 0x00, 0x06, 0x10, 0xb8, 0x00, 0x04, 0xdc, 0xb8,
  0x00, 0x08, 0xd0, 0xb8, 0x00, 0x09, 0xd0, 0xb8, 0x00, 0x02, 0x10, 0xb8,
  0x00, 0x0a, 0xd0, 0xb8, 0x00, 0x0b, 0xd0, 0x30, 0x31, 0x29, 0x01, 0x11,
  0x21, 0x11, 0x21, 0x11, 0x21, 0x11, 0x21, 0x11, 0x21, 0x11, 0x21, 0x06,
  0x00, 0xfc, 0x00, 0xff, 0x00, 0x01, 0x00, 0x04, 0x00, 0xfd, 0x00, 0x01,
  0x00, 0x02, 0x00, 0x01, 0x00, 0x03, 0x00, 0x01, 0x00, 0xff, 0x00, 0xfd,
  0x00, 0x02, 0x00, 0x00, 0x00, 0x01, 0x01, 0x00, 0x00, 0x00, 0x06, 0x00,
  0x05, 0x00, 0x00, 0x0b, 0x00, 0x53, 0x00, 0xb8, 0x00, 0x00, 0x45, 0x58,
  0xb8, 0x00, 0x06, 0x2f, 0x1b, 0xb9, 0x00, 0x06, 0x00, 0x05, 0x3e, 0x59,
  0xb8, 0x00, 0x00, 0x45, 0x58, 0xb8, 0x00, 0x0a, 0x2f, 0x1b, 0xb9, 0x00,
  0x0a, 0x00, 0x05, 0x3e, 0x59, 0xb8, 0x00, 0x00, 0x45, 0x58, 0xb8, 0x00,
  0x00, 0x2f, 0x1b, 0xb9, 0x00, 0x00, 0x00, 0x01, 0x3e, 0x59, 0xb8, 0x00,
  0x00, 0x45, 0x58, 0xb8, 0x00, 0x04, 0x2f, 0x1b, 0xb9, 0x00, 0x04, 0x00,
  0x01, 0x3e, 0x59, 0xba, 0x00, 0x09, 0x00, 0x02, 0x00, 0x03, 0x2b, 0xb8,
  0x00, 0x09, 0x10, 0x30, 0x31, 0x29, 0x01, 0x11, 0x21, 0x11, 0x21, 0x11,
  0x21, 0x11, 0x21, 0x11, 0x21, 0x06, 0x00, 0xfe, 0x00, 0xff, 0x00, 0xfe,
  0x00, 0x02, 0x00, 0x01, 0x00, 0x02, 0x00, 0x02, 0x00, 0xfe, 0x00, 0x05,
  0x00, 0xfe, 0x00, 0x02, 0x00, 0x00, 0x00, 0x01, 0x01, 0x00, 0x00, 0x00,
  0x05, 0x00, 0x05, 0x00, 0x00, 0x0b, 0x00, 0x45, 0x00, 0xb8, 0x00, 0x00,
  0x45, 0x58, 0xb8, 0x00, 0x06, 0x2f, 0x1b, 0xb9, 0x00, 0x06, 0x00, 0x05,
  0x3e, 0x59, 0xb8, 0x00, 0x00, 0x45, 0x58, 0xb8, 0x00, 0x00, 0x2f, 0x1b,
  0xb9, 0x00, 0x00, 0x00, 0x01, 0x3e, 0x59, 0xb8, 0x00, 0x02, 0xdc, 0xb8,
  0x00, 0x06, 0x10, 0xb8, 0x00, 0x04, 0xdc, 0xb8, 0x00, 0x08, 0xd0, 0xb8,
  0x00, 0x09, 0xd0, 0xb8, 0x00, 0x02, 0x10, 0xb8, 0x00, 0x0a, 0xd0, 0xb8,
  0x00, 0x0b, 0xd0, 0x30, 0x31, 0x29, 0x01, 0x11, 0x21, 0x11, 0x21, 0x11,
  0x21, 0x11, 0x21, 0x11, 0x21, 0x05, 0x00, 0xfc, 0x00, 0x01, 0x00, 0xff,
  0x00, 0x04, 0x00, 0xff, 0x00, 0x01, 0x00, 0x01, 0x00, 0x03, 0x00, 0x01,
  0x00, 0xff, 0x00, 0xfd, 0x00, 0x00, 0x00, 0x01, 0x01, 0x00, 0x00, 0x00,
  0x06, 0x00, 0x05, 0x00, 0x00, 0x0d, 0x00, 0x51, 0x00, 0xb8, 0x00, 0x00,
  0x45, 0x58, 0xb8, 0x00, 0x0c, 0x2f, 0x1b, 0xb9, 0x00, 0x0c, 0x00, 0x05,
  0x3e, 0x59, 0xb8, 0x00, 0x00, 0x45, 0x58, 0xb8, 0x00, 0x02, 0x2f, 0x1b,
  0xb9, 0x00, 0x02, 0x00, 0x01, 0x3e, 0x59, 0xb8, 0x00, 0x00, 0xdc, 0xb8,
  0x00, 0x04, 0xd0, 0xb8, 0x00, 0x05, 0xd0, 0xb8, 0x00, 0x08, 0xd0, 0xb8,
  0x00, 0x01, 0xd0, 0xb8, 0x00, 0x08, 0x10, 0xb8, 0x00, 0x07, 0xdc, 0xb8,
  0x00, 0x08, 0x10, 0xb8, 0x00, 0x09, 0xd0, 0xb8, 0x00, 0x0c, 0x10, 0xb8,
  0x00, 0x0a, 0xdc, 0x30, 0x31, 0x01, 0x21, 0x11, 0x21, 0x11, 0x21, 0x11,
  0x21, 0x11, 0x21, 0x11, 0x21, 0x11, 0x21, 0x06, 0x00, 0xff, 0x00, 0xfd,
  0x00, 0xff, 0x00, 0x02, 0x00, 0x01, 0x00, 0xff, 0x00, 0x03, 0x00, 0x01,
  0x00, 0xff, 0x00, 0x01, 0x00, 0x01, 0x00, 0xff, 0x00, 0x03, 0x00, 0x01,
  0x00, 0x00, 0x00, 0x01, 0x01, 0x00, 0x00, 0x00, 0x06, 0x00, 0x05, 0x00,
  0x00, 0x13, 0x00, 0x67, 0x00, 0xb8, 0x00, 0x00, 0x45, 0x58, 0xb8, 0x00,
  0x06, 0x2f, 0x1b, 0xb9, 0x00, 0x06, 0x00, 0x05, 0x3e, 0x59, 0xb8, 0x00,
  0x00, 0x45, 0x58, 0xb8, 0x00, 0x0a, 0x2f, 0x1b, 0xb9, 0x00, 0x0a, 0x00,
  0x05, 0x3e, 0x59, 0xb8, 0x00, 0x00, 0x45, 0x58, 0xb8, 0x00, 0x00, 0x2f,
  0x1b, 0xb9, 0x00, 0x00, 0x00, 0x01, 0x3e, 0x59, 0xb8, 0x00, 0x00, 0x45,
  0x58, 0xb8, 0x00, 0x04, 0x2f, 0x1b, 0xb9, 0x00, 0x04, 0x00, 0x01, 0x3e,
  0x59, 0xb8, 0x00, 0x02, 0xdc, 0xb8, 0x00, 0x0a, 0x10, 0xb8, 0x00, 0x08,
  0xdc, 0xb8, 0x00, 0x0c, 0xd0, 0xb8, 0x00, 0x0d, 0xd0, 0xb8, 0x00, 0x02,
  0x10, 0xb8, 0x00, 0x12, 0xd0, 0xb8, 0x00, 0x13, 0xd0, 0x30, 0x31, 0x29,
  0x01, 0x11, 0x21, 0x11, 0x21, 0x11, 0x21, 0x11, 0x21, 0x11, 0x21, 0x11,
  0x21, 0x11, 0x21, 0x11, 0x21, 0x11, 0x21, 0x06, 0x00, 0xfe, 0x00, 0xff,
  0x00, 0xfe, 0x00, 0x02, 0x00, 0x01, 0x00, 0x02, 0x00, 0xff, 0x00, 0xff,
  0x00, 0x01, 0x00, 0x01, 0x00, 0x01, 0x00, 0xff, 0x00, 0x05, 0x00, 0xff,
  0x00, 0x01, 0x00, 0xff, 0x00, 0xff, 0x00, 0xff, 0x00, 0xff, 0x00, 0x00,
  0x00, 0x01, 0x01, 0x00, 0x00, 0x00, 0x06, 0x00, 0x05, 0x00, 0x00, 0x05,
  0x00, 0x29, 0x00, 0xb8, 0x00, 0x00, 0x45, 0x58, 0xb8, 0x00, 0x02, 0x2f,
  0x1b, 0xb9, 0x00, 0x02, 0x00, 0x05, 0x3e, 0x59, 0xb8, 0x00, 0x00, 0x45,
  0x58, 0xb8, 0x00, 0x00, 0x2f, 0x1b, 0xb9, 0x00, 0x00, 0x00, 0x01, 0x3e,
  0x59, 0xb8, 0x00, 0x04, 0xdc, 0x30, 0x31, 0x29, 0x01, 0x11, 0x21, 0x11,
  0x21, 0x06, 0x00, 0xfb, 0x00, 0x02, 0x00, 0x03, 0x00, 0x05, 0x00, 0xfc,
  0x00, 0x00, 0x00, 0x01, 0x01, 0x00, 0x00, 0x00, 0x06, 0x00, 0x05, 0x00,
  0x00, 0x0f, 0x00, 0x6b, 0xba, 0x00, 0x08, 0x00, 0x06, 0x00, 0x03, 0x2b,
  0xb8, 0x00, 0x08, 0x10, 0xba, 0x00, 0x0f, 0x00, 0x0e, 0x00, 0x03, 0x2b,
  0xb8, 0x00, 0x0f, 0x10, 0x00, 0xb8, 0x00, 0x00, 0x45, 0x58, 0xb8, 0x00,
  0x06, 0x2f, 0x1b, 0xb9, 0x00, 0x06, 0x00, 0x05, 0x3e, 0x59, 0xb8, 0x00,
  0x00, 0x45, 0x58, 0xb8, 0x00, 0x0e, 0x2f, 0x1b, 0xb9, 0x00, 0x0e, 0x00,
  0x05, 0x3e, 0x59, 0xb8, 0x00, 0x00, 0x45, 0x58, 0xb8, 0x00, 0x00, 0x2f,
  0x1b, 0xb9, 0x00, 0x00, 0x00, 0x01, 0x3e, 0x59, 0xb8, 0x00, 0x00, 0x45,
  0x58, 0xb8, 0x00, 0x04, 0x2f, 0x1b, 0xb9, 0x00, 0x04, 0x00, 0x01, 0x3e,
  0x59, 0xba, 0x00, 0x0b, 0x00, 0x02, 0x00, 0x03, 0x2b, 0xb8, 0x00, 0x0b,
  0x10, 0x30, 0x31, 0x29, 0x01, 0x11, 0x21, 0x11, 0x21, 0x11, 0x21, 0x11,
  0x21, 0x11, 0x21, 0x11, 0x21, 0x11, 0x21, 0x06, 0x00, 0xfe, 0x00, 0xff,
  0x00, 0xfe, 0x00, 0x01, 0x00, 0x01, 0x00, 0x01, 0x00, 0x01, 0x00, 0x01,
  0x00, 0x02, 0x00, 0xfe, 0x00, 0x05, 0x00, 0xff, 0x00, 0xff, 0x00, 0x01,
  0x00, 0x01, 0x00, 0x00, 0x00, 0x01, 0x01, 0x00, 0x00, 0x00, 0x06, 0x00,
  0x05, 0x00, 0x00, 0x0f, 0x00, 0x6b, 0xba, 0x00, 0x0a, 0x00, 0x08, 0x00,
  0x03, 0x2b, 0xb8, 0x00, 0x0a, 0x10, 0xba, 0x00, 0x00, 0x00, 0x01, 0x00,
  0x03, 0x2b, 0xb8, 0x00, 0x00, 0x10, 0x00, 0xb8, 0x00, 0x00, 0x45, 0x58,
  0xb8, 0x00, 0x08, 0x2f, 0x1b, 0xb9, 0x00, 0x08, 0x00, 0x05, 0x3e, 0x59,
  0xb8, 0x00, 0x00, 0x45, 0x58, 0xb8, 0x00, 0x0e, 0x2f, 0x1b, 0xb9, 0x00,
  0x0e, 0x00, 0x05, 0x3e, 0x59, 0xb8, 0x00, 0x00, 0x45, 0x58, 0xb8, 0x00,
  0x00, 0x2f, 0x1b, 0xb9, 0x00, 0x00, 0x00, 0x01, 0x3e, 0x59, 0xb8, 0x00,
  0x00, 0x45, 0x58, 0xb8, 0x00, 0x06, 0x2f, 0x1b, 0xb9, 0x00, 0x06, 0x00,
  0x01, 0x3e, 0x59, 0xba, 0x00, 0x0d, 0x00, 0x04, 0x00, 0x03, 0x2b, 0xb8,
  0x00, 0x0d, 0x10, 0x30, 0x31, 0x29, 0x01, 0x11, 0x21, 0x11, 0x21, 0x11,
  0x21, 0x11, 0x21, 0x11, 0x21, 0x11, 0x21, 0x11, 0x21, 0x06, 0x00, 0xff,
  0x00, 0xff, 0x00, 0xff, 0x00, 0xfe, 0x00, 0x01, 0x00, 0x01, 0x00, 0x01,
  0x00, 0x02, 0x00, 0x01, 0x00, 0x01, 0x00, 0xfe, 0x00, 0x05, 0x00, 0xff,
  0x00, 0xff, 0x00, 0x02, 0x00, 0x00, 0x00, 0x02, 0x01, 0x00, 0x00, 0x00,
  0x06, 0x00, 0x05, 0x00, 0x00, 0x0b, 0x00, 0x0f, 0x00, 0x5d, 0x00, 0xb8,
  0x00, 0x00, 0x45, 0x58, 0xb8, 0x00, 0x08, 0x2f, 0x1b, 0xb9, 0x00, 0x08,
  0x00, 0x05, 0x3e, 0x59, 0xb8, 0x00, 0x00, 0x45, 0x58, 0xb8, 0x00, 0x02,
  0x2f, 0x1b, 0xb9, 0x00, 0x02, 0x00, 0x01, 0x3e, 0x59, 0xb8, 0x00, 0x00,
  0xdc, 0xb8, 0x00, 0x04, 0xd0, 0xb8, 0x00, 0x05, 0xd0, 0xb8, 0x00, 0x08,
  0x10, 0xb8, 0x00, 0x06, 0xdc, 0xb8, 0x00, 0x0a, 0xd0, 0xb8, 0x00, 0x0b,
  0xd0, 0xb8, 0x00, 0x05, 0x10, 0xb8, 0x00, 0x0c, 0xd0, 0xb8, 0x00, 0x0b,
  0x10, 0xb8, 0x00, 0x0d, 0xd0, 0xb8, 0x00, 0x0e, 0xd0, 0xb8, 0x00, 0x0c,
  0x10, 0xb8, 0x00, 0x0f, 0xd0, 0x30, 0x31, 0x01, 0x21, 0x11, 0x21, 0x11,
  0x21, 0x11, 0x21, 0x11, 0x21, 0x11, 0x21, 0x01, 0x11, 0x21, 0x11, 0x06,
  0x00, 0xff, 0x00, 0xfd, 0x00, 0xff, 0x00, 0x01, 0x00, 0x03, 0x00, 0x01,
  0x00, 0xfe, 0x00, 0xff, 0x00, 0x01, 0x00, 0xff, 0x00, 0x01, 0x00, 0x03,
  0x00, 0x01, 0x00, 0xff, 0x00, 0xfd, 0x00, 0x03, 0x00, 0xfd, 0x00, 0x00,
  0x00, 0x02, 0x01, 0x00, 0x00, 0x00, 0x06, 0x00, 0x05, 0x00, 0x00, 0x09,
  0x00, 0x0d, 0x00, 0x5d, 0x00, 0xb8, 0x00, 0x00, 0x45, 0x58, 0xb8, 0x00,
  0x06, 0x2f, 0x1b, 0xb9, 0x00, 0x06, 0x00, 0x05, 0x3e, 0x59, 0xb8, 0x00,
  0x00, 0x45, 0x58, 0xb8, 0x00, 0x04, 0x2f, 0x1b, 0xb9, 0x00, 0x04, 0x00,
  0x01, 0x3e, 0x59, 0xba, 0x00, 0x09, 0x00, 0x00, 0x00, 0x03, 0x2b, 0xb8,
  0x00, 0x09, 0x10, 0xb8, 0x00, 0x00, 0x10, 0xb8, 0x00, 0x02, 0xdc, 0xb8,
  0x00, 0x06, 0x10, 0xb8, 0x00, 0x08, 0xdc, 0xb8, 0x00, 0x00, 0x10, 0xb8,
  0x00, 0x0a, 0xd0, 0xb8, 0x00, 0x08, 0x10, 0xb8, 0x00, 0x0b, 0xd0, 0xb8,
  0x00, 0x0c, 0xd0, 0xb8, 0x00, 0x01, 0x10, 0xb8, 0x00, 0x0d, 0xd0, 0x30,
  0x31, 0x01, 0x21, 0x11, 0x21, 0x11, 0x21, 0x11, 0x21, 0x11, 0x21, 0x01,
  0x11, 0x21, 0x11, 0x06, 0x00, 0xff, 0x00, 0xfe, 0x00, 0xfe, 0x00, 0x04,
  0x00, 0x01, 0x00, 0xfe, 0x00, 0xff, 0x00, 0x03, 0x00, 0xff, 0x00, 0xfe,
  0x00, 0x05, 0x00, 0xff, 0x00, 0xff, 0x00, 0x01, 0x00, 0xff, 0x00, 0x00,
  0x00, 0x02, 0x01, 0x00, 0xff, 0x00, 0x06, 0x00, 0x05, 0x00, 0x00, 0x0f,
  0x00, 0x13, 0x00, 0x8a, 0x00, 0xb8, 0x00, 0x00, 0x45, 0x58, 0xb8, 0x00,
  0x08, 0x2f, 0x1b, 0xb9, 0x00, 0x08, 0x00, 0x05, 0x3e, 0x59, 0xb8, 0x00,
  0x00, 0x45, 0x58, 0xb8, 0x00, 0x00, 0x2f, 0x1b, 0xb9, 0x00, 0x00, 0x00,
  0x03, 0x3e, 0x59, 0xb8, 0x00, 0x00, 0x45, 0x58, 0xb8, 0x00, 0x03, 0x2f,
  0x1b, 0xb9, 0x00, 0x03, 0x00, 0x01, 0x3e, 0x59, 0xb8, 0x00, 0x00, 0x10,
  0xb8, 0x00, 0x02, 0xdc, 0xb8, 0x00, 0x03, 0x10, 0xb8, 0x00, 0x04, 0xdc,
  0xb8, 0x00, 0x08, 0x10, 0xb8, 0x00, 0x06, 0xdc, 0xb8, 0x00, 0x0a, 0xd0,
  0xb8, 0x00, 0x0b, 0xd0, 0xb8, 0x00, 0x04, 0x10, 0xb8, 0x00, 0x0c, 0xd0,
  0xb8, 0x00, 0x0d, 0xd0, 0xb8, 0x00, 0x02, 0x10, 0xb8, 0x00, 0x0e, 0xd0,
  0xb8, 0x00, 0x0f, 0xd0, 0xb8, 0x00, 0x0d, 0x10, 0xb8, 0x00, 0x10, 0xd0,
  0xb8, 0x00, 0x0b, 0x10, 0xb8, 0x00, 0x11, 0xd0, 0xb8, 0x00, 0x12, 0xd0,
  0xb8, 0x00, 0x10, 0x10, 0xb8, 0x00, 0x13, 0xd0, 0x30, 0x31, 0x01, 0x21,
  0x11, 0x21, 0x11, 0x21, 0x11, 0x21, 0x11, 0x21, 0x11, 0x21, 0x11, 0x21,
  0x11, 0x21, 0x01, 0x11, 0x21, 0x11, 0x06, 0x00, 0xfe, 0x00, 0xfe, 0x00,
  0xff, 0x00, 0x01, 0x00, 0x03, 0x00, 0x01, 0x00, 0xff, 0x00, 0x01, 0x00,
  0xfe, 0x00, 0xff, 0x00, 0xff, 0x00, 0x01, 0x00, 0x01, 0x00, 0x03, 0x00,
  0x01, 0x00, 0xff, 0x00, 0xfd, 0x00, 0xff, 0x00, 0x01, 0x00, 0x03, 0x00,
  0xfd, 0x00, 0x00, 0x02, 0x01, 0x00, 0x00, 0x00, 0x06, 0x00, 0x05, 0x00,
  0x00, 0x0d, 0x00, 0x11, 0x00, 0x72, 0x00, 0xb8, 0x00, 0x00, 0x45, 0x58,
  0xb8, 0x00, 0x06, 0x2f, 0x1b, 0xb9, 0x00, 0x06, 0x00, 0x05, 0x3e, 0x59,
  0xb8, 0x00, 0x00, 0x45, 0x58, 0xb8, 0x00, 0x00, 0x2f, 0x1b, 0xb9, 0x00,
  0x00, 0x00, 0x01, 0x3e, 0x59, 0xb8, 0x00, 0x00, 0x45, 0x58, 0xb8, 0x00,
  0x04, 0x2f, 0x1b, 0xb9, 0x00, 0x04, 0x00, 0x01, 0x3e, 0x59, 0xba, 0x00,
  0x09, 0x00, 0x0a, 0x00, 0x03, 0x2b, 0xb8, 0x00, 0x09, 0x10, 0xb8, 0x00,
  0x04, 0x10, 0xb8, 0x00, 0x02, 0xdc, 0xb8, 0x00, 0x06, 0x10, 0xb8, 0x00,
  0x08, 0xdc, 0xb8, 0x00, 0x02, 0x10, 0xb8, 0x00, 0x0c, 0xd0, 0xb8, 0x00,
  0x0d, 0xd0, 0xb8, 0x00, 0x0a, 0x10, 0xb8, 0x00, 0x0e, 0xd0, 0xb8, 0x00,
  0x08, 0x10, 0xb8, 0x00, 0x0f, 0xd0, 0xb8, 0x00, 0x10, 0xd0, 0x30, 0x31,
  0x29, 0x01, 0x11, 0x21, 0x11, 0x21, 0x11, 0x21, 0x11, 0x21, 0x11, 0x21,
  0x11, 0x21, 0x01, 0x11, 0x21, 0x11, 0x06, 0x00, 0xfe, 0x00, 0xff, 0x00,
  0xfe, 0x00, 0x04, 0x00, 0x01, 0x00, 0xff, 0x00, 0x01, 0x00, 0xfe, 0x00,
  0xff, 0x00, 0x01, 0x00, 0xff, 0x00, 0x05, 0x00, 0xff, 0x00, 0xff, 0x00,
  0xfe, 0x00, 0x02, 0x00, 0x01, 0x00, 0xff, 0x00, 0x00, 0x01, 0x01, 0x00,
  0x00, 0x00, 0x06, 0x00, 0x05, 0x00, 0x00, 0x13, 0x00, 0x6d, 0x00, 0xb8,
  0x00, 0x00, 0x45, 0x58, 0xb8, 0x00, 0x0c, 0x2f, 0x1b, 0xb9, 0x00, 0x0c,
  0x00, 0x05, 0x3e, 0x59, 0xb8, 0x00, 0x00, 0x45, 0x58, 0xb8, 0x00, 0x02,
  0x2f, 0x1b, 0xb9, 0x00, 0x02, 0x00, 0x01, 0x3e, 0x59, 0xba, 0x00, 0x0b,
  0x00, 0x08, 0x00, 0x03, 0x2b, 0xb8, 0x00, 0x0b, 0x10, 0xb8, 0x00, 0x02,
  0x10, 0xb8, 0x00, 0x00, 0xdc, 0xb8, 0x00, 0x04, 0xd0, 0xb8, 0x00, 0x05,
  0xd0, 0xb8, 0x00, 0x00, 0x10, 0xb8, 0x00, 0x13, 0xdc, 0xb8, 0x00, 0x06,
  0xd0, 0xb8, 0x00, 0x0c, 0x10, 0xb8, 0x00, 0x0a, 0xdc, 0xb8, 0x00, 0x0e,
  0xd0, 0xb8, 0x00, 0x0f, 0xd0, 0xb8, 0x00, 0x08, 0x10, 0xb8, 0x00, 0x10,
  0xd0, 0xb8, 0x00, 0x06, 0x10, 0xb8, 0x00, 0x12, 0xd0, 0x30, 0x31, 0x01,
  0x21, 0x11, 0x21, 0x11, 0x21, 0x11, 0x21, 0x11, 0x21, 0x11, 0x21, 0x11,
  0x21, 0x11, 0x21, 0x11, 0x21, 0x11, 0x21, 0x06, 0x00, 0xff, 0x00, 0xfc,
  0x00, 0x03, 0x00, 0xfe, 0x00, 0xff, 0x00, 0x01, 0x00, 0x04, 0x00, 0xfd,
  0x00, 0x02, 0x00, 0x01, 0x00, 0x01, 0x00, 0xff, 0x00, 0x01, 0x00, 0x01,
  0x00, 0x01, 0x00, 0x01, 0x00, 0x01, 0x00, 0xff, 0x00, 0xff, 0x00, 0xff,
  0x00, 0x00, 0x00, 0x01, 0x01, 0x00, 0x00, 0x00, 0x05, 0x00, 0x05, 0x00,
  0x00, 0x07, 0x00, 0x35, 0x00, 0xb8, 0x00, 0x00, 0x45, 0x58, 0xb8, 0x00,
  0x06, 0x2f, 0x1b, 0xb9, 0x00, 0x06, 0x00, 0x05, 0x3e, 0x59, 0xb8, 0x00,
  0x00, 0x45, 0x58, 0xb8, 0x00, 0x02, 0x2f, 0x1b, 0xb9, 0x00, 0x02, 0x00,
  0x01, 0x3e, 0x59, 0xb8, 0x00, 0x06, 0x10, 0xb8, 0x00, 0x00, 0xdc, 0xb8,
  0x00, 0x04, 0xd0, 0xb8, 0x00, 0x05, 0xd0, 0x30, 0x31, 0x01, 0x21, 0x11,
  0x21, 0x11, 0x21, 0x11, 0x21, 0x05, 0x00, 0xff, 0x00, 0xfe, 0x00, 0xff,
  0x00, 0x04, 0x00, 0x04, 0x00, 0xfc, 0x00, 0x04, 0x00, 0x01, 0x00, 0x00,
  0x00, 0x01, 0x01, 0x00, 0x00, 0x00, 0x06, 0x00, 0x05, 0x00, 0x00, 0x0b,
  0x00, 0x4a, 0x00, 0xb8, 0x00, 0x00, 0x45, 0x58, 0xb8, 0x00, 0x06, 0x2f,
  0x1b, 0xb9, 0x00, 0x06, 0x00, 0x05, 0x3e, 0x59, 0xb8, 0x00, 0x00, 0x45,
  0x58, 0xb8, 0x00, 0x0a, 0x2f, 0x1b, 0xb9, 0x00, 0x0a, 0x00, 0x05, 0x3e,
  0x59, 0xb8, 0x00, 0x00, 0x45, 0x58, 0xb8, 0x00, 0x02, 0x2f, 0x1b, 0xb9,
  0x00, 0x02, 0x00, 0x01, 0x3e, 0x59, 0xb8, 0x00, 0x00, 0xdc, 0xb8, 0x00,
  0x04, 0xd0, 0xb8, 0x00, 0x05, 0xd0, 0xb8, 0x00, 0x08, 0xd0, 0xb8, 0x00,
  0x09, 0xd0, 0x30, 0x31, 0x01, 0x21, 0x11, 0x21, 0x11, 0x21, 0x11, 0x21,
  0x11, 0x21, 0x11, 0x21, 0x06, 0x00, 0xff, 0x00, 0xfd, 0x00, 0xff, 0x00,
  0x02, 0x00, 0x01, 0x00, 0x02, 0x00, 0x01, 0x00, 0xff, 0x00, 0x01, 0x00,
  0x04, 0x00, 0xfc, 0x00, 0x04, 0x00, 0x00, 0x01, 0x01, 0x00, 0x00, 0x00,
  0x06, 0x00, 0x05, 0x00, 0x00, 0x0f, 0x00, 0x52, 0xba, 0x00, 0x04, 0x00,
  0x05, 0x00, 0x03, 0x2b, 0xb8, 0x00, 0x04, 0x10, 0xb8, 0x00, 0x05, 0x10,
  0xb8, 0x00, 0x0b, 0xd0, 0xb8, 0x00, 0x04, 0x10, 0xb8, 0x00, 0x0d, 0xd0,
  0x00, 0xb8, 0x00, 0x00, 0x45, 0x58, 0xb8, 0x00, 0x0a, 0x2f, 0x1b, 0xb9,
  0x00, 0x0a, 0x00, 0x05, 0x3e, 0x59, 0xb8, 0x00, 0x00, 0x45, 0x58, 0xb8,
  0x00, 0x0e, 0x2f, 0x1b, 0xb9, 0x00, 0x0e, 0x00, 0x05, 0x3e, 0x59, 0xb8,
  0x00, 0x00, 0x45, 0x58, 0xb8, 0x00, 0x04, 0x2f, 0x1b, 0xb9, 0x00, 0x04,
  0x00, 0x01, 0x3e, 0x59, 0x30, 0x31, 0x01, 0x21, 0x11, 0x21, 0x11, 0x21,
  0x11, 0x21, 0x11, 0x21, 0x11, 0x21, 0x11, 0x21, 0x11, 0x21, 0x06, 0x00,
  0xff, 0x00, 0xff, 0x00, 0xff, 0x00, 0xff, 0x00, 0xff, 0x00, 0x02, 0x00,
  0x01, 0x00, 0x02, 0x00, 0x02, 0x00, 0xff, 0x00, 0xff, 0x00, 0x01, 0x00,
  0x01, 0x00, 0x03, 0x00, 0xfd, 0x00, 0x03, 0x00, 0x00, 0x01, 0x01, 0x00,
  0x00, 0x00, 0x06, 0x00, 0x05, 0x00, 0x00, 0x0f, 0x00, 0x6b, 0xba, 0x00,
  0x08, 0x00, 0x09, 0x00, 0x03, 0x2b, 0xb8, 0x00, 0x08, 0x10, 0xba, 0x00,
  0x00, 0x00, 0x01, 0x00, 0x03, 0x2b, 0xb8, 0x00, 0x00, 0x10, 0x00, 0xb8,
  0x00, 0x00, 0x45, 0x58, 0xb8, 0x00, 0x0a, 0x2f, 0x1b, 0xb9, 0x00, 0x0a,
  0x00, 0x05, 0x3e, 0x59, 0xb8, 0x00, 0x00, 0x45, 0x58, 0xb8, 0x00, 0x0e,
  0x2f, 0x1b, 0xb9, 0x00, 0x0e, 0x00, 0x05, 0x3e, 0x59, 0xb8, 0x00, 0x00,
  0x45, 0x58, 0xb8, 0x00, 0x00, 0x2f, 0x1b, 0xb9, 0x00, 0x00, 0x00, 0x01,
  0x3e, 0x59, 0xb8, 0x00, 0x00, 0x45, 0x58, 0xb8, 0x00, 0x08, 0x2f, 0x1b,
  0xb9, 0x00, 0x08, 0x00, 0x01, 0x3e, 0x59, 0xba, 0x00, 0x0d, 0x00, 0x04,
  0x00, 0x03, 0x2b, 0xb8, 0x00, 0x0d, 0x10, 0x30, 0x31, 0x29, 0x01, 0x11,
  0x21, 0x11, 0x21, 0x11, 0x21, 0x11, 0x21, 0x11, 0x21, 0x11, 0x21, 0x11,
  0x21, 0x06, 0x00, 0xff, 0x00, 0xff, 0x00, 0xff, 0x00, 0xff, 0x00, 0xff,
  0x00, 0x02, 0x00, 0x01, 0x00, 0x02, 0x00, 0x01, 0x00, 0x01, 0x00, 0xff,
  0x00, 0xff, 0x00, 0x05, 0x00, 0xfe, 0x00, 0x02, 0x00, 0x00, 0x00, 0x01,
  0x01, 0x00, 0x00, 0x00, 0x06, 0x00, 0x05, 0x00, 0x00, 0x1b, 0x00, 0xa3,
  0xba, 0x00, 0x02, 0x00, 0x03, 0x00, 0x03, 0x2b, 0xb8, 0x00, 0x02, 0x10,
  0xb8, 0x00, 0x03, 0x10, 0xb8, 0x00, 0x09, 0xd0, 0xb8, 0x00, 0x03, 0x10,
  0xb8, 0x00, 0x0f, 0xd0, 0xb8, 0x00, 0x02, 0x10, 0xb8, 0x00, 0x11, 0xd0,
  0xb8, 0x00, 0x02, 0x10, 0xb8, 0x00, 0x17, 0xd0, 0x00, 0xb8, 0x00, 0x00,
  0x45, 0x58, 0xb8, 0x00, 0x0e, 0x2f, 0x1b, 0xb9, 0x00, 0x0e, 0x00, 0x05,
  0x3e, 0x59, 0xb8, 0x00, 0x00, 0x45, 0x58, 0xb8, 0x00, 0x12, 0x2f, 0x1b,
  0xb9, 0x00, 0x12, 0x00, 0x05, 0x3e, 0x59, 0xb8, 0x00, 0x00, 0x45, 0x58,
  0xb8, 0x00, 0x00, 0x2f, 0x1b, 0xb9, 0x00, 0x00, 0x00, 0x01, 0x3e, 0x59,
  0xb8, 0x00, 0x00, 0x45, 0x58, 0xb8, 0x00, 0x04, 0x2f, 0x1b, 0xb9, 0x00,
  0x04, 0x00, 0x01, 0x3e, 0x59, 0xb8, 0x00, 0x02, 0xdc, 0xb8, 0x00, 0x06,
  0xd0, 0xb8, 0x00, 0x07, 0xd0, 0xb8, 0x00, 0x0e, 0x10, 0xb8, 0x00, 0x0c,
  0xdc, 0xb8, 0x00, 0x10, 0xd0, 0xb8, 0x00, 0x11, 0xd0, 0xb8, 0x00, 0x14,
  0xd0, 0xb8, 0x00, 0x15, 0xd0, 0xb8, 0x00, 0x07, 0x10, 0xb8, 0x00, 0x1a,
  0xd0, 0xb8, 0x00, 0x1b, 0xd0, 0x30, 0x31, 0x29, 0x01, 0x11, 0x21, 0x11,
  0x21, 0x11, 0x21, 0x11, 0x21, 0x11, 0x21, 0x11, 0x21, 0x11, 0x21, 0x11,
  0x21, 0x11, 0x21, 0x11, 0x21, 0x11, 0x21, 0x11, 0x21, 0x11, 0x21, 0x06,
  0x00, 0xfe, 0x00, 0xff, 0x00, 0xfe, 0x00, 0x01, 0x00, 0x01, 0x00, 0xff,
  0x00, 0xff, 0x00, 0x02, 0x00, 0x01, 0x00, 0x02, 0x00, 0xff, 0x00, 0xff,
  0x00, 0x01, 0x00, 0x01, 0x00, 0x01, 0x00, 0xff, 0x00, 0x01, 0x00, 0x01,
  0x00, 0x01, 0x00, 0x01, 0x00, 0x01, 0x00, 0xff, 0x00, 0x01, 0x00, 0xff,
  0x00, 0xff, 0x00, 0xff, 0x00, 0xff, 0x00, 0x00, 0x00, 0x01, 0x01, 0x00,
  0x00, 0x00, 0x06, 0x00, 0x05, 0x00, 0x00, 0x0d, 0x00, 0x36, 0x00, 0xb8,
  0x00, 0x00, 0x45, 0x58, 0xb8, 0x00, 0x08, 0x2f, 0x1b, 0xb9, 0x00, 0x08,
  0x00, 0x05, 0x3e, 0x59, 0xb8, 0x00, 0x00, 0x45, 0x58, 0xb8, 0x00, 0x0c,
  0x2f, 0x1b, 0xb9, 0x00, 0x0c, 0x00, 0x05, 0x3e, 0x59, 0xb8, 0x00, 0x00,
  0x45, 0x58, 0xb8, 0x00, 0x02, 0x2f, 0x1b, 0xb9, 0x00, 0x02, 0x00, 0x01,
  0x3e, 0x59, 0x30, 0x31, 0x01, 0x21, 0x11, 0x21, 0x11, 0x21, 0x11, 0x21,
  0x11, 0x21, 0x11, 0x21, 0x11, 0x21, 0x06, 0x00, 0xff, 0x00, 0xfe, 0x00,
  0xff, 0x00, 0xff, 0x00, 0x02, 0x00, 0x01, 0x00, 0x02, 0x00, 0x02, 0x00,
  0xfe, 0x00, 0x02, 0x00, 0x01, 0x00, 0x02, 0x00, 0xfe, 0x00, 0x02, 0x00,
  0x00, 0x01, 0x01, 0x00, 0x00, 0x00, 0x06, 0x00, 0x05, 0x00, 0x00, 0x0f,
  0x00, 0x51, 0x00, 0xb8, 0x00, 0x00, 0x45, 0x58, 0xb8, 0x00, 0x08, 0x2f,
  0x1b, 0xb9, 0x00, 0x08, 0x00, 0x05, 0x3e, 0x59, 0xb8, 0x00, 0x00, 0x45,
  0x58, 0xb8, 0x00, 0x00, 0x2f, 0x1b, 0xb9, 0x00, 0x00, 0x00, 0x01, 0x3e,
  0x59, 0xba, 0x00, 0x04, 0x00, 0x03, 0x00, 0x03, 0x2b, 0xb8, 0x00, 0x04,
  0x10, 0xb8, 0x00, 0x08, 0x10, 0xb8, 0x00, 0x06, 0xdc, 0xb8, 0x00, 0x04,
  0x10, 0xb8, 0x00, 0x0a, 0xd0, 0xb8, 0x00, 0x03, 0x10, 0xb8, 0x00, 0x0c,
  0xd0, 0xb8, 0x00, 0x00, 0x10, 0xb8, 0x00, 0x0e, 0xdc, 0x30, 0x31, 0x29,
  0x01, 0x11, 0x21, 0x11, 0x21, 0x11, 0x21, 0x11, 0x21, 0x11, 0x21, 0x11,
  0x21, 0x11, 0x21, 0x06, 0x00, 0xfb, 0x00, 0x02, 0x00, 0x01, 0x00, 0xfd,
  0x00, 0x05, 0x00, 0xff, 0x00, 0xfe, 0x00, 0x03, 0x00, 0x02, 0x00, 0x01,
  0x00, 0x01, 0x00, 0x01, 0x00, 0xfe, 0x00, 0xff, 0x00, 0xff, 0x00, 0x00,
  0x00, 0x01, 0x01, 0x00, 0xff, 0x00, 0x05, 0x00, 0x06, 0x00, 0x00, 0x13,
  0x00, 0x58, 0x00, 0xb8, 0x00, 0x00, 0x45, 0x58, 0xb8, 0x00, 0x00, 0x2f,
  0x1b, 0xb9, 0x00, 0x00, 0x00, 0x03, 0x3e, 0x59, 0xba, 0x00, 0x0a, 0x00,
  0x09, 0x00, 0x03, 0x2b, 0xb8, 0x00, 0x0a, 0x10, 0xba, 0x00, 0x07, 0x00,
  0x04, 0x00, 0x03, 0x2b, 0xb8, 0x00, 0x07, 0x10, 0xb8, 0x00, 0x00, 0x10,
  0xb8, 0x00, 0x02, 0xdc, 0xb8, 0x00, 0x09, 0x10, 0xb8, 0x00, 0x0c, 0xd0,
  0xb8, 0x00, 0x07, 0x10, 0xb8, 0x00, 0x0e, 0xd0, 0xb8, 0x00, 0x04, 0x10,
  0xb8, 0x00, 0x10, 0xd0, 0xb8, 0x00, 0x02, 0x10, 0xb8, 0x00, 0x12, 0xd0,
  0xb8, 0x00, 0x13, 0xd0, 0x30, 0x31, 0x01, 0x21, 0x11, 0x21, 0x11, 0x21,
  0x11, 0x21, 0x11, 0x21, 0x11, 0x21, 0x11, 0x21, 0x11, 0x21, 0x11, 0x21,
  0x11, 0x21, 0x05, 0x00, 0xfe, 0x00, 0xff, 0x00, 0xff, 0x00, 0x01, 0x00,
  0x01, 0x00, 0x02, 0x00, 0xff, 0x00, 0xff, 0x00, 0x01, 0x00, 0x01, 0x00,
  0xff, 0x00, 0x01, 0x00, 0x02, 0x00, 0x01, 0x00, 0x02, 0x00, 0x01, 0x00,
  0xff, 0x00, 0xfe, 0x00, 0xff, 0x00, 0xfe, 0x00, 0x00, 0x01, 0x01, 0x00,
  0xff, 0x00, 0x02, 0x00, 0x05, 0x00, 0x00, 0x03, 0x00, 0x2d, 0xba, 0x00,
  0x00, 0x00, 0x01, 0x00, 0x03, 0x2b, 0x00, 0xb8, 0x00, 0x00, 0x45, 0x58,
  0xb8, 0x00, 0x02, 0x2f, 0x1b, 0xb9, 0x00, 0x02, 0x00, 0x05, 0x3e, 0x59,
  0xb8, 0x00, 0x00, 0x45, 0x58, 0xb8, 0x00, 0x00, 0x2f, 0x1b, 0xb9, 0x00,
  0x00, 0x00, 0x03, 0x3e, 0x59, 0x30, 0x31, 0x01, 0x21, 0x11, 0x21, 0x02,
  0x00, 0xff, 0x00, 0x01, 0x00, 0xff, 0x00, 0x06, 0x00, 0x00, 0x00, 0x01,
  0x01, 0x00, 0xff, 0x00, 0x05, 0x00, 0x06, 0x00, 0x00, 0x13, 0x00, 0x54,
  0x00, 0xb8, 0x00, 0x00, 0x45, 0x58, 0xb8, 0x00, 0x04, 0x2f, 0x1b, 0xb9,
  0x00, 0x04, 0x00, 0x03, 0x3e, 0x59, 0xba, 0x00, 0x0e, 0x00, 0x0d, 0x00,
  0x03, 0x2b, 0xb8, 0x00, 0x0e, 0x10, 0xba, 0x00, 0x13, 0x00, 0x00, 0x00,
  0x03, 0x2b, 0xb8, 0x00, 0x13, 0x10, 0xb8, 0x00, 0x04, 0x10, 0xb8, 0x00,
  0x02, 0xdc, 0xb8, 0x00, 0x06, 0xd0, 0xb8, 0x00, 0x07, 0xd0, 0xb8, 0x00,
  0x00, 0x10, 0xb8, 0x00, 0x08, 0xd0, 0xb8, 0x00, 0x13, 0x10, 0xb8, 0x00,
  0x0a, 0xd0, 0xb8, 0x00, 0x0d, 0x10, 0xb8, 0x00, 0x10, 0xd0, 0x30, 0x31,
  0x01, 0x21, 0x11, 0x21, 0x11, 0x21, 0x11, 0x21, 0x11, 0x21, 0x11, 0x21,
  0x11, 0x21, 0x11, 0x21, 0x11, 0x21, 0x11, 0x21, 0x05, 0x00, 0xff, 0x00,
  0xff, 0x00, 0xfe, 0x00, 0x01, 0x00, 0x01, 0x00, 0xff, 0x00, 0xff, 0x00,
  0x02, 0x00, 0x01, 0x00, 0x01, 0x00, 0x02, 0x00, 0xfe, 0x00, 0xff, 0x00,
  0x01, 0x00, 0x02, 0x00, 0x01, 0x00, 0x02, 0x00, 0x01, 0x00, 0xff, 0x00,
  0xfe, 0x00, 0x00, 0x01, 0x01, 0x00, 0x02, 0x00, 0x05, 0x00, 0x04, 0x00,
  0x00, 0x0f, 0x00, 0x97, 0xba, 0x00, 0x06, 0x00, 0x07, 0x00, 0x03, 0x2b,
  0xb8, 0x00, 0x06, 0x10, 0xb8, 0x00, 0x04, 0xdc, 0xb8, 0x00, 0x02, 0xdc,
  0xb8, 0x00, 0x00, 0xdc, 0xb8, 0x00, 0x06, 0x10, 0xb8, 0x00, 0x09, 0xd0,
  0xb8, 0x00, 0x05, 0x10, 0xb8, 0x00, 0x0a, 0xd0, 0xb8, 0x00, 0x04, 0x10,
  0xb8, 0x00, 0x0b, 0xd0, 0xb8, 0x00, 0x03, 0x10, 0xb8, 0x00, 0x0c, 0xd0,
  0xb8, 0x00, 0x02, 0x10, 0xb8, 0x00, 0x0d, 0xd0, 0xb8, 0x00, 0x01, 0x10,
  0xb8, 0x00, 0x0e, 0xd0, 0x00, 0xba, 0x00, 0x01, 0x00, 0x02, 0x00, 0x03,
  0x2b, 0xb8, 0x00, 0x01, 0x10, 0xb8, 0x00, 0x04, 0xd0, 0xb8, 0x00, 0x00,
  0x10, 0xb8, 0x00, 0x05, 0xd0, 0xb8, 0x00, 0x02, 0x10, 0xb8, 0x00, 0x06,
  0xd0, 0xb8, 0x00, 0x01, 0x10, 0xb8, 0x00, 0x08, 0xd0, 0xb8, 0x00, 0x00,
  0x10, 0xb8, 0x00, 0x09, 0xd0, 0xb8, 0x00, 0x01, 0x10, 0xb8, 0x00, 0x0f,
  0xdc, 0xb8, 0x00, 0x0a, 0xd0, 0xb8, 0x00, 0x01, 0x10, 0xb8, 0x00, 0x0c,
  0xd0, 0xb8, 0x00, 0x00, 0x10, 0xb8, 0x00, 0x0d, 0xd0, 0x30, 0x31, 0x01,
  0x21, 0x11, 0x21, 0x11, 0x21, 0x11, 0x21, 0x11, 0x21, 0x11, 0x21, 0x11,
  0x21, 0x11, 0x21, 0x05, 0x00, 0xff, 0x00, 0xff, 0x00, 0xff, 0x00, 0xff,
  0x00, 0x01, 0x00, 0x01, 0x00, 0x01, 0x00, 0x01, 0x00, 0x03, 0x00, 0xff,
  0x00, 0x01, 0x00, 0xff, 0x00, 0x01, 0x00, 0x01, 0x00, 0xff, 0x00, 0x01,
  0x00, 0x00, 0x00, 0x03, 0x01, 0x00, 0x00, 0x00, 0x06, 0x00, 0x05, 0x00,
  0x00, 0x0f, 0x00, 0x13, 0x00, 0x17, 0x00, 0xa1, 0x00, 0xb8, 0x00, 0x00,
  0x45, 0x58, 0xb8, 0x00, 0x08, 0x2f, 0x1b, 0xb9, 0x00, 0x08, 0x00, 0x05,
  0x3e, 0x59, 0xb8, 0x00, 0x00, 0x45, 0x58, 0xb8, 0x00, 0x02, 0x2f, 0x1b,
  0xb9, 0x00, 0x02, 0x00, 0x01, 0x3e, 0x59, 0xba, 0x00, 0x0d, 0x00, 0x0e,
  0x00, 0x03, 0x2b, 0xb8, 0x00, 0x0d, 0x10, 0xb8, 0x00, 0x02, 0x10, 0xb8,
  0x00, 0x00, 0xdc, 0xb8, 0x00, 0x04, 0xd0, 0xb8, 0x00, 0x05, 0xd0, 0xb8,
  0x00, 0x08, 0x10, 0xb8, 0x00, 0x06, 0xdc, 0xb8, 0x00, 0x0a, 0xd0, 0xb8,
  0x00, 0x0b, 0xd0, 0xb8, 0x00, 0x07, 0xd0, 0xb8, 0x00, 0x0b, 0x10, 0xb8,
  0x00, 0x0c, 0xdc, 0xb8, 0x00, 0x00, 0x10, 0xb8, 0x00, 0x0f, 0xdc, 0xb8,
  0x00, 0x0c, 0x10, 0xb8, 0x00, 0x10, 0xd0, 0xb8, 0x00, 0x0b, 0x10, 0xb8,
  0x00, 0x11, 0xd0, 0xb8, 0x00, 0x12, 0xd0, 0xb8, 0x00, 0x0d, 0x10, 0xb8,
  0x00, 0x13, 0xd0, 0xb8, 0x00, 0x05, 0x10, 0xb8, 0x00, 0x14, 0xd0, 0xb8,
  0x00, 0x0f, 0x10, 0xb8, 0x00, 0x15, 0xd0, 0xb8, 0x00, 0x0e, 0x10, 0xb8,
  0x00, 0x16, 0xd0, 0xb8, 0x00, 0x14, 0x10, 0xb8, 0x00, 0x17, 0xd0, 0x30,
  0x31, 0x01, 0x21, 0x11, 0x21, 0x11, 0x21, 0x11, 0x21, 0x11, 0x21, 0x11,
  0x21, 0x11, 0x21, 0x11, 0x21, 0x01, 0x11, 0x21, 0x11, 0x01, 0x11, 0x21,
  0x11, 0x06, 0x00, 0xff, 0x00, 0xfd, 0x00, 0xff, 0x00, 0x01, 0x00, 0x03,
  0x00, 0x01, 0x00, 0xfe, 0x00, 0x02, 0x00, 0xfe, 0x00, 0xff, 0x00, 0x01,
  0x00, 0xff, 0x00, 0x01, 0x00, 0xff, 0x00, 0x01, 0x00, 0x03, 0x00, 0x01,
  0x00, 0xff, 0x00, 0xff, 0x00, 0xff, 0x00, 0x01, 0x00, 0x01, 0x00, 0xff,
  0x00, 0xfe, 0x00, 0x01, 0x00, 0xff, 0x00, 0x00, 0x00, 0x01, 0x01, 0x00,
  0xff, 0x00, 0x03, 0x00, 0x01, 0x00, 0x00, 0x07, 0x00, 0x5d, 0xba, 0x00,
  0x02, 0x00, 0x03, 0x00, 0x03, 0x2b, 0xb8, 0x00, 0x02, 0x10, 0xba, 0x00,
  0x00, 0x00, 0x01, 0x00, 0x03, 0x2b, 0xb8, 0x00, 0x00, 0x10, 0xb8, 0x00,
  0x02, 0x10, 0xb8, 0x00, 0x05, 0xd0, 0x00, 0xb8, 0x00, 0x00, 0x45, 0x58,
  0xb8, 0x00, 0x02, 0x2f, 0x1b, 0xb9, 0x00, 0x02, 0x00, 0x03, 0x3e, 0x59,
  0xb8, 0x00, 0x00, 0x45, 0x58, 0xb8, 0x00, 0x01, 0x2f, 0x1b, 0xb9, 0x00,
  0x01, 0x00, 0x01, 0x3e, 0x59, 0xb8, 0x00, 0x02, 0x10, 0xb8, 0x00, 0x00,
  0xdc, 0xb8, 0x00, 0x04, 0xd0, 0xb8, 0x00, 0x05, 0xd0, 0xb8, 0x00, 0x01,
  0x10, 0xb8, 0x00, 0x06, 0xdc, 0x30, 0x31, 0x29, 0x01, 0x11, 0x21, 0x11,
  0x21, 0x11, 0x21, 0x03, 0x00, 0xff, 0x00, 0xff, 0x00, 0x01, 0x00, 0x01,
  0x00, 0xff, 0x00, 0x01, 0x00, 0x01, 0x00, 0x00, 0x00, 0x01, 0x01, 0x00,
  0xff, 0x00, 0x05, 0x00, 0x01, 0x00, 0x00, 0x0f, 0x00, 0xb6, 0xba, 0x00,
  0x06, 0x00, 0x07, 0x00, 0x03, 0x2b, 0xb8, 0x00, 0x06, 0x10, 0xb8, 0x00,
  0x04, 0xdc, 0xb8, 0x00, 0x02, 0xdc, 0xb8, 0x00, 0x00, 0xdc, 0xb8, 0x00,
  0x06, 0x10, 0xb8, 0x00, 0x09, 0xd0, 0xb8, 0x00, 0x05, 0x10, 0xb8, 0x00,
  0x0a, 0xd0, 0xb8, 0x00, 0x04, 0x10, 0xb8, 0x00, 0x0b, 0xd0, 0xb8, 0x00,
  0x03, 0x10, 0xb8, 0x00, 0x0c, 0xd0, 0xb8, 0x00, 0x02, 0x10, 0xb8, 0x00,
  0x0d, 0xd0, 0xb8, 0x00, 0x01, 0x10, 0xb8, 0x00, 0x0e, 0xd0, 0x00, 0xb8,
  0x00, 0x00, 0x45, 0x58, 0xb8, 0x00, 0x02, 0x2f, 0x1b, 0xb9, 0x00, 0x02,
  0x00, 0x03, 0x3e, 0x59, 0xb8, 0x00, 0x00, 0x45, 0x58, 0xb8, 0x00, 0x06,
  0x2f, 0x1b, 0xb9, 0x00, 0x06, 0x00, 0x03, 0x3e, 0x59, 0xb8, 0x00, 0x00,
  0x45, 0x58, 0xb8, 0x00, 0x01, 0x2f, 0x1b, 0xb9, 0x00, 0x01, 0x00, 0x01,
  0x3e, 0x59, 0xb8, 0x00, 0x02, 0x10, 0xb8, 0x00, 0x00, 0xdc, 0xb8, 0x00,
  0x04, 0xd0, 0xb8, 0x00, 0x05, 0xd0, 0xb8, 0x00, 0x08, 0xd0, 0xb8, 0x00,
  0x09, 0xd0, 0xb8, 0x00, 0x01, 0x10, 0xb8, 0x00, 0x0a, 0xdc, 0xb8, 0x00,
  0x09, 0x10, 0xb8, 0x00, 0x0c, 0xd0, 0xb8, 0x00, 0x0d, 0xd0, 0xb8, 0x00,
  0x0a, 0x10, 0xb8, 0x00, 0x0e, 0xd0, 0xb8, 0x00, 0x0f, 0xd0, 0x30, 0x31,
  0x29, 0x01, 0x11, 0x21, 0x11, 0x21, 0x11, 0x21, 0x11, 0x21, 0x11, 0x21,
  0x11, 0x21, 0x11, 0x21, 0x05, 0x00, 0xff, 0x00, 0xff, 0x00, 0xff, 0x00,
  0xff, 0x00, 0x01, 0x00, 0x01, 0x00, 0x01, 0x00, 0x01, 0x00, 0xff, 0x00,
  0x01, 0x00, 0xff, 0x00, 0x01, 0x00, 0x01, 0x00, 0xff, 0x00, 0x01, 0x00,
  0x00, 0x03, 0x01, 0x00, 0x00, 0x00, 0x06, 0x00, 0x01, 0x00, 0x00, 0x03,
  0x00, 0x07, 0x00, 0x0b, 0x00, 0xe6, 0xba, 0x00, 0x08, 0x00, 0x09, 0x00,
  0x03, 0x2b, 0xb8, 0x00, 0x08, 0x10, 0xb8, 0x00, 0x05, 0xdc, 0x41, 0x05,
  0x00, 0x9f, 0x00, 0x05, 0x00, 0xaf, 0x00, 0x05, 0x00, 0x02, 0x5d, 0x41,
  0x05, 0x00, 0x1f, 0x00, 0x05, 0x00, 0x2f, 0x00, 0x05, 0x00, 0x02, 0x5d,
  0x41, 0x07, 0x00, 0xb0, 0x00, 0x05, 0x00, 0xc0, 0x00, 0x05, 0x00, 0xd0,
  0x00, 0x05, 0x00, 0x03, 0x5d, 0x41, 0x07, 0x00, 0x30, 0x00, 0x05, 0x00,
  0x40, 0x00, 0x05, 0x00, 0x50, 0x00, 0x05, 0x00, 0x03, 0x5d, 0xb8, 0x00,
  0x04, 0xdc, 0xb8, 0x00, 0x01, 0xdc, 0x41, 0x05, 0x00, 0x1f, 0x00, 0x01,
  0x00, 0x2f, 0x00, 0x01, 0x00, 0x02, 0x5d, 0x41, 0x05, 0x00, 0x9f, 0x00,
  0x01, 0x00, 0xaf, 0x00, 0x01, 0x00, 0x02, 0x5d, 0x41, 0x07, 0x00, 0x30,
  0x00, 0x01, 0x00, 0x40, 0x00, 0x01, 0x00, 0x50, 0x00, 0x01, 0x00, 0x03,
  0x5d, 0x41, 0x07, 0x00, 0xb0, 0x00, 0x01, 0x00, 0xc0, 0x00, 0x01, 0x00,
  0xd0, 0x00, 0x01, 0x00, 0x03, 0x5d, 0xb8, 0x00, 0x00, 0xdc, 0xb8, 0x00,
  0x0d, 0xdc, 0x00, 0xb8, 0x00, 0x00, 0x45, 0x58, 0xb8, 0x00, 0x00, 0x2f,
  0x1b, 0xb9, 0x00, 0x00, 0x00, 0x01, 0x3e, 0x59, 0xb8, 0x00, 0x00, 0x45,
  0x58, 0xb8, 0x00, 0x04, 0x2f, 0x1b, 0xb9, 0x00, 0x04, 0x00, 0x01, 0x3e,
  0x59, 0xb8, 0x00, 0x00, 0x45, 0x58, 0xb8, 0x00, 0x08, 0x2f, 0x1b, 0xb9,
  0x00, 0x08, 0x00, 0x01, 0x3e, 0x59, 0xb8, 0x00, 0x00, 0x10, 0xb8, 0x00,
  0x02, 0xdc, 0xb8, 0x00, 0x06, 0xd0, 0xb8, 0x00, 0x07, 0xd0, 0xb8, 0x00,
  0x0a, 0xd0, 0xb8, 0x00, 0x0b, 0xd0, 0x30, 0x31, 0x29, 0x01, 0x11, 0x21,
  0x01, 0x21, 0x11, 0x21, 0x01, 0x21, 0x11, 0x21, 0x06, 0x00, 0xff, 0x00,
  0x01, 0x00, 0xfe, 0x00, 0xff, 0x00, 0x01, 0x00, 0xfe, 0x00, 0xff, 0x00,
  0x01, 0x00, 0x01, 0x00, 0xff, 0x00, 0x01, 0x00, 0xff, 0x00, 0x01, 0x00,
  0x00, 0x01, 0x01, 0x00, 0xff, 0x00, 0x04, 0x00, 0x05, 0x00, 0x00, 0x0b,
  0x00, 0x5d, 0xba, 0x00, 0x02, 0x00, 0x03, 0x00, 0x03, 0x2b, 0xb8, 0x00,
  0x02, 0x10, 0xb8, 0x00, 0x03, 0x10, 0xb8, 0x00, 0x07, 0xd0, 0xb8, 0x00,
  0x02, 0x10, 0xb8, 0x00, 0x09, 0xd0, 0x00, 0xb8, 0x00, 0x00, 0x45, 0x58,
  0xb8, 0x00, 0x08, 0x2f, 0x1b, 0xb9, 0x00, 0x08, 0x00, 0x05, 0x3e, 0x59,
  0xb8, 0x00, 0x00, 0x45, 0x58, 0xb8, 0x00, 0x02, 0x2f, 0x1b, 0xb9, 0x00,
  0x02, 0x00, 0x03, 0x3e, 0x59, 0xba, 0x00, 0x0b, 0x00, 0x00, 0x00, 0x03,
  0x2b, 0xb8, 0x00, 0x0b, 0x10, 0xb8, 0x00, 0x00, 0x10, 0xb8, 0x00, 0x04,
  0xd0, 0xb8, 0x00, 0x0b, 0x10, 0xb8, 0x00, 0x06, 0xd0, 0x30, 0x31, 0x01,
  0x21, 0x11, 0x21, 0x11, 0x21, 0x11, 0x21, 0x11, 0x21, 0x11, 0x21, 0x04,
  0x00, 0xff, 0x00, 0xff, 0x00, 0xff, 0x00, 0x01, 0x00, 0x01, 0x00, 0x01,
  0x00, 0x03, 0x00, 0xfc, 0x00, 0x04, 0x00, 0x01, 0x00, 0x01, 0x00, 0xff,
  0x00, 0x00, 0x00, 0x01, 0x01, 0x00, 0xff, 0x00, 0x04, 0x00, 0x05, 0x00,
  0x00, 0x13, 0x00, 0x89, 0xba, 0x00, 0x02, 0x00, 0x03, 0x00, 0x03, 0x2b,
  0xb8, 0x00, 0x02, 0x10, 0xb8, 0x00, 0x03, 0x10, 0xb8, 0x00, 0x07, 0xd0,
  0xb8, 0x00, 0x03, 0x10, 0xb8, 0x00, 0x0b, 0xd0, 0xb8, 0x00, 0x02, 0x10,
  0xb8, 0x00, 0x0d, 0xd0, 0xb8, 0x00, 0x02, 0x10, 0xb8, 0x00, 0x11, 0xd0,
  0x00, 0xb8, 0x00, 0x00, 0x45, 0x58, 0xb8, 0x00, 0x0c, 0x2f, 0x1b, 0xb9,
  0x00, 0x0c, 0x00, 0x05, 0x3e, 0x59, 0xb8, 0x00, 0x00, 0x45, 0x58, 0xb8,
  0x00, 0x02, 0x2f, 0x1b, 0xb9, 0x00, 0x02, 0x00, 0x03, 0x3e, 0x59, 0xba,
  0x00, 0x0b, 0x00, 0x08, 0x00, 0x03, 0x2b, 0xb8, 0x00, 0x0b, 0x10, 0xba,
  0x00, 0x13, 0x00, 0x00, 0x00, 0x03, 0x2b, 0xb8, 0x00, 0x13, 0x10, 0xb8,
  0x00, 0x00, 0x10, 0xb8, 0x00, 0x04, 0xd0, 0xb8, 0x00, 0x13, 0x10, 0xb8,
  0x00, 0x06, 0xd0, 0xb8, 0x00, 0x0b, 0x10, 0xb8, 0x00, 0x0e, 0xd0, 0xb8,
  0x00, 0x08, 0x10, 0xb8, 0x00, 0x10, 0xd0, 0x30, 0x31, 0x01, 0x21, 0x11,
  0x21, 0x11, 0x21, 0x11, 0x21, 0x11, 0x21, 0x11, 0x21, 0x11, 0x21, 0x11,
  0x21, 0x11, 0x21, 0x11, 0x21, 0x04, 0x00, 0xff, 0x00, 0xff, 0x00, 0xff,
  0x00, 0x01, 0x00, 0xff, 0x00, 0x01, 0x00, 0x01, 0x00, 0x01, 0x00, 0xff,
  0x00, 0x01, 0x00, 0x01, 0x00, 0xfe, 0x00, 0x02, 0x00, 0x01, 0x00, 0x01,
  0x00, 0x01, 0x00, 0x01, 0x00, 0xff, 0x00, 0xff, 0x00, 0xff, 0x00, 0x00,
  0x00, 0x01, 0x01, 0x00, 0x06, 0x00, 0x04, 0x00, 0x08, 0x00, 0x00, 0x0b,
  0x00, 0xf1, 0xba, 0x00, 0x04, 0x00, 0x05, 0x00, 0x03, 0x2b, 0xb8, 0x00,
  0x04, 0x10, 0xb8, 0x00, 0x03, 0xdc, 0x41, 0x21, 0x00, 0x00, 0x00, 0x03,
  0x00, 0x10, 0x00, 0x03, 0x00, 0x20, 0x00, 0x03, 0x00, 0x30, 0x00, 0x03,
  0x00, 0x40, 0x00, 0x03, 0x00, 0x50, 0x00, 0x03, 0x00, 0x60, 0x00, 0x03,
  0x00, 0x70, 0x00, 0x03, 0x00, 0x80, 0x00, 0x03, 0x00, 0x90, 0x00, 0x03,
  0x00, 0xa0, 0x00, 0x03, 0x00, 0xb0, 0x00, 0x03, 0x00, 0xc0, 0x00, 0x03,
  0x00, 0xd0, 0x00, 0x03, 0x00, 0xe0, 0x00, 0x03, 0x00, 0xf0, 0x00, 0x03,
  0x00, 0x10, 0x5d, 0xb8, 0x00, 0x02, 0xdc, 0xb8, 0x00, 0x01, 0xdc, 0x41,
  0x21, 0x00, 0x00, 0x00, 0x01, 0x00, 0x10, 0x00, 0x01, 0x00, 0x20, 0x00,
  0x01, 0x00, 0x30, 0x00, 0x01, 0x00, 0x40, 0x00, 0x01, 0x00, 0x50, 0x00,
  0x01, 0x00, 0x60, 0x00, 0x01, 0x00, 0x70, 0x00, 0x01, 0x00, 0x80, 0x00,
  0x01, 0x00, 0x90, 0x00, 0x01, 0x00, 0xa0, 0x00, 0x01, 0x00, 0xb0, 0x00,
  0x01, 0x00, 0xc0, 0x00, 0x01, 0x00, 0xd0, 0x00, 0x01, 0x00, 0xe0, 0x00,
  0x01, 0x00, 0xf0, 0x00, 0x01, 0x00, 0x10, 0x5d, 0xb8, 0x00, 0x00, 0xdc,
  0xb8, 0x00, 0x04, 0x10, 0xb8, 0x00, 0x07, 0xd0, 0xb8, 0x00, 0x02, 0x10,
  0xb8, 0x00, 0x09, 0xd0, 0xb8, 0x00, 0x00, 0x10, 0xb8, 0x00, 0x0d, 0xdc,
  0x00, 0xba, 0x00, 0x0b, 0x00, 0x00, 0x00, 0x03, 0x2b, 0xb8, 0x00, 0x0b,
  0x10, 0xb8, 0x00, 0x02, 0xd0, 0xb8, 0x00, 0x00, 0x10, 0xb8, 0x00, 0x04,
  0xd0, 0xb8, 0x00, 0x0b, 0x10, 0xb8, 0x00, 0x06, 0xd0, 0xb8, 0x00, 0x02,
  0x10, 0xb8, 0x00, 0x07, 0xd0, 0xb8, 0x00, 0x02, 0x10, 0xb8, 0x00, 0x09,
  0xdc, 0x30, 0x31, 0x01, 0x21, 0x11, 0x21, 0x11, 0x21, 0x11, 0x21, 0x11,
  0x21, 0x11, 0x21, 0x04, 0x00, 0xff, 0x00, 0xff, 0x00, 0xff, 0x00, 0x01,
  0x00, 0x01, 0x00, 0x01, 0x00, 0x06, 0x00, 0x01, 0x00, 0xff, 0x00, 0x01,
  0x00, 0x01, 0x00, 0xff, 0x00, 0x00, 0x00, 0x01, 0x01, 0x00, 0x00, 0x00,
  0x06, 0x00, 0x05, 0x00, 0x00, 0x0f, 0x00, 0x56, 0xba, 0x00, 0x0e, 0x00,
  0x03, 0x00, 0x03, 0x2b, 0xb8, 0x00, 0x0e, 0x10, 0xba, 0x00, 0x0b, 0x00,
  0x0a, 0x00, 0x03, 0x2b, 0xb8, 0x00, 0x0b, 0x10, 0xb8, 0x00, 0x03, 0x10,
  0xb8, 0x00, 0x07, 0xd0, 0x00, 0xb8, 0x00, 0x00, 0x45, 0x58, 0xb8, 0x00,
  0x06, 0x2f, 0x1b, 0xb9, 0x00, 0x06, 0x00, 0x05, 0x3e, 0x59, 0xb8, 0x00,
  0x00, 0x45, 0x58, 0xb8, 0x00, 0x0a, 0x2f, 0x1b, 0xb9, 0x00, 0x0a, 0x00,
  0x05, 0x3e, 0x59, 0xb8, 0x00, 0x00, 0x45, 0x58, 0xb8, 0x00, 0x00, 0x2f,
  0x1b, 0xb9, 0x00, 0x00, 0x00, 0x01, 0x3e, 0x59, 0x30, 0x31, 0x29, 0x01,
  0x11, 0x21, 0x11, 0x21, 0x11, 0x21, 0x11, 0x21, 0x11, 0x21, 0x11, 0x21,
  0x11, 0x21, 0x06, 0x00, 0xfc, 0x00, 0x01, 0x00, 0xfe, 0x00, 0x02, 0x00,
  0x01, 0x00, 0x01, 0x00, 0xff, 0x00, 0x02, 0x00, 0x02, 0x00, 0x01, 0x00,
  0x02, 0x00, 0xff, 0x00, 0x01, 0x00, 0xfe, 0x00, 0xff, 0x00, 0x00, 0x02,
  0x01, 0x00, 0x00, 0x00, 0x06, 0x00, 0x08, 0x00, 0x00, 0x0b, 0x00, 0x1f,
  0x01, 0x9f, 0xba, 0x00, 0x04, 0x00, 0x05, 0x00, 0x03, 0x2b, 0xb8, 0x00,
  0x04, 0x10, 0xb8, 0x00, 0x03, 0xdc, 0x41, 0x21, 0x00, 0x00, 0x00, 0x03,
  0x00, 0x10, 0x00, 0x03, 0x00, 0x20, 0x00, 0x03, 0x00, 0x30, 0x00, 0x03,
  0x00, 0x40, 0x00, 0x03, 0x00, 0x50, 0x00, 0x03, 0x00, 0x60, 0x00, 0x03,
  0x00, 0x70, 0x00, 0x03, 0x00, 0x80, 0x00, 0x03, 0x00, 0x90, 0x00, 0x03,
  0x00, 0xa0, 0x00, 0x03, 0x00, 0xb0, 0x00, 0x03, 0x00, 0xc0, 0x00, 0x03,
  0x00, 0xd0, 0x00, 0x03, 0x00, 0xe0, 0x00, 0x03, 0x00, 0xf0, 0x00, 0x03,
  0x00, 0x10, 0x5d, 0xb8, 0x00, 0x02, 0xdc, 0xb8, 0x00, 0x01, 0xdc, 0x41,
  0x21, 0x00, 0x00, 0x00, 0x01, 0x00, 0x10, 0x00, 0x01, 0x00, 0x20, 0x00,
  0x01, 0x00, 0x30, 0x00, 0x01, 0x00, 0x40, 0x00, 0x01, 0x00, 0x50, 0x00,
  0x01, 0x00, 0x60, 0x00, 0x01, 0x00, 0x70, 0x00, 0x01, 0x00, 0x80, 0x00,
  0x01, 0x00, 0x90, 0x00, 0x01, 0x00, 0xa0, 0x00, 0x01, 0x00, 0xb0, 0x00,
  0x01, 0x00, 0xc0, 0x00, 0x01, 0x00, 0xd0, 0x00, 0x01, 0x00, 0xe0, 0x00,
  0x01, 0x00, 0xf0, 0x00, 0x01, 0x00, 0x10, 0x5d, 0xb8, 0x00, 0x00, 0xdc,
  0xb8, 0x00, 0x04, 0x10, 0xb8, 0x00, 0x07, 0xd0, 0xb8, 0x00, 0x02, 0x10,
  0xb8, 0x00, 0x09, 0xd0, 0xb8, 0x00, 0x00, 0x10, 0xb8, 0x00, 0x0d, 0xd0,
  0xb8, 0x00, 0x02, 0x10, 0xb8, 0x00, 0x11, 0xd0, 0xb8, 0x00, 0x05, 0x10,
  0xb8, 0x00, 0x13, 0xd0, 0xb8, 0x00, 0x05, 0x10, 0xb8, 0x00, 0x17, 0xd0,
  0xb8, 0x00, 0x04, 0x10, 0xb8, 0x00, 0x1b, 0xd0, 0xb8, 0x00, 0x00, 0x10,
  0xb8, 0x00, 0x1d, 0xd0, 0xb8, 0x00, 0x00, 0x10, 0xb8, 0x00, 0x21, 0xdc,
  0x00, 0xb8, 0x00, 0x00, 0x45, 0x58, 0xb8, 0x00, 0x18, 0x2f, 0x1b, 0xb9,
  0x00, 0x18, 0x00, 0x05, 0x3e, 0x59, 0xb8, 0x00, 0x00, 0x45, 0x58, 0xb8,
  0x00, 0x0e, 0x2f, 0x1b, 0xb9, 0x00, 0x0e, 0x00, 0x01, 0x3e, 0x59, 0xba,
  0x00, 0x0b, 0x00, 0x00, 0x00, 0x03, 0x2b, 0xb8, 0x00, 0x0b, 0x10, 0xb8,
  0x00, 0x00, 0x10, 0xb8, 0x00, 0x02, 0xdc, 0xb8, 0x00, 0x00, 0x10, 0xb8,
  0x00, 0x04, 0xd0, 0xb8, 0x00, 0x01, 0x10, 0xb8, 0x00, 0x05, 0xd0, 0xb8,
  0x00, 0x0b, 0x10, 0xb8, 0x00, 0x06, 0xd0, 0xb8, 0x00, 0x00, 0x10, 0xb8,
  0x00, 0x08, 0xd0, 0xb8, 0x00, 0x01, 0x10, 0xb8, 0x00, 0x09, 0xd0, 0xb8,
  0x00, 0x0e, 0x10, 0xb8, 0x00, 0x0c, 0xdc, 0xb8, 0x00, 0x10, 0xd0, 0xb8,
  0x00, 0x11, 0xd0, 0xb8, 0x00, 0x0c, 0x10, 0xb8, 0x00, 0x1f, 0xdc, 0xb8,
  0x00, 0x12, 0xd0, 0xb8, 0x00, 0x1c, 0xdc, 0xb8, 0x00, 0x14, 0xd0, 0xb8,
  0x00, 0x18, 0x10, 0xb8, 0x00, 0x16, 0xdc, 0xb8, 0x00, 0x14, 0x10, 0xb8,
  0x00, 0x17, 0xdc, 0xb8, 0x00, 0x16, 0x10, 0xb8, 0x00, 0x1a, 0xd0, 0xb8,
  0x00, 0x1b, 0xd0, 0xb8, 0x00, 0x14, 0x10, 0xb8, 0x00, 0x1d, 0xd0, 0xb8,
  0x00, 0x12, 0x10, 0xb8, 0x00, 0x1e, 0xd0, 0x30, 0x31, 0x01, 0x21, 0x11,
  0x21, 0x11, 0x21, 0x11, 0x21, 0x11, 0x21, 0x11, 0x21, 0x01, 0x21, 0x11,
  0x21, 0x11, 0x21, 0x11, 0x21, 0x11, 0x21, 0x11, 0x21, 0x11, 0x21, 0x11,
  0x21, 0x11, 0x21, 0x11, 0x21, 0x05, 0x00, 0xff, 0x00, 0xff, 0x00, 0xff,
  0x00, 0x01, 0x00, 0x01, 0x00, 0x01, 0x00, 0x01, 0x00, 0xff, 0x00, 0xfc,
  0x00, 0x03, 0x00, 0xfe, 0x00, 0xff, 0x00, 0x01, 0x00, 0x04, 0x00, 0xfd,
  0x00, 0x02, 0x00, 0x01, 0x00, 0x07, 0x00, 0xff, 0x00, 0x01, 0x00, 0x01,
  0x00, 0xff, 0x00, 0x01, 0x00, 0xf9, 0x00, 0xff, 0x00, 0x01, 0x00, 0x01,
  0x00, 0x01, 0x00, 0x01, 0x00, 0x01, 0x00, 0xff, 0x00, 0xff, 0x00, 0xff,
  0x00, 0x00, 0x00, 0x01, 0x01, 0x00, 0x02, 0x00, 0x03, 0x00, 0x05, 0x00,
  0x00, 0x0b, 0x00, 0x70, 0xba, 0x00, 0x02, 0x00, 0x03, 0x00, 0x03, 0x2b,
  0xb8, 0x00, 0x02, 0x10, 0xba, 0x00, 0x00, 0x00, 0x01, 0x00, 0x03, 0x2b,
  0xb8, 0x00, 0x00, 0x10, 0xb8, 0x00, 0x02, 0x10, 0xb8, 0x00, 0x05, 0xd0,
  0xb8, 0x00, 0x00, 0x10, 0xb8, 0x00, 0x07, 0xd0, 0xb8, 0x00, 0x02, 0x10,
  0xb8, 0x00, 0x09, 0xd0, 0x00, 0xb8, 0x00, 0x00, 0x45, 0x58, 0xb8, 0x00,
  0x06, 0x2f, 0x1b, 0xb9, 0x00, 0x06, 0x00, 0x05, 0x3e, 0x59, 0xba, 0x00,
  0x0b, 0x00, 0x00, 0x00, 0x03, 0x2b, 0xb8, 0x00, 0x0b, 0x10, 0xb8, 0x00,
  0x02, 0xd0, 0xb8, 0x00, 0x06, 0x10, 0xb8, 0x00, 0x04, 0xdc, 0xb8, 0x00,
  0x02, 0x10, 0xb8, 0x00, 0x05, 0xdc, 0xb8, 0x00, 0x04, 0x10, 0xb8, 0x00,
  0x08, 0xd0, 0xb8, 0x00, 0x09, 0xd0, 0x30, 0x31, 0x01, 0x21, 0x11, 0x21,
  0x11, 0x21, 0x11, 0x21, 0x11, 0x21, 0x11, 0x21, 0x03, 0x00, 0xff, 0x00,
  0xff, 0x00, 0x01, 0x00, 0x01, 0x00, 0xff, 0x00, 0x01, 0x00, 0x02, 0x00,
  0x01, 0x00, 0x01, 0x00, 0x01, 0x00, 0xff, 0x00, 0xff, 0x00, 0x00, 0x02,
  0x01, 0x00, 0x00, 0x00, 0x06, 0x00, 0x05, 0x00, 0x00, 0x0f, 0x00, 0x13,
  0x00, 0x85, 0xba, 0x00, 0x02, 0x00, 0x03, 0x00, 0x03, 0x2b, 0xb8, 0x00,
  0x02, 0x10, 0xb8, 0x00, 0x05, 0xd0, 0xb8, 0x00, 0x02, 0x10, 0xb8, 0x00,
  0x12, 0xd0, 0x00, 0xb8, 0x00, 0x00, 0x45, 0x58, 0xb8, 0x00, 0x06, 0x2f,
  0x1b, 0xb9, 0x00, 0x06, 0x00, 0x05, 0x3e, 0x59, 0xb8, 0x00, 0x00, 0x45,
  0x58, 0xb8, 0x00, 0x00, 0x2f, 0x1b, 0xb9, 0x00, 0x00, 0x00, 0x01, 0x3e,
  0x59, 0xba, 0x00, 0x0b, 0x00, 0x0c, 0x00, 0x03, 0x2b, 0xb8, 0x00, 0x0b,
  0x10, 0xb8, 0x00, 0x00, 0x10, 0xb8, 0x00, 0x02, 0xdc, 0xb8, 0x00, 0x06,
  0x10, 0xb8, 0x00, 0x04, 0xdc, 0xb8, 0x00, 0x08, 0xd0, 0xb8, 0x00, 0x09,
  0xd0, 0xb8, 0x00, 0x02, 0x10, 0xb8, 0x00, 0x0e, 0xd0, 0xb8, 0x00, 0x0f,
  0xd0, 0xb8, 0x00, 0x10, 0xd0, 0xb8, 0x00, 0x09, 0x10, 0xb8, 0x00, 0x11,
  0xd0, 0xb8, 0x00, 0x12, 0xd0, 0xb8, 0x00, 0x10, 0x10, 0xb8, 0x00, 0x13,
  0xd0, 0x30, 0x31, 0x29, 0x01, 0x11, 0x21, 0x11, 0x21, 0x11, 0x21, 0x11,
  0x21, 0x11, 0x21, 0x11, 0x21, 0x11, 0x29, 0x01, 0x11, 0x21, 0x11, 0x06,
  0x00, 0xfc, 0x00, 0xff, 0x00, 0x01, 0x00, 0x04, 0x00, 0xff, 0x00, 0x01,
  0x00, 0xff, 0x00, 0x01, 0x00, 0xfd, 0x00, 0xff, 0x00, 0x01, 0x00, 0x03,
  0x00, 0x01, 0x00, 0xff, 0x00, 0xff, 0x00, 0xff, 0x00, 0xff, 0x00, 0x03,
  0x00, 0xfd, 0x00, 0x00, 0x00, 0x01, 0x01, 0x00, 0x03, 0x00, 0x03, 0x00,
  0x05, 0x00, 0x00, 0x07, 0x00, 0x4c, 0xba, 0x00, 0x02, 0x00, 0x03, 0x00,
  0x03, 0x2b, 0xb8, 0x00, 0x02, 0x10, 0xba, 0x00, 0x00, 0x00, 0x01, 0x00,
  0x03, 0x2b, 0xb8, 0x00, 0x00, 0x10, 0xb8, 0x00, 0x02, 0x10, 0xb8, 0x00,
  0x05, 0xd0, 0x00, 0xb8, 0x00, 0x00, 0x45, 0x58, 0xb8, 0x00, 0x04, 0x2f,
  0x1b, 0xb9, 0x00, 0x04, 0x00, 0x05, 0x3e, 0x59, 0xb8, 0x00, 0x02, 0xdc,
  0xb8, 0x00, 0x06, 0xd0, 0xb8, 0x00, 0x07, 0xd0, 0xb8, 0x00, 0x00, 0xdc,
  0xb8, 0x00, 0x07, 0x10, 0xb8, 0x00, 0x03, 0xd0, 0x30, 0x31, 0x01, 0x21,
  0x11, 0x21, 0x11, 0x21, 0x11, 0x21, 0x03, 0x00, 0xff, 0x00, 0xff, 0x00,
  0x01, 0x00, 0x01, 0x00, 0x03, 0x00, 0x01, 0x00, 0x01, 0x00, 0xff, 0x00,
  0x00, 0x01, 0x01, 0x00, 0x03, 0x00, 0x03, 0x00, 0x05, 0x00, 0x00, 0x07,
  0x00, 0x50, 0xba, 0x00, 0x02, 0x00, 0x03, 0x00, 0x03, 0x2b, 0xb8, 0x00,
  0x02, 0x10, 0xba, 0x00, 0x00, 0x00, 0x01, 0x00, 0x03, 0x2b, 0xb8, 0x00,
  0x00, 0x10, 0xb8, 0x00, 0x02, 0x10, 0xb8, 0x00, 0x05, 0xd0, 0x00, 0xb8,
  0x00, 0x00, 0x45, 0x58, 0xb8, 0x00, 0x06, 0x2f, 0x1b, 0xb9, 0x00, 0x06,
  0x00, 0x05, 0x3e, 0x59, 0xba, 0x00, 0x01, 0x00, 0x02, 0x00, 0x03, 0x2b,
  0xb8, 0x00, 0x01, 0x10, 0xb8, 0x00, 0x06, 0x10, 0xb8, 0x00, 0x00, 0xdc,
  0xb8, 0x00, 0x04, 0xd0, 0xb8, 0x00, 0x05, 0xd0, 0x30, 0x31, 0x01, 0x21,
  0x11, 0x21, 0x11, 0x21, 0x11, 0x21, 0x03, 0x00, 0xff, 0x00, 0xff, 0x00,
  0x01, 0x00, 0x01, 0x00, 0x04, 0x00, 0xff, 0x00, 0x01, 0x00, 0x01, 0x00,
  0x00, 0x01, 0x01, 0x00, 0x03, 0x00, 0x05, 0x00, 0x05, 0x00, 0x00, 0x0f,
  0x00, 0x9d, 0xba, 0x00, 0x06, 0x00, 0x07, 0x00, 0x03, 0x2b, 0xb8, 0x00,
  0x06, 0x10, 0xb8, 0x00, 0x04, 0xdc, 0xb8, 0x00, 0x02, 0xdc, 0xb8, 0x00,
  0x00, 0xdc, 0xb8, 0x00, 0x06, 0x10, 0xb8, 0x00, 0x09, 0xd0, 0xb8, 0x00,
  0x05, 0x10, 0xb8, 0x00, 0x0a, 0xd0, 0xb8, 0x00, 0x04, 0x10, 0xb8, 0x00,
  0x0b, 0xd0, 0xb8, 0x00, 0x03, 0x10, 0xb8, 0x00, 0x0c, 0xd0, 0xb8, 0x00,
  0x02, 0x10, 0xb8, 0x00, 0x0d, 0xd0, 0xb8, 0x00, 0x01, 0x10, 0xb8, 0x00,
  0x0e, 0xd0, 0x00, 0xb8, 0x00, 0x00, 0x45, 0x58, 0xb8, 0x00, 0x08, 0x2f,
  0x1b, 0xb9, 0x00, 0x08, 0x00, 0x05, 0x3e, 0x59, 0xb8, 0x00, 0x00, 0x45,
  0x58, 0xb8, 0x00, 0x0c, 0x2f, 0x1b, 0xb9, 0x00, 0x0c, 0x00, 0x05, 0x3e,
  0x59, 0xb8, 0x00, 0x02, 0xdc, 0xb8, 0x00, 0x06, 0xd0, 0xb8, 0x00, 0x07,
  0xd0, 0xb8, 0x00, 0x0a, 0xd0, 0xb8, 0x00, 0x0b, 0xd0, 0xb8, 0x00, 0x0e,
  0xd0, 0xb8, 0x00, 0x0f, 0xd0, 0xb8, 0x00, 0x00, 0xdc, 0xb8, 0x00, 0x0f,
  0x10, 0xb8, 0x00, 0x03, 0xd0, 0xb8, 0x00, 0x00, 0x10, 0xb8, 0x00, 0x04,
  0xd0, 0x30, 0x31, 0x01, 0x21, 0x11, 0x21, 0x11, 0x21, 0x11, 0x21, 0x11,
  0x21, 0x11, 0x21, 0x11, 0x21, 0x11, 0x21, 0x05, 0x00, 0xff, 0x00, 0xff,
  0x00, 0xff, 0x00, 0xff, 0x00, 0x01, 0x00, 0x01, 0x00, 0x01, 0x00, 0x01,
  0x00, 0x03, 0x00, 0x01, 0x00, 0xff, 0x00, 0x01, 0x00, 0x01, 0x00, 0xff,
  0x00, 0x01, 0x00, 0xff, 0x00, 0x00, 0x00, 0x01, 0x01, 0x00, 0x03, 0x00,
  0x05, 0x00, 0x05, 0x00, 0x00, 0x0f, 0x00, 0xa5, 0xba, 0x00, 0x06, 0x00,
  0x07, 0x00, 0x03, 0x2b, 0xb8, 0x00, 0x06, 0x10, 0xb8, 0x00, 0x04, 0xdc,
  0xb8, 0x00, 0x02, 0xdc, 0xb8, 0x00, 0x00, 0xdc, 0xb8, 0x00, 0x06, 0x10,
  0xb8, 0x00, 0x09, 0xd0, 0xb8, 0x00, 0x05, 0x10, 0xb8, 0x00, 0x0a, 0xd0,
  0xb8, 0x00, 0x04, 0x10, 0xb8, 0x00, 0x0b, 0xd0, 0xb8, 0x00, 0x03, 0x10,
  0xb8, 0x00, 0x0c, 0xd0, 0xb8, 0x00, 0x02, 0x10, 0xb8, 0x00, 0x0d, 0xd0,
  0xb8, 0x00, 0x01, 0x10, 0xb8, 0x00, 0x0e, 0xd0, 0x00, 0xb8, 0x00, 0x00,
  0x45, 0x58, 0xb8, 0x00, 0x0a, 0x2f, 0x1b, 0xb9, 0x00, 0x0a, 0x00, 0x05,
  0x3e, 0x59, 0xb8, 0x00, 0x00, 0x45, 0x58, 0xb8, 0x00, 0x0e, 0x2f, 0x1b,
  0xb9, 0x00, 0x0e, 0x00, 0x05, 0x3e, 0x59, 0xba, 0x00, 0x01, 0x00, 0x02,
  0x00, 0x03, 0x2b, 0xb8, 0x00, 0x01, 0x10, 0xb8, 0x00, 0x0e, 0x10, 0xb8,
  0x00, 0x00, 0xdc, 0xb8, 0x00, 0x04, 0xd0, 0xb8, 0x00, 0x05, 0xd0, 0xb8,
  0x00, 0x02, 0x10, 0xb8, 0x00, 0x06, 0xd0, 0xb8, 0x00, 0x05, 0x10, 0xb8,
  0x00, 0x08, 0xd0, 0xb8, 0x00, 0x09, 0xd0, 0xb8, 0x00, 0x0c, 0xd0, 0xb8,
  0x00, 0x0d, 0xd0, 0x30, 0x31, 0x01, 0x21, 0x11, 0x21, 0x11, 0x21, 0x11,
  0x21, 0x11, 0x21, 0x11, 0x21, 0x11, 0x21, 0x11, 0x21, 0x05, 0x00, 0xff,
  0x00, 0xff, 0x00, 0xff, 0x00, 0xff, 0x00, 0x01, 0x00, 0x01, 0x00, 0x01,
  0x00, 0x01, 0x00, 0x04, 0x00, 0xff, 0x00, 0x01, 0x00, 0xff, 0x00, 0x01,
  0x00, 0x01, 0x00, 0xff, 0x00, 0x01, 0x00, 0x00, 0x00, 0x01, 0x01, 0x00,
  0x00, 0x00, 0x06, 0x00, 0x05, 0x00, 0x00, 0x0b, 0x00, 0x25, 0x00, 0xb8,
  0x00, 0x00, 0x45, 0x58, 0xb8, 0x00, 0x08, 0x2f, 0x1b, 0xb9, 0x00, 0x08,
  0x00, 0x05, 0x3e, 0x59, 0xb8, 0x00, 0x00, 0x45, 0x58, 0xb8, 0x00, 0x02,
  0x2f, 0x1b, 0xb9, 0x00, 0x02, 0x00, 0x01, 0x3e, 0x59, 0x30, 0x31, 0x01,
  0x21, 0x11, 0x21, 0x11, 0x21, 0x11, 0x21, 0x11, 0x21, 0x11, 0x21, 0x06,
  0x00, 0xff, 0x00, 0xfd, 0x00, 0xff, 0x00, 0x01, 0x00, 0x03, 0x00, 0x01,
  0x00, 0x01, 0x00, 0xff, 0x00, 0x01, 0x00, 0x03, 0x00, 0x01, 0x00, 0xff,
  0x00, 0x00, 0x00, 0x01, 0x01, 0x00, 0x02, 0x00, 0x04, 0x00, 0x03, 0x00,
  0x00, 0x03, 0x00, 0x0f, 0x00, 0xba, 0x00, 0x03, 0x00, 0x00, 0x00, 0x03,
  0x2b, 0xb8, 0x00, 0x03, 0x10, 0x30, 0x31, 0x01, 0x21, 0x11, 0x21, 0x04,
  0x00, 0xfd, 0x00, 0x03, 0x00, 0x02, 0x00, 0x01, 0x00, 0x00, 0x00, 0x01,
  0x01, 0x00, 0x02, 0x00, 0x06, 0x00, 0x03, 0x00, 0x00, 0x03, 0x00, 0x0f,
  0x00, 0xba, 0x00, 0x03, 0x00, 0x00, 0x00, 0x03, 0x2b, 0xb8, 0x00, 0x03,
  0x10, 0x30, 0x31, 0x01, 0x21, 0x11, 0x21, 0x06, 0x00, 0xfb, 0x00, 0x05,
  0x00, 0x02, 0x00, 0x01, 0x00, 0x00, 0x00, 0x01, 0x01, 0x00, 0x06, 0x00,
  0x05, 0x00, 0x08, 0x00, 0x00, 0x0f, 0x00, 0x97, 0xba, 0x00, 0x06, 0x00,
  0x07, 0x00, 0x03, 0x2b, 0xb8, 0x00, 0x06, 0x10, 0xb8, 0x00, 0x04, 0xdc,
  0xb8, 0x00, 0x02, 0xdc, 0xb8, 0x00, 0x00, 0xdc, 0xb8, 0x00, 0x06, 0x10,
  0xb8, 0x00, 0x09, 0xd0, 0xb8, 0x00, 0x05, 0x10, 0xb8, 0x00, 0x0a, 0xd0,
  0xb8, 0x00, 0x04, 0x10, 0xb8, 0x00, 0x0b, 0xd0, 0xb8, 0x00, 0x03, 0x10,
  0xb8, 0x00, 0x0c, 0xd0, 0xb8, 0x00, 0x02, 0x10, 0xb8, 0x00, 0x0d, 0xd0,
  0xb8, 0x00, 0x01, 0x10, 0xb8, 0x00, 0x0e, 0xd0, 0x00, 0xba, 0x00, 0x01,
  0x00, 0x02, 0x00, 0x03, 0x2b, 0xb8, 0x00, 0x01, 0x10, 0xb8, 0x00, 0x04,
  0xd0, 0xb8, 0x00, 0x00, 0x10, 0xb8, 0x00, 0x05, 0xd0, 0xb8, 0x00, 0x02,
  0x10, 0xb8, 0x00, 0x06, 0xd0, 0xb8, 0x00, 0x01, 0x10, 0xb8, 0x00, 0x08,
  0xd0, 0xb8, 0x00, 0x00, 0x10, 0xb8, 0x00, 0x09, 0xd0, 0xb8, 0x00, 0x01,
  0x10, 0xb8, 0x00, 0x0f, 0xdc, 0xb8, 0x00, 0x0a, 0xd0, 0xb8, 0x00, 0x01,
  0x10, 0xb8, 0x00, 0x0c, 0xd0, 0xb8, 0x00, 0x00, 0x10, 0xb8, 0x00, 0x0d,
  0xd0, 0x30, 0x31, 0x01, 0x21, 0x11, 0x21, 0x11, 0x21, 0x11, 0x21, 0x11,
  0x21, 0x11, 0x21, 0x11, 0x21, 0x11, 0x21, 0x05, 0x00, 0xff, 0x00, 0xff,
  0x00, 0xff, 0x00, 0xff, 0x00, 0x01, 0x00, 0x01, 0x00, 0x01, 0x00, 0x01,
  0x00, 0x07, 0x00, 0xff, 0x00, 0x01, 0x00, 0xff, 0x00, 0x01, 0x00, 0x01,
  0x00, 0xff, 0x00, 0x01, 0x00, 0x00, 0x00, 0x02, 0x01, 0x00, 0x00, 0x00,
  0x06, 0x00, 0x08, 0x00, 0x00, 0x0b, 0x00, 0x1f, 0x01, 0x9f, 0xba, 0x00,
  0x04, 0x00, 0x05, 0x00, 0x03, 0x2b, 0xb8, 0x00, 0x04, 0x10, 0xb8, 0x00,
  0x03, 0xdc, 0x41, 0x21, 0x00, 0x00, 0x00, 0x03, 0x00, 0x10, 0x00, 0x03,
  0x00, 0x20, 0x00, 0x03, 0x00, 0x30, 0x00, 0x03, 0x00, 0x40, 0x00, 0x03,
  0x00, 0x50, 0x00, 0x03, 0x00, 0x60, 0x00, 0x03, 0x00, 0x70, 0x00, 0x03,
  0x00, 0x80, 0x00, 0x03, 0x00, 0x90, 0x00, 0x03, 0x00, 0xa0, 0x00, 0x03,
  0x00, 0xb0, 0x00, 0x03, 0x00, 0xc0, 0x00, 0x03, 0x00, 0xd0, 0x00, 0x03,
  0x00, 0xe0, 0x00, 0x03, 0x00, 0xf0, 0x00, 0x03, 0x00, 0x10, 0x5d, 0xb8,
  0x00, 0x02, 0xdc, 0xb8, 0x00, 0x01, 0xdc, 0x41, 0x21, 0x00, 0x00, 0x00,
  0x01, 0x00, 0x10, 0x00, 0x01, 0x00, 0x20, 0x00, 0x01, 0x00, 0x30, 0x00,
  0x01, 0x00, 0x40, 0x00, 0x01, 0x00, 0x50, 0x00, 0x01, 0x00, 0x60, 0x00,
  0x01, 0x00, 0x70, 0x00, 0x01, 0x00, 0x80, 0x00, 0x01, 0x00, 0x90, 0x00,
  0x01, 0x00, 0xa0, 0x00, 0x01, 0x00, 0xb0, 0x00, 0x01, 0x00, 0xc0, 0x00,
  0x01, 0x00, 0xd0, 0x00, 0x01, 0x00, 0xe0, 0x00, 0x01, 0x00, 0xf0, 0x00,
  0x01, 0x00, 0x10, 0x5d, 0xb8, 0x00, 0x00, 0xdc, 0xb8, 0x00, 0x04, 0x10,
  0xb8, 0x00, 0x07, 0xd0, 0xb8, 0x00, 0x02, 0x10, 0xb8, 0x00, 0x09, 0xd0,
  0xb8, 0x00, 0x00, 0x10, 0xb8, 0x00, 0x0d, 0xd0, 0xb8, 0x00, 0x02, 0x10,
  0xb8, 0x00, 0x11, 0xd0, 0xb8, 0x00, 0x05, 0x10, 0xb8, 0x00, 0x13, 0xd0,
  0xb8, 0x00, 0x05, 0x10, 0xb8, 0x00, 0x17, 0xd0, 0xb8, 0x00, 0x04, 0x10,
  0xb8, 0x00, 0x1b, 0xd0, 0xb8, 0x00, 0x00, 0x10, 0xb8, 0x00, 0x1d, 0xd0,
  0xb8, 0x00, 0x00, 0x10, 0xb8, 0x00, 0x21, 0xdc, 0x00, 0xb8, 0x00, 0x00,
  0x45, 0x58, 0xb8, 0x00, 0x18, 0x2f, 0x1b, 0xb9, 0x00, 0x18, 0x00, 0x05,
  0x3e, 0x59, 0xb8, 0x00, 0x00, 0x45, 0x58, 0xb8, 0x00, 0x0e, 0x2f, 0x1b,
  0xb9, 0x00, 0x0e, 0x00, 0x01, 0x3e, 0x59, 0xba, 0x00, 0x0b, 0x00, 0x00,
  0x00, 0x03, 0x2b, 0xb8, 0x00, 0x0b, 0x10, 0xb8, 0x00, 0x00, 0x10, 0xb8,
  0x00, 0x02, 0xdc, 0xb8, 0x00, 0x00, 0x10, 0xb8, 0x00, 0x04, 0xd0, 0xb8,
  0x00, 0x01, 0x10, 0xb8, 0x00, 0x05, 0xd0, 0xb8, 0x00, 0x0b, 0x10, 0xb8,
  0x00, 0x06, 0xd0, 0xb8, 0x00, 0x00, 0x10, 0xb8, 0x00, 0x08, 0xd0, 0xb8,
  0x00, 0x01, 0x10, 0xb8, 0x00, 0x09, 0xd0, 0xb8, 0x00, 0x0e, 0x10, 0xb8,
  0x00, 0x0c, 0xdc, 0xb8, 0x00, 0x10, 0xd0, 0xb8, 0x00, 0x11, 0xd0, 0xb8,
  0x00, 0x0c, 0x10, 0xb8, 0x00, 0x1f, 0xdc, 0xb8, 0x00, 0x12, 0xd0, 0xb8,
  0x00, 0x1c, 0xdc, 0xb8, 0x00, 0x14, 0xd0, 0xb8, 0x00, 0x18, 0x10, 0xb8,
  0x00, 0x16, 0xdc, 0xb8, 0x00, 0x14, 0x10, 0xb8, 0x00, 0x17, 0xdc, 0xb8,
  0x00, 0x16, 0x10, 0xb8, 0x00, 0x1a, 0xd0, 0xb8, 0x00, 0x1b, 0xd0, 0xb8,
  0x00, 0x14, 0x10, 0xb8, 0x00, 0x1d, 0xd0, 0xb8, 0x00, 0x12, 0x10, 0xb8,
  0x00, 0x1e, 0xd0, 0x30, 0x31, 0x01, 0x21, 0x11, 0x21, 0x11, 0x21, 0x11,
  0x21, 0x11, 0x21, 0x11, 0x21, 0x01, 0x21, 0x11, 0x21, 0x11, 0x21, 0x11,
  0x21, 0x11, 0x21, 0x11, 0x21, 0x11, 0x21, 0x11, 0x21, 0x11, 0x21, 0x11,
  0x21, 0x05, 0x00, 0xff, 0x00, 0xff, 0x00, 0xff, 0x00, 0x01, 0x00, 0x01,
  0x00, 0x01, 0x00, 0x01, 0x00, 0xff, 0x00, 0xfc, 0x00, 0x03, 0x00, 0xfe,
  0x00, 0xff, 0x00, 0x01, 0x00, 0x04, 0x00, 0xfd, 0x00, 0x02, 0x00, 0x01,
  0x00, 0x07, 0x00, 0xff, 0x00, 0x01, 0x00, 0x01, 0x00, 0xff, 0x00, 0x01,
  0x00, 0xf9, 0x00, 0xff, 0x00, 0x01, 0x00, 0x01, 0x00, 0x01, 0x00, 0x01,
  0x00, 0x01, 0x00, 0xff, 0x00, 0xff, 0x00, 0xff, 0x00, 0x00, 0x00, 0x01,
  0x01, 0x00, 0x02, 0x00, 0x03, 0x00, 0x05, 0x00, 0x00, 0x0b, 0x00, 0x7c,
  0xba, 0x00, 0x02, 0x00, 0x03, 0x00, 0x03, 0x2b, 0xb8, 0x00, 0x02, 0x10,
  0xba, 0x00, 0x00, 0x00, 0x01, 0x00, 0x03, 0x2b, 0xb8, 0x00, 0x00, 0x10,
  0xb8, 0x00, 0x02, 0x10, 0xb8, 0x00, 0x05, 0xd0, 0xb8, 0x00, 0x03, 0x10,
  0xb8, 0x00, 0x07, 0xd0, 0xb8, 0x00, 0x02, 0x10, 0xb8, 0x00, 0x09, 0xd0,
  0x00, 0xb8, 0x00, 0x00, 0x45, 0x58, 0xb8, 0x00, 0x08, 0x2f, 0x1b, 0xb9,
  0x00, 0x08, 0x00, 0x05, 0x3e, 0x59, 0xba, 0x00, 0x01, 0x00, 0x02, 0x00,
  0x03, 0x2b, 0xb8, 0x00, 0x01, 0x10, 0xb8, 0x00, 0x08, 0x10, 0xb8, 0x00,
  0x06, 0xdc, 0xb8, 0x00, 0x0a, 0xd0, 0xb8, 0x00, 0x0b, 0xd0, 0xb8, 0x00,
  0x00, 0xdc, 0xb8, 0x00, 0x01, 0x10, 0xb8, 0x00, 0x04, 0xd0, 0xb8, 0x00,
  0x00, 0x10, 0xb8, 0x00, 0x05, 0xd0, 0xb8, 0x00, 0x0b, 0x10, 0xb8, 0x00,
  0x07, 0xd0, 0x30, 0x31, 0x01, 0x21, 0x11, 0x21, 0x11, 0x21, 0x11, 0x21,
  0x11, 0x21, 0x11, 0x21, 0x03, 0x00, 0xff, 0x00, 0xff, 0x00, 0x01, 0x00,
  0xff, 0x00, 0x01, 0x00, 0x01, 0x00, 0x03, 0x00, 0xff, 0x00, 0x01, 0x00,
  0x01, 0x00, 0x01, 0x00, 0xff, 0x00, 0x00, 0x02, 0x01, 0x00, 0x00, 0x00,
  0x06, 0x00, 0x05, 0x00, 0x00, 0x0f, 0x00, 0x13, 0x00, 0x85, 0xba, 0x00,
  0x02, 0x00, 0x03, 0x00, 0x03, 0x2b, 0xb8, 0x00, 0x02, 0x10, 0xb8, 0x00,
  0x05, 0xd0, 0xb8, 0x00, 0x02, 0x10, 0xb8, 0x00, 0x12, 0xd0, 0x00, 0xb8,
  0x00, 0x00, 0x45, 0x58, 0xb8, 0x00, 0x06, 0x2f, 0x1b, 0xb9, 0x00, 0x06,
  0x00, 0x05, 0x3e, 0x59, 0xb8, 0x00, 0x00, 0x45, 0x58, 0xb8, 0x00, 0x00,
  0x2f, 0x1b, 0xb9, 0x00, 0x00, 0x00, 0x01, 0x3e, 0x59, 0xba, 0x00, 0x0b,
  0x00, 0x0c, 0x00, 0x03, 0x2b, 0xb8, 0x00, 0x0b, 0x10, 0xb8, 0x00, 0x00,
  0x10, 0xb8, 0x00, 0x02, 0xdc, 0xb8, 0x00, 0x06, 0x10, 0xb8, 0x00, 0x04,
  0xdc, 0xb8, 0x00, 0x08, 0xd0, 0xb8, 0x00, 0x09, 0xd0, 0xb8, 0x00, 0x02,
  0x10, 0xb8, 0x00, 0x0e, 0xd0, 0xb8, 0x00, 0x0f, 0xd0, 0xb8, 0x00, 0x10,
  0xd0, 0xb8, 0x00, 0x09, 0x10, 0xb8, 0x00, 0x11, 0xd0, 0xb8, 0x00, 0x12,
  0xd0, 0xb8, 0x00, 0x10, 0x10, 0xb8, 0x00, 0x13, 0xd0, 0x30, 0x31, 0x29,
  0x01, 0x11, 0x21, 0x11, 0x21, 0x11, 0x21, 0x11, 0x21, 0x11, 0x21, 0x11,
  0x21, 0x11, 0x29, 0x01, 0x11, 0x21, 0x11, 0x06, 0x00, 0xfc, 0x00, 0xff,
  0x00, 0x01, 0x00, 0x04, 0x00, 0xff, 0x00, 0x01, 0x00, 0xff, 0x00, 0x01,
  0x00, 0xfd, 0x00, 0xff, 0x00, 0x01, 0x00, 0x03, 0x00, 0x01, 0x00, 0xff,
  0x00, 0xff, 0x00, 0xff, 0x00, 0xff, 0x00, 0x03, 0x00, 0xfd, 0x00, 0x00,
  0x00, 0x03, 0x01, 0x00, 0x00, 0x00, 0x06, 0x00, 0x07, 0x00, 0x00, 0x03,
  0x00, 0x07, 0x00, 0x15, 0x00, 0x8e, 0xba, 0x00, 0x04, 0x00, 0x05, 0x00,
  0x03, 0x2b, 0xb8, 0x00, 0x04, 0x10, 0xba, 0x00, 0x00, 0x00, 0x01, 0x00,
  0x03, 0x2b, 0xb8, 0x00, 0x00, 0x10, 0xb8, 0x00, 0x09, 0xd0, 0xb8, 0x00,
  0x04, 0x10, 0xb8, 0x00, 0x0b, 0xd0, 0xb8, 0x00, 0x05, 0x10, 0xb8, 0x00,
  0x0d, 0xd0, 0xb8, 0x00, 0x04, 0x10, 0xb8, 0x00, 0x11, 0xd0, 0xb8, 0x00,
  0x01, 0x10, 0xb8, 0x00, 0x13, 0xd0, 0x00, 0xb8, 0x00, 0x00, 0x45, 0x58,
  0xb8, 0x00, 0x10, 0x2f, 0x1b, 0xb9, 0x00, 0x10, 0x00, 0x05, 0x3e, 0x59,
  0xb8, 0x00, 0x00, 0x45, 0x58, 0xb8, 0x00, 0x14, 0x2f, 0x1b, 0xb9, 0x00,
  0x14, 0x00, 0x05, 0x3e, 0x59, 0xb8, 0x00, 0x00, 0x45, 0x58, 0xb8, 0x00,
  0x0a, 0x2f, 0x1b, 0xb9, 0x00, 0x0a, 0x00, 0x01, 0x3e, 0x59, 0xba, 0x00,
  0x03, 0x00, 0x00, 0x00, 0x03, 0x2b, 0xb8, 0x00, 0x03, 0x10, 0xb8, 0x00,
  0x00, 0x10, 0xb8, 0x00, 0x04, 0xd0, 0xb8, 0x00, 0x03, 0x10, 0xb8, 0x00,
  0x06, 0xd0, 0x30, 0x31, 0x01, 0x21, 0x11, 0x21, 0x01, 0x21, 0x11, 0x21,
  0x01, 0x21, 0x11, 0x21, 0x11, 0x21, 0x11, 0x21, 0x11, 0x21, 0x11, 0x21,
  0x11, 0x21, 0x05, 0x00, 0xff, 0x00, 0x01, 0x00, 0xfe, 0x00, 0xff, 0x00,
  0x01, 0x00, 0x03, 0x00, 0xff, 0x00, 0xfe, 0x00, 0xff, 0x00, 0xff, 0x00,
  0x02, 0x00, 0x01, 0x00, 0x02, 0x00, 0x06, 0x00, 0x01, 0x00, 0xff, 0x00,
  0x01, 0x00, 0xfb, 0x00, 0xfe, 0x00, 0x02, 0x00, 0x01, 0x00, 0x02, 0x00,
  0xfe, 0x00, 0x02, 0x00, 0x00, 0x02, 0x01, 0x00, 0xff, 0x00, 0x03, 0x00,
  0x04, 0x00, 0x00, 0x03, 0x00, 0x07, 0x00, 0x20, 0x00, 0xb8, 0x00, 0x00,
  0x45, 0x58, 0xb8, 0x00, 0x04, 0x2f, 0x1b, 0xb9, 0x00, 0x04, 0x00, 0x03,
  0x3e, 0x59, 0xba, 0x00, 0x03, 0x00, 0x00, 0x00, 0x03, 0x2b, 0xb8, 0x00,
  0x03, 0x10, 0x30, 0x31, 0x01, 0x21, 0x11, 0x21, 0x11, 0x21, 0x11, 0x21,
  0x03, 0x00, 0xfe, 0x00, 0x02, 0x00, 0xfe, 0x00, 0x02, 0x00, 0x03, 0x00,
  0x01, 0x00, 0xfb, 0x00, 0x03, 0x00, 0x00, 0x01, 0x01, 0x00, 0xff, 0x00,
  0x06, 0x00, 0x06, 0x00, 0x00, 0x1b, 0x00, 0xc8, 0xba, 0x00, 0x04, 0x00,
  0x05, 0x00, 0x03, 0x2b, 0xb8, 0x00, 0x04, 0x10, 0xb8, 0x00, 0x05, 0x10,
  0xb8, 0x00, 0x0d, 0xd0, 0xb8, 0x00, 0x04, 0x10, 0xb8, 0x00, 0x0f, 0xd0,
  0xb8, 0x00, 0x04, 0x10, 0xb8, 0x00, 0x15, 0xd0, 0xb8, 0x00, 0x05, 0x10,
  0xb8, 0x00, 0x17, 0xd0, 0xb8, 0x00, 0x04, 0x10, 0xb8, 0x00, 0x19, 0xd0,
  0x00, 0xb8, 0x00, 0x0e, 0x2f, 0xb8, 0x00, 0x00, 0x45, 0x58, 0xb8, 0x00,
  0x0c, 0x2f, 0x1b, 0xb9, 0x00, 0x0c, 0x00, 0x05, 0x3e, 0x59, 0xb8, 0x00,
  0x00, 0x45, 0x58, 0xb8, 0x00, 0x10, 0x2f, 0x1b, 0xb9, 0x00, 0x10, 0x00,
  0x05, 0x3e, 0x59, 0xb8, 0x00, 0x00, 0x45, 0x58, 0xb8, 0x00, 0x04, 0x2f,
  0x1b, 0xb9, 0x00, 0x04, 0x00, 0x03, 0x3e, 0x59, 0xb8, 0x00, 0x00, 0x45,
  0x58, 0xb8, 0x00, 0x02, 0x2f, 0x1b, 0xb9, 0x00, 0x02, 0x00, 0x01, 0x3e,
  0x59, 0xb8, 0x00, 0x00, 0x45, 0x58, 0xb8, 0x00, 0x06, 0x2f, 0x1b, 0xb9,
  0x00, 0x06, 0x00, 0x01, 0x3e, 0x59, 0xba, 0x00, 0x1b, 0x00, 0x00, 0x00,
  0x03, 0x2b, 0xb8, 0x00, 0x1b, 0x10, 0xba, 0x00, 0x13, 0x00, 0x14, 0x00,
  0x03, 0x2b, 0xb8, 0x00, 0x13, 0x10, 0xb8, 0x00, 0x00, 0x10, 0xb8, 0x00,
  0x08, 0xd0, 0xb8, 0x00, 0x13, 0x10, 0xb8, 0x00, 0x0a, 0xd0, 0xb8, 0x00,
  0x13, 0x10, 0xb8, 0x00, 0x16, 0xd0, 0xb8, 0x00, 0x00, 0x10, 0xb8, 0x00,
  0x18, 0xd0, 0x30, 0x31, 0x01, 0x21, 0x11, 0x21, 0x11, 0x21, 0x11, 0x21,
  0x11, 0x21, 0x11, 0x21, 0x11, 0x21, 0x11, 0x21, 0x11, 0x21, 0x11, 0x21,
  0x11, 0x21, 0x11, 0x21, 0x11, 0x21, 0x11, 0x21, 0x06, 0x00, 0xff, 0x00,
  0xff, 0x00, 0xff, 0x00, 0xff, 0x00, 0xff, 0x00, 0x01, 0x00, 0x01, 0x00,
  0x01, 0x00, 0x01, 0x00, 0x01, 0x00, 0xfe, 0x00, 0xff, 0x00, 0x01, 0x00,
  0x02, 0x00, 0x01, 0x00, 0xff, 0x00, 0xff, 0x00, 0x01, 0x00, 0x01, 0x00,
  0x03, 0x00, 0x01, 0x00, 0x01, 0x00, 0xff, 0x00, 0xff, 0x00, 0xff, 0x00,
  0x01, 0x00, 0xfd, 0x00, 0x01, 0x00, 0x00, 0x01, 0x01, 0x00, 0x00, 0x00,
  0x06, 0x00, 0x05, 0x00, 0x00, 0x0f, 0x00, 0x5e, 0xba, 0x00, 0x0e, 0x00,
  0x03, 0x00, 0x03, 0x2b, 0xb8, 0x00, 0x0e, 0x10, 0xb8, 0x00, 0x03, 0x10,
  0xb8, 0x00, 0x07, 0xd0, 0xb8, 0x00, 0x0e, 0x10, 0xb8, 0x00, 0x09, 0xd0,
  0x00, 0xb8, 0x00, 0x00, 0x45, 0x58, 0xb8, 0x00, 0x06, 0x2f, 0x1b, 0xb9,
  0x00, 0x06, 0x00, 0x05, 0x3e, 0x59, 0xb8, 0x00, 0x00, 0x45, 0x58, 0xb8,
  0x00, 0x0a, 0x2f, 0x1b, 0xb9, 0x00, 0x0a, 0x00, 0x05, 0x3e, 0x59, 0xb8,
  0x00, 0x00, 0x45, 0x58, 0xb8, 0x00, 0x00, 0x2f, 0x1b, 0xb9, 0x00, 0x00,
  0x00, 0x01, 0x3e, 0x59, 0xb8, 0x00, 0x02, 0xdc, 0xb8, 0x00, 0x0e, 0xd0,
  0xb8, 0x00, 0x0f, 0xd0, 0x30, 0x31, 0x29, 0x01, 0x11, 0x21, 0x11, 0x21,
  0x11, 0x21, 0x11, 0x21, 0x11, 0x21, 0x11, 0x21, 0x11, 0x21, 0x06, 0x00,
  0xfb, 0x00, 0x02, 0x00, 0xfe, 0x00, 0x02, 0x00, 0x01, 0x00, 0x02, 0x00,
  0xfe, 0x00, 0x02, 0x00, 0x01, 0x00, 0x01, 0x00, 0x03, 0x00, 0xfe, 0x00,
  0x02, 0x00, 0xfd, 0x00, 0xff, 0x00, 0x00, 0x02, 0x01, 0x00, 0xff, 0x00,
  0x02, 0x00, 0x05, 0x00, 0x00, 0x03, 0x00, 0x07, 0x00, 0x39, 0xba, 0x00,
  0x00, 0x00, 0x01, 0x00, 0x03, 0x2b, 0xb8, 0x00, 0x04, 0xd0, 0xb8, 0x00,
  0x01, 0x10, 0xb8, 0x00, 0x05, 0xd0, 0x00, 0xb8, 0x00, 0x00, 0x45, 0x58,
  0xb8, 0x00, 0x02, 0x2f, 0x1b, 0xb9, 0x00, 0x02, 0x00, 0x05, 0x3e, 0x59,
  0xb8, 0x00, 0x00, 0x45, 0x58, 0xb8, 0x00, 0x04, 0x2f, 0x1b, 0xb9, 0x00,
  0x04, 0x00, 0x03, 0x3e, 0x59, 0x30, 0x31, 0x01, 0x21, 0x11, 0x21, 0x11,
  0x21, 0x11, 0x21, 0x02, 0x00, 0xff, 0x00, 0x01, 0x00, 0xff, 0x00, 0x01,
  0x00, 0x03, 0x00, 0x02, 0x00, 0xfa, 0x00, 0x03, 0x00, 0x00, 0x00, 0x02,
  0x01, 0x00, 0x06, 0x00, 0x04, 0x00, 0x07, 0x00, 0x00, 0x03, 0x00, 0x07,
  0x00, 0x37, 0xba, 0x00, 0x04, 0x00, 0x05, 0x00, 0x03, 0x2b, 0xb8, 0x00,
  0x04, 0x10, 0xba, 0x00, 0x00, 0x00, 0x01, 0x00, 0x03, 0x2b, 0xb8, 0x00,
  0x00, 0x10, 0x00, 0xba, 0x00, 0x03, 0x00, 0x00, 0x00, 0x03, 0x2b, 0xb8,
  0x00, 0x03, 0x10, 0xb8, 0x00, 0x00, 0x10, 0xb8, 0x00, 0x04, 0xd0, 0xb8,
  0x00, 0x03, 0x10, 0xb8, 0x00, 0x06, 0xd0, 0x30, 0x31, 0x01, 0x21, 0x11,
  0x21, 0x01, 0x21, 0x11, 0x21, 0x04, 0x00, 0xff, 0x00, 0x01, 0x00, 0xfe,
  0x00, 0xff, 0x00, 0x01, 0x00, 0x06, 0x00, 0x01, 0x00, 0xff, 0x00, 0x01,
  0x00, 0x00, 0x00, 0x02, 0x01, 0x00, 0x00, 0x00, 0x05, 0x00, 0x03, 0x00,
  0x00, 0x13, 0x00, 0x17, 0x01, 0x15, 0xba, 0x00, 0x06, 0x00, 0x07, 0x00,
  0x03, 0x2b, 0xb8, 0x00, 0x06, 0x10, 0xb8, 0x00, 0x04, 0xdc, 0xb8, 0x00,
  0x02, 0xdc, 0xb8, 0x00, 0x00, 0xdc, 0xb8, 0x00, 0x06, 0x10, 0xb8, 0x00,
  0x09, 0xd0, 0xb8, 0x00, 0x05, 0x10, 0xb8, 0x00, 0x0a, 0xd0, 0xb8, 0x00,
  0x04, 0x10, 0xb8, 0x00, 0x0b, 0xd0, 0xb8, 0x00, 0x03, 0x10, 0xb8, 0x00,
  0x0c, 0xd0, 0xb8, 0x00, 0x02, 0x10, 0xb8, 0x00, 0x0d, 0xd0, 0xb8, 0x00,
  0x01, 0x10, 0xb8, 0x00, 0x0e, 0xd0, 0xb8, 0x00, 0x00, 0x10, 0xb8, 0x00,
  0x0f, 0xd0, 0xb8, 0x00, 0x02, 0x10, 0xb8, 0x00, 0x11, 0xd0, 0xb8, 0x00,
  0x01, 0x10, 0xb8, 0x00, 0x12, 0xd0, 0xb8, 0x00, 0x04, 0x10, 0xb8, 0x00,
  0x14, 0xd0, 0xb8, 0x00, 0x03, 0x10, 0xb8, 0x00, 0x15, 0xd0, 0xb8, 0x00,
  0x06, 0x10, 0xb8, 0x00, 0x16, 0xd0, 0xb8, 0x00, 0x05, 0x10, 0xb8, 0x00,
  0x17, 0xd0, 0x00, 0xb8, 0x00, 0x00, 0x45, 0x58, 0xb8, 0x00, 0x00, 0x2f,
  0x1b, 0xb9, 0x00, 0x00, 0x00, 0x01, 0x3e, 0x59, 0xb8, 0x00, 0x00, 0x45,
  0x58, 0xb8, 0x00, 0x04, 0x2f, 0x1b, 0xb9, 0x00, 0x04, 0x00, 0x01, 0x3e,
  0x59, 0xba, 0x00, 0x0a, 0x00, 0x09, 0x00, 0x03, 0x2b, 0xb8, 0x00, 0x0a,
  0x10, 0xb8, 0x00, 0x00, 0x10, 0xb8, 0x00, 0x02, 0xdc, 0xb8, 0x00, 0x03,
  0xd0, 0xb8, 0x00, 0x06, 0xd0, 0xb8, 0x00, 0x07, 0xd0, 0xb8, 0x00, 0x09,
  0x10, 0xb8, 0x00, 0x0c, 0xd0, 0xb8, 0x00, 0x02, 0x10, 0xb8, 0x00, 0x0d,
  0xdc, 0xb8, 0x00, 0x0a, 0x10, 0xb8, 0x00, 0x0e, 0xd0, 0xb8, 0x00, 0x09,
  0x10, 0xb8, 0x00, 0x10, 0xd0, 0xb8, 0x00, 0x0d, 0x10, 0xb8, 0x00, 0x11,
  0xd0, 0xb8, 0x00, 0x07, 0x10, 0xb8, 0x00, 0x12, 0xd0, 0xb8, 0x00, 0x13,
  0xd0, 0xb8, 0x00, 0x14, 0xd0, 0xb8, 0x00, 0x09, 0x10, 0xb8, 0x00, 0x15,
  0xd0, 0xb8, 0x00, 0x0d, 0x10, 0xb8, 0x00, 0x16, 0xd0, 0xb8, 0x00, 0x14,
  0x10, 0xb8, 0x00, 0x17, 0xd0, 0x30, 0x31, 0x29, 0x01, 0x11, 0x21, 0x11,
  0x21, 0x11, 0x21, 0x11, 0x21, 0x11, 0x21, 0x11, 0x21, 0x11, 0x21, 0x11,
  0x21, 0x11, 0x29, 0x01, 0x11, 0x21, 0x11, 0x05, 0x00, 0xff, 0x00, 0xff,
  0x00, 0xff, 0x00, 0xff, 0x00, 0x01, 0x00, 0x01, 0x00, 0x01, 0x00, 0x01,
  0x00, 0xff, 0x00, 0x01, 0x00, 0xfe, 0x00, 0xff, 0x00, 0x01, 0x00, 0xff,
  0x00, 0x01, 0x00, 0x01, 0x00, 0x01, 0x00, 0xff, 0x00, 0x01, 0x00, 0xff,
  0x00, 0xff, 0x00, 0x01, 0x00, 0xff, 0x00, 0x00, 0x00, 0x01, 0x01, 0x00,
  0x02, 0x00, 0x06, 0x00, 0x03, 0x00, 0x00, 0x03, 0x00, 0x0f, 0x00, 0xba,
  0x00, 0x03, 0x00, 0x00, 0x00, 0x03, 0x2b, 0xb8, 0x00, 0x03, 0x10, 0x30,
  0x31, 0x01, 0x21, 0x11, 0x21, 0x06, 0x00, 0xfb, 0x00, 0x05, 0x00, 0x02,
  0x00, 0x01, 0x00, 0x00, 0x00, 0x01, 0x01, 0x00, 0x06, 0x00, 0x04, 0x00,
  0x07, 0x00, 0x00, 0x03, 0x00, 0x0f, 0x00, 0xba, 0x00, 0x03, 0x00, 0x00,
  0x00, 0x03, 0x2b, 0xb8, 0x00, 0x03, 0x10, 0x30, 0x31, 0x01, 0x21, 0x11,
  0x21, 0x04, 0x00, 0xfd, 0x00, 0x03, 0x00, 0x06, 0x00, 0x01, 0x00, 0x00,
  0x00, 0x02, 0x01, 0x00, 0x02, 0x00, 0x04, 0x00, 0x05, 0x00, 0x00, 0x0b,
  0x00, 0x0f, 0x01, 0x36, 0xba, 0x00, 0x04, 0x00, 0x05, 0x00, 0x03, 0x2b,
  0xb8, 0x00, 0x04, 0x10, 0xb8, 0x00, 0x03, 0xdc, 0x41, 0x21, 0x00, 0x00,
  0x00, 0x03, 0x00, 0x10, 0x00, 0x03, 0x00, 0x20, 0x00, 0x03, 0x00, 0x30,
  0x00, 0x03, 0x00, 0x40, 0x00, 0x03, 0x00, 0x50, 0x00, 0x03, 0x00, 0x60,
  0x00, 0x03, 0x00, 0x70, 0x00, 0x03, 0x00, 0x80, 0x00, 0x03, 0x00, 0x90,
  0x00, 0x03, 0x00, 0xa0, 0x00, 0x03, 0x00, 0xb0, 0x00, 0x03, 0x00, 0xc0,
  0x00, 0x03, 0x00, 0xd0, 0x00, 0x03, 0x00, 0xe0, 0x00, 0x03, 0x00, 0xf0,
  0x00, 0x03, 0x00, 0x10, 0x5d, 0xb8, 0x00, 0x02, 0xdc, 0xb8, 0x00, 0x01,
  0xdc, 0x41, 0x21, 0x00, 0x00, 0x00, 0x01, 0x00, 0x10, 0x00, 0x01, 0x00,
  0x20, 0x00, 0x01, 0x00, 0x30, 0x00, 0x01, 0x00, 0x40, 0x00, 0x01, 0x00,
  0x50, 0x00, 0x01, 0x00, 0x60, 0x00, 0x01, 0x00, 0x70, 0x00, 0x01, 0x00,
  0x80, 0x00, 0x01, 0x00, 0x90, 0x00, 0x01, 0x00, 0xa0, 0x00, 0x01, 0x00,
  0xb0, 0x00, 0x01, 0x00, 0xc0, 0x00, 0x01, 0x00, 0xd0, 0x00, 0x01, 0x00,
  0xe0, 0x00, 0x01, 0x00, 0xf0, 0x00, 0x01, 0x00, 0x10, 0x5d, 0xb8, 0x00,
  0x00, 0xdc, 0xb8, 0x00, 0x04, 0x10, 0xb8, 0x00, 0x07, 0xd0, 0xb8, 0x00,
  0x02, 0x10, 0xb8, 0x00, 0x09, 0xd0, 0xb8, 0x00, 0x02, 0x10, 0xb8, 0x00,
  0x0c, 0xd0, 0xb8, 0x00, 0x04, 0x10, 0xb8, 0x00, 0x0e, 0xd0, 0xb8, 0x00,
  0x00, 0x10, 0xb8, 0x00, 0x11, 0xdc, 0x00, 0xb8, 0x00, 0x00, 0x45, 0x58,
  0xb8, 0x00, 0x08, 0x2f, 0x1b, 0xb9, 0x00, 0x08, 0x00, 0x05, 0x3e, 0x59,
  0xba, 0x00, 0x01, 0x00, 0x02, 0x00, 0x03, 0x2b, 0xb8, 0x00, 0x01, 0x10,
  0xb8, 0x00, 0x08, 0x10, 0xb8, 0x00, 0x06, 0xdc, 0xb8, 0x00, 0x0a, 0xd0,
  0xb8, 0x00, 0x0b, 0xd0, 0xb8, 0x00, 0x00, 0xdc, 0xb8, 0x00, 0x01, 0x10,
  0xb8, 0x00, 0x04, 0xd0, 0xb8, 0x00, 0x00, 0x10, 0xb8, 0x00, 0x05, 0xd0,
  0xb8, 0x00, 0x0b, 0x10, 0xb8, 0x00, 0x07, 0xd0, 0xb8, 0x00, 0x01, 0x10,
  0xb8, 0x00, 0x0c, 0xd0, 0xb8, 0x00, 0x0b, 0x10, 0xb8, 0x00, 0x0d, 0xd0,
  0xb8, 0x00, 0x0e, 0xd0, 0xb8, 0x00, 0x00, 0x10, 0xb8, 0x00, 0x0f, 0xd0,
  0x30, 0x31, 0x01, 0x21, 0x11, 0x21, 0x11, 0x21, 0x11, 0x21, 0x11, 0x21,
  0x11, 0x21, 0x01, 0x11, 0x21, 0x11, 0x04, 0x00, 0xff, 0x00, 0xff, 0x00,
  0xff, 0x00, 0x01, 0x00, 0x01, 0x00, 0x01, 0x00, 0xff, 0x00, 0xff, 0x00,
  0x03, 0x00, 0xff, 0x00, 0x01, 0x00, 0x01, 0x00, 0x01, 0x00, 0xff, 0x00,
  0xff, 0x00, 0x01, 0x00, 0xff, 0x00, 0x00, 0x01, 0x01, 0x00, 0x00, 0x00,
  0x06, 0x00, 0x05, 0x00, 0x00, 0x0f, 0x00, 0x71, 0xba, 0x00, 0x0e, 0x00,
  0x03, 0x00, 0x03, 0x2b, 0xb8, 0x00, 0x0e, 0x10, 0xb8, 0x00, 0x03, 0x10,
  0xb8, 0x00, 0x07, 0xd0, 0xb8, 0x00, 0x0e, 0x10, 0xb8, 0x00, 0x09, 0xd0,
  0x00, 0xb8, 0x00, 0x00, 0x45, 0x58, 0xb8, 0x00, 0x08, 0x2f, 0x1b, 0xb9,
  0x00, 0x08, 0x00, 0x05, 0x3e, 0x59, 0xb8, 0x00, 0x00, 0x45, 0x58, 0xb8,
  0x00, 0x00, 0x2f, 0x1b, 0xb9, 0x00, 0x00, 0x00, 0x01, 0x3e, 0x59, 0xba,
  0x00, 0x07, 0x00, 0x04, 0x00, 0x03, 0x2b, 0xb8, 0x00, 0x07, 0x10, 0xb8,
  0x00, 0x00, 0x10, 0xb8, 0x00, 0x02, 0xdc, 0xb8, 0x00, 0x07, 0x10, 0xb8,
  0x00, 0x0a, 0xd0, 0xb8, 0x00, 0x04, 0x10, 0xb8, 0x00, 0x0c, 0xd0, 0xb8,
  0x00, 0x02, 0x10, 0xb8, 0x00, 0x0e, 0xd0, 0xb8, 0x00, 0x0f, 0xd0, 0x30,
  0x31, 0x29, 0x01, 0x11, 0x21, 0x11, 0x21, 0x11, 0x21, 0x11, 0x21, 0x11,
  0x21, 0x11, 0x21, 0x11, 0x21, 0x06, 0x00, 0xfb, 0x00, 0x02, 0x00, 0xfe,
  0x00, 0x02, 0x00, 0x01, 0x00, 0x02, 0x00, 0xfe, 0x00, 0x02, 0x00, 0x01,
  0x00, 0x01, 0x00, 0x01, 0x00, 0x02, 0x00, 0xfe, 0x00, 0xff, 0x00, 0xff,
  0x00, 0x00, 0x00, 0x01, 0x01, 0x00, 0x06, 0x00, 0x03, 0x00, 0x08, 0x00,
  0x00, 0x07, 0x00, 0x43, 0xba, 0x00, 0x02, 0x00, 0x03, 0x00, 0x03, 0x2b,
  0xb8, 0x00, 0x02, 0x10, 0xba, 0x00, 0x00, 0x00, 0x01, 0x00, 0x03, 0x2b,
  0xb8, 0x00, 0x00, 0x10, 0xb8, 0x00, 0x02, 0x10, 0xb8, 0x00, 0x05, 0xd0,
  0x00, 0xba, 0x00, 0x01, 0x00, 0x02, 0x00, 0x03, 0x2b, 0xb8, 0x00, 0x01,
  0x10, 0xb8, 0x00, 0x04, 0xd0, 0xb8, 0x00, 0x00, 0x10, 0xb8, 0x00, 0x05,
  0xd0, 0xb8, 0x00, 0x01, 0x10, 0xb8, 0x00, 0x07, 0xdc, 0x30, 0x31, 0x01,
  0x21, 0x11, 0x21, 0x11, 0x21, 0x11, 0x21, 0x03, 0x00, 0xff, 0x00, 0xff,
  0x00, 0x01, 0x00, 0x01, 0x00, 0x07, 0x00, 0xff, 0x00, 0x01, 0x00, 0x01,
  0x00, 0x00, 0x00, 0x01, 0x01, 0x00, 0x02, 0x00, 0x02, 0x00, 0x03, 0x00,
  0x00, 0x03, 0x00, 0x17, 0xba, 0x00, 0x00, 0x00, 0x01, 0x00, 0x03, 0x2b,
  0x00, 0xba, 0x00, 0x03, 0x00, 0x00, 0x00, 0x03, 0x2b, 0xb8, 0x00, 0x03,
  0x10, 0x30, 0x31, 0x01, 0x21, 0x11, 0x21, 0x02, 0x00, 0xff, 0x00, 0x01,
  0x00, 0x02, 0x00, 0x01, 0x00, 0x00, 0x00, 0x02, 0x01, 0x00, 0x00, 0x00,
  0x05, 0x00, 0x03, 0x00, 0x00, 0x13, 0x00, 0x17, 0x01, 0x0d, 0xba, 0x00,
  0x06, 0x00, 0x07, 0x00, 0x03, 0x2b, 0xb8, 0x00, 0x06, 0x10, 0xb8, 0x00,
  0x04, 0xdc, 0xb8, 0x00, 0x02, 0xdc, 0xb8, 0x00, 0x00, 0xdc, 0xb8, 0x00,
  0x06, 0x10, 0xb8, 0x00, 0x09, 0xd0, 0xb8, 0x00, 0x05, 0x10, 0xb8, 0x00,
  0x0a, 0xd0, 0xb8, 0x00, 0x07, 0x10, 0xb8, 0x00, 0x0b, 0xd0, 0xb8, 0x00,
  0x06, 0x10, 0xb8, 0x00, 0x0d, 0xd0, 0xb8, 0x00, 0x05, 0x10, 0xb8, 0x00,
  0x0e, 0xd0, 0xb8, 0x00, 0x04, 0x10, 0xb8, 0x00, 0x0f, 0xd0, 0xb8, 0x00,
  0x03, 0x10, 0xb8, 0x00, 0x10, 0xd0, 0xb8, 0x00, 0x02, 0x10, 0xb8, 0x00,
  0x11, 0xd0, 0xb8, 0x00, 0x01, 0x10, 0xb8, 0x00, 0x12, 0xd0, 0xb8, 0x00,
  0x02, 0x10, 0xb8, 0x00, 0x14, 0xd0, 0xb8, 0x00, 0x01, 0x10, 0xb8, 0x00,
  0x15, 0xd0, 0xb8, 0x00, 0x04, 0x10, 0xb8, 0x00, 0x16, 0xd0, 0xb8, 0x00,
  0x03, 0x10, 0xb8, 0x00, 0x17, 0xd0, 0x00, 0xb8, 0x00, 0x00, 0x45, 0x58,
  0xb8, 0x00, 0x02, 0x2f, 0x1b, 0xb9, 0x00, 0x02, 0x00, 0x01, 0x3e, 0x59,
  0xb8, 0x00, 0x00, 0x45, 0x58, 0xb8, 0x00, 0x06, 0x2f, 0x1b, 0xb9, 0x00,
  0x06, 0x00, 0x01, 0x3e, 0x59, 0xba, 0x00, 0x0d, 0x00, 0x0a, 0x00, 0x03,
  0x2b, 0xb8, 0x00, 0x0d, 0x10, 0xb8, 0x00, 0x02, 0x10, 0xb8, 0x00, 0x00,
  0xdc, 0xb8, 0x00, 0x04, 0xd0, 0xb8, 0x00, 0x05, 0xd0, 0xb8, 0x00, 0x08,
  0xd0, 0xb8, 0x00, 0x09, 0xd0, 0xb8, 0x00, 0x00, 0x10, 0xb8, 0x00, 0x13,
  0xdc, 0xb8, 0x00, 0x0e, 0xd0, 0xb8, 0x00, 0x0a, 0x10, 0xb8, 0x00, 0x0f,
  0xd0, 0xb8, 0x00, 0x0d, 0x10, 0xb8, 0x00, 0x10, 0xd0, 0xb8, 0x00, 0x0a,
  0x10, 0xb8, 0x00, 0x12, 0xd0, 0xb8, 0x00, 0x09, 0x10, 0xb8, 0x00, 0x14,
  0xd0, 0xb8, 0x00, 0x0a, 0x10, 0xb8, 0x00, 0x15, 0xd0, 0xb8, 0x00, 0x13,
  0x10, 0xb8, 0x00, 0x16, 0xd0, 0xb8, 0x00, 0x14, 0x10, 0xb8, 0x00, 0x17,
  0xd0, 0x30, 0x31, 0x01, 0x21, 0x11, 0x21, 0x11, 0x21, 0x11, 0x21, 0x11,
  0x21, 0x11, 0x21, 0x11, 0x21, 0x11, 0x21, 0x11, 0x21, 0x11, 0x21, 0x01,
  0x11, 0x21, 0x11, 0x05, 0x00, 0xff, 0x00, 0xff, 0x00, 0xff, 0x00, 0xff,
  0x00, 0x01, 0x00, 0xff, 0x00, 0x01, 0x00, 0x01, 0x00, 0x01, 0x00, 0x01,
  0x00, 0xff, 0x00, 0xff, 0x00, 0x01, 0x00, 0xff, 0x00, 0x01, 0x00, 0xff,
  0x00, 0x01, 0x00, 0x01, 0x00, 0x01, 0x00, 0xff, 0x00, 0x01, 0x00, 0xff,
  0x00, 0xff, 0x00, 0x01, 0x00, 0xff, 0x00, 0x00, 0x00, 0x02, 0x01, 0x00,
  0xff, 0x00, 0x05, 0x00, 0x04, 0x00, 0x00, 0x03, 0x00, 0x0f, 0x00, 0x61,
  0x00, 0xb8, 0x00, 0x00, 0x45, 0x58, 0xb8, 0x00, 0x04, 0x2f, 0x1b, 0xb9,
  0x00, 0x04, 0x00, 0x03, 0x3e, 0x59, 0xb8, 0x00, 0x00, 0x45, 0x58, 0xb8,
  0x00, 0x07, 0x2f, 0x1b, 0xb9, 0x00, 0x07, 0x00, 0x01, 0x3e, 0x59, 0xba,
  0x00, 0x03, 0x00, 0x00, 0x00, 0x03, 0x2b, 0xb8, 0x00, 0x03, 0x10, 0xba,
  0x00, 0x0a, 0x00, 0x09, 0x00, 0x03, 0x2b, 0xb8, 0x00, 0x0a, 0x10, 0xb8,
  0x00, 0x04, 0x10, 0xb8, 0x00, 0x06, 0xdc, 0xb8, 0x00, 0x07, 0x10, 0xb8,
  0x00, 0x08, 0xdc, 0xb8, 0x00, 0x0c, 0xd0, 0xb8, 0x00, 0x0d, 0xd0, 0xb8,
  0x00, 0x06, 0x10, 0xb8, 0x00, 0x0e, 0xd0, 0xb8, 0x00, 0x0f, 0xd0, 0x30,
  0x31, 0x01, 0x21, 0x11, 0x21, 0x01, 0x21, 0x11, 0x21, 0x11, 0x21, 0x11,
  0x21, 0x11, 0x21, 0x11, 0x21, 0x04, 0x00, 0xfe, 0x00, 0x02, 0x00, 0x01,
  0x00, 0xfd, 0x00, 0xff, 0x00, 0x01, 0x00, 0x02, 0x00, 0xff, 0x00, 0x02,
  0x00, 0x03, 0x00, 0x01, 0x00, 0xfb, 0x00, 0x01, 0x00, 0x01, 0x00, 0x01,
  0x00, 0xff, 0x00, 0xff, 0x00, 0x00, 0x00, 0x03, 0x01, 0x00, 0x00, 0x00,
  0x06, 0x00, 0x08, 0x00, 0x00, 0x07, 0x00, 0x13, 0x00, 0x17, 0x00, 0xba,
  0xba, 0x00, 0x02, 0x00, 0x03, 0x00, 0x03, 0x2b, 0xb8, 0x00, 0x02, 0x10,
  0xba, 0x00, 0x00, 0x00, 0x01, 0x00, 0x03, 0x2b, 0xb8, 0x00, 0x00, 0x10,
  0xb8, 0x00, 0x02, 0x10, 0xb8, 0x00, 0x05, 0xd0, 0xb8, 0x00, 0x00, 0x10,
  0xb8, 0x00, 0x09, 0xd0, 0xb8, 0x00, 0x02, 0x10, 0xb8, 0x00, 0x0b, 0xd0,
  0xb8, 0x00, 0x03, 0x10, 0xb8, 0x00, 0x0f, 0xd0, 0xb8, 0x00, 0x00, 0x10,
  0xb8, 0x00, 0x14, 0xd0, 0xb8, 0x00, 0x02, 0x10, 0xb8, 0x00, 0x16, 0xd0,
  0x00, 0xb8, 0x00, 0x00, 0x45, 0x58, 0xb8, 0x00, 0x10, 0x2f, 0x1b, 0xb9,
  0x00, 0x10, 0x00, 0x05, 0x3e, 0x59, 0xb8, 0x00, 0x00, 0x45, 0x58, 0xb8,
  0x00, 0x08, 0x2f, 0x1b, 0xb9, 0x00, 0x08, 0x00, 0x01, 0x3e, 0x59, 0xb8,
  0x00, 0x00, 0x45, 0x58, 0xb8, 0x00, 0x0c, 0x2f, 0x1b, 0xb9, 0x00, 0x0c,
  0x00, 0x01, 0x3e, 0x59, 0xba, 0x00, 0x05, 0x00, 0x02, 0x00, 0x03, 0x2b,
  0xb8, 0x00, 0x05, 0x10, 0xba, 0x00, 0x14, 0x00, 0x0a, 0x00, 0x03, 0x2b,
  0xb8, 0x00, 0x14, 0x10, 0xb8, 0x00, 0x02, 0x10, 0xb8, 0x00, 0x07, 0xd0,
  0xb8, 0x00, 0x00, 0xdc, 0xb8, 0x00, 0x10, 0x10, 0xb8, 0x00, 0x0e, 0xdc,
  0xb8, 0x00, 0x12, 0xd0, 0xb8, 0x00, 0x13, 0xd0, 0xb8, 0x00, 0x15, 0xd0,
  0xb8, 0x00, 0x16, 0xd0, 0x30, 0x31, 0x01, 0x21, 0x11, 0x21, 0x11, 0x21,
  0x11, 0x21, 0x01, 0x21, 0x11, 0x21, 0x11, 0x21, 0x11, 0x21, 0x11, 0x21,
  0x11, 0x21, 0x01, 0x11, 0x21, 0x11, 0x04, 0x00, 0xff, 0x00, 0xff, 0x00,
  0x01, 0x00, 0x01, 0x00, 0x02, 0x00, 0xfe, 0x00, 0xff, 0x00, 0xfe, 0x00,
  0x01, 0x00, 0x03, 0x00, 0x01, 0x00, 0xfe, 0x00, 0xff, 0x00, 0x06, 0x00,
  0x01, 0x00, 0x01, 0x00, 0xff, 0x00, 0xf9, 0x00, 0x02, 0x00, 0xfe, 0x00,
  0x04, 0x00, 0x01, 0x00, 0xff, 0x00, 0xff, 0x00, 0x01, 0x00, 0xff, 0x00,
  0x00, 0x03, 0x01, 0x00, 0x00, 0x00, 0x06, 0x00, 0x08, 0x00, 0x00, 0x07,
  0x00, 0x13, 0x00, 0x17, 0x00, 0xc6, 0xba, 0x00, 0x02, 0x00, 0x03, 0x00,
  0x03, 0x2b, 0xb8, 0x00, 0x02, 0x10, 0xba, 0x00, 0x00, 0x00, 0x01, 0x00,
  0x03, 0x2b, 0xb8, 0x00, 0x00, 0x10, 0xb8, 0x00, 0x02, 0x10, 0xb8, 0x00,
  0x05, 0xd0, 0xb8, 0x00, 0x02, 0x10, 0xb8, 0x00, 0x09, 0xd0, 0xb8, 0x00,
  0x03, 0x10, 0xb8, 0x00, 0x0b, 0xd0, 0xb8, 0x00, 0x00, 0x10, 0xb8, 0x00,
  0x11, 0xd0, 0xb8, 0x00, 0x02, 0x10, 0xb8, 0x00, 0x14, 0xd0, 0xb8, 0x00,
  0x03, 0x10, 0xb8, 0x00, 0x16, 0xd0, 0x00, 0xb8, 0x00, 0x00, 0x45, 0x58,
  0xb8, 0x00, 0x10, 0x2f, 0x1b, 0xb9, 0x00, 0x10, 0x00, 0x05, 0x3e, 0x59,
  0xb8, 0x00, 0x00, 0x45, 0x58, 0xb8, 0x00, 0x08, 0x2f, 0x1b, 0xb9, 0x00,
  0x08, 0x00, 0x01, 0x3e, 0x59, 0xb8, 0x00, 0x00, 0x45, 0x58, 0xb8, 0x00,
  0x0c, 0x2f, 0x1b, 0xb9, 0x00, 0x0c, 0x00, 0x01, 0x3e, 0x59, 0xba, 0x00,
  0x07, 0x00, 0x00, 0x00, 0x03, 0x2b, 0xb8, 0x00, 0x07, 0x10, 0xba, 0x00,
  0x14, 0x00, 0x0a, 0x00, 0x03, 0x2b, 0xb8, 0x00, 0x14, 0x10, 0xb8, 0x00,
  0x00, 0x10, 0xb8, 0x00, 0x02, 0xdc, 0xb8, 0x00, 0x00, 0x10, 0xb8, 0x00,
  0x04, 0xd0, 0xb8, 0x00, 0x01, 0x10, 0xb8, 0x00, 0x05, 0xd0, 0xb8, 0x00,
  0x10, 0x10, 0xb8, 0x00, 0x0e, 0xdc, 0xb8, 0x00, 0x12, 0xd0, 0xb8, 0x00,
  0x13, 0xd0, 0xb8, 0x00, 0x15, 0xd0, 0xb8, 0x00, 0x16, 0xd0, 0x30, 0x31,
  0x01, 0x21, 0x11, 0x21, 0x11, 0x21, 0x11, 0x21, 0x01, 0x21, 0x11, 0x21,
  0x11, 0x21, 0x11, 0x21, 0x11, 0x21, 0x11, 0x21, 0x01, 0x11, 0x21, 0x11,
  0x05, 0x00, 0xff, 0x00, 0xff, 0x00, 0x01, 0x00, 0x01, 0x00, 0x01, 0x00,
  0xfe, 0x00, 0xff, 0x00, 0xfe, 0x00, 0x01, 0x00, 0x03, 0x00, 0x01, 0x00,
  0xfe, 0x00, 0xff, 0x00, 0x07, 0x00, 0xff, 0x00, 0x01, 0x00, 0x01, 0x00,
  0xf8, 0x00, 0x02, 0x00, 0xfe, 0x00, 0x04, 0x00, 0x01, 0x00, 0xff, 0x00,
  0xff, 0x00, 0x01, 0x00, 0xff, 0x00, 0x00, 0x03, 0x01, 0x00, 0x00, 0x00,
  0x06, 0x00, 0x08, 0x00, 0x00, 0x0b, 0x00, 0x17, 0x00, 0x1b, 0x01, 0x74,
  0xba, 0x00, 0x04, 0x00, 0x05, 0x00, 0x03, 0x2b, 0xb8, 0x00, 0x04, 0x10,
  0xb8, 0x00, 0x03, 0xdc, 0x41, 0x21, 0x00, 0x00, 0x00, 0x03, 0x00, 0x10,
  0x00, 0x03, 0x00, 0x20, 0x00, 0x03, 0x00, 0x30, 0x00, 0x03, 0x00, 0x40,
  0x00, 0x03, 0x00, 0x50, 0x00, 0x03, 0x00, 0x60, 0x00, 0x03, 0x00, 0x70,
  0x00, 0x03, 0x00, 0x80, 0x00, 0x03, 0x00, 0x90, 0x00, 0x03, 0x00, 0xa0,
  0x00, 0x03, 0x00, 0xb0, 0x00, 0x03, 0x00, 0xc0, 0x00, 0x03, 0x00, 0xd0,
  0x00, 0x03, 0x00, 0xe0, 0x00, 0x03, 0x00, 0xf0, 0x00, 0x03, 0x00, 0x10,
  0x5d, 0xb8, 0x00, 0x02, 0xdc, 0xb8, 0x00, 0x01, 0xdc, 0x41, 0x21, 0x00,
  0x00, 0x00, 0x01, 0x00, 0x10, 0x00, 0x01, 0x00, 0x20, 0x00, 0x01, 0x00,
  0x30, 0x00, 0x01, 0x00, 0x40, 0x00, 0x01, 0x00, 0x50, 0x00, 0x01, 0x00,
  0x60, 0x00, 0x01, 0x00, 0x70, 0x00, 0x01, 0x00, 0x80, 0x00, 0x01, 0x00,
  0x90, 0x00, 0x01, 0x00, 0xa0, 0x00, 0x01, 0x00, 0xb0, 0x00, 0x01, 0x00,
  0xc0, 0x00, 0x01, 0x00, 0xd0, 0x00, 0x01, 0x00, 0xe0, 0x00, 0x01, 0x00,
  0xf0, 0x00, 0x01, 0x00, 0x10, 0x5d, 0xb8, 0x00, 0x00, 0xdc, 0xb8, 0x00,
  0x04, 0x10, 0xb8, 0x00, 0x07, 0xd0, 0xb8, 0x00, 0x02, 0x10, 0xb8, 0x00,
  0x0a, 0xd0, 0xb8, 0x00, 0x02, 0x10, 0xb8, 0x00, 0x0d, 0xd0, 0xb8, 0x00,
  0x04, 0x10, 0xb8, 0x00, 0x10, 0xd0, 0xb8, 0x00, 0x05, 0x10, 0xb8, 0x00,
  0x13, 0xd0, 0xb8, 0x00, 0x00, 0x10, 0xb8, 0x00, 0x15, 0xd0, 0xb8, 0x00,
  0x02, 0x10, 0xb8, 0x00, 0x19, 0xd0, 0xb8, 0x00, 0x04, 0x10, 0xb8, 0x00,
  0x1a, 0xd0, 0xb8, 0x00, 0x00, 0x10, 0xb8, 0x00, 0x1d, 0xdc, 0x00, 0xb8,
  0x00, 0x00, 0x45, 0x58, 0xb8, 0x00, 0x14, 0x2f, 0x1b, 0xb9, 0x00, 0x14,
  0x00, 0x05, 0x3e, 0x59, 0xb8, 0x00, 0x00, 0x45, 0x58, 0xb8, 0x00, 0x0c,
  0x2f, 0x1b, 0xb9, 0x00, 0x0c, 0x00, 0x01, 0x3e, 0x59, 0xb8, 0x00, 0x00,
  0x45, 0x58, 0xb8, 0x00, 0x10, 0x2f, 0x1b, 0xb9, 0x00, 0x10, 0x00, 0x01,
  0x3e, 0x59, 0xba, 0x00, 0x09, 0x00, 0x02, 0x00, 0x03, 0x2b, 0xb8, 0x00,
  0x09, 0x10, 0xba, 0x00, 0x18, 0x00, 0x0e, 0x00, 0x03, 0x2b, 0xb8, 0x00,
  0x18, 0x10, 0xb8, 0x00, 0x02, 0x10, 0xb8, 0x00, 0x0b, 0xd0, 0xb8, 0x00,
  0x00, 0xdc, 0xb8, 0x00, 0x04, 0xd0, 0xb8, 0x00, 0x02, 0x10, 0xb8, 0x00,
  0x06, 0xd0, 0xb8, 0x00, 0x0b, 0x10, 0xb8, 0x00, 0x07, 0xd0, 0xb8, 0x00,
  0x14, 0x10, 0xb8, 0x00, 0x12, 0xdc, 0xb8, 0x00, 0x16, 0xd0, 0xb8, 0x00,
  0x17, 0xd0, 0xb8, 0x00, 0x19, 0xd0, 0xb8, 0x00, 0x1a, 0xd0, 0x30, 0x31,
  0x01, 0x21, 0x11, 0x21, 0x11, 0x21, 0x11, 0x21, 0x11, 0x21, 0x11, 0x21,
  0x01, 0x21, 0x11, 0x21, 0x11, 0x21, 0x11, 0x21, 0x11, 0x21, 0x11, 0x21,
  0x01, 0x11, 0x21, 0x11, 0x05, 0x00, 0xff, 0x00, 0xff, 0x00, 0xff, 0x00,
  0x01, 0x00, 0x01, 0x00, 0x01, 0x00, 0x01, 0x00, 0xfe, 0x00, 0xff, 0x00,
  0xfe, 0x00, 0x01, 0x00, 0x03, 0x00, 0x01, 0x00, 0xfe, 0x00, 0xff, 0x00,
  0x06, 0x00, 0x01, 0x00, 0xff, 0x00, 0x01, 0x00, 0x01, 0x00, 0xff, 0x00,
  0xf9, 0x00, 0x02, 0x00, 0xfe, 0x00, 0x04, 0x00, 0x01, 0x00, 0xff, 0x00,
  0xff, 0x00, 0x01, 0x00, 0xff, 0x00, 0x00, 0x03, 0x01, 0x00, 0x00, 0x00,
  0x06, 0x00, 0x08, 0x00, 0x00, 0x0f, 0x00, 0x1b, 0x00, 0x1f, 0x01, 0x56,
  0xba, 0x00, 0x06, 0x00, 0x07, 0x00, 0x03, 0x2b, 0xb8, 0x00, 0x06, 0x10,
  0xb8, 0x00, 0x04, 0xdc, 0xb8, 0x00, 0x02, 0xdc, 0xb8, 0x00, 0x00, 0xdc,
  0xb8, 0x00, 0x06, 0x10, 0xb8, 0x00, 0x09, 0xd0, 0xb8, 0x00, 0x05, 0x10,
  0xb8, 0x00, 0x0a, 0xd0, 0xb8, 0x00, 0x04, 0x10, 0xb8, 0x00, 0x0b, 0xd0,
  0xb8, 0x00, 0x03, 0x10, 0xb8, 0x00, 0x0c, 0xd0, 0xb8, 0x00, 0x02, 0x10,
  0xb8, 0x00, 0x0d, 0xd0, 0xb8, 0x00, 0x01, 0x10, 0xb8, 0x00, 0x0e, 0xd0,
  0xb8, 0x00, 0x00, 0x10, 0xb8, 0x00, 0x10, 0xd0, 0xb8, 0x00, 0x04, 0x10,
  0xb8, 0x00, 0x11, 0xd0, 0xb8, 0x00, 0x03, 0x10, 0xb8, 0x00, 0x12, 0xd0,
  0xb8, 0x00, 0x06, 0x10, 0xb8, 0x00, 0x13, 0xd0, 0xb8, 0x00, 0x05, 0x10,
  0xb8, 0x00, 0x14, 0xd0, 0xb8, 0x00, 0x07, 0x10, 0xb8, 0x00, 0x17, 0xd0,
  0xb8, 0x00, 0x02, 0x10, 0xb8, 0x00, 0x19, 0xd0, 0xb8, 0x00, 0x01, 0x10,
  0xb8, 0x00, 0x1a, 0xd0, 0xb8, 0x00, 0x04, 0x10, 0xb8, 0x00, 0x1c, 0xd0,
  0xb8, 0x00, 0x03, 0x10, 0xb8, 0x00, 0x1d, 0xd0, 0xb8, 0x00, 0x06, 0x10,
  0xb8, 0x00, 0x1e, 0xd0, 0xb8, 0x00, 0x05, 0x10, 0xb8, 0x00, 0x1f, 0xd0,
  0x00, 0xb8, 0x00, 0x00, 0x45, 0x58, 0xb8, 0x00, 0x18, 0x2f, 0x1b, 0xb9,
  0x00, 0x18, 0x00, 0x05, 0x3e, 0x59, 0xb8, 0x00, 0x00, 0x45, 0x58, 0xb8,
  0x00, 0x10, 0x2f, 0x1b, 0xb9, 0x00, 0x10, 0x00, 0x01, 0x3e, 0x59, 0xb8,
  0x00, 0x00, 0x45, 0x58, 0xb8, 0x00, 0x14, 0x2f, 0x1b, 0xb9, 0x00, 0x14,
  0x00, 0x01, 0x3e, 0x59, 0xba, 0x00, 0x0f, 0x00, 0x00, 0x00, 0x03, 0x2b,
  0xb8, 0x00, 0x0f, 0x10, 0xba, 0x00, 0x1c, 0x00, 0x12, 0x00, 0x03, 0x2b,
  0xb8, 0x00, 0x1c, 0x10, 0xb8, 0x00, 0x00, 0x10, 0xb8, 0x00, 0x02, 0xdc,
  0xb8, 0x00, 0x00, 0x10, 0xb8, 0x00, 0x04, 0xd0, 0xb8, 0x00, 0x01, 0x10,
  0xb8, 0x00, 0x05, 0xd0, 0xb8, 0x00, 0x02, 0x10, 0xb8, 0x00, 0x06, 0xd0,
  0xb8, 0x00, 0x00, 0x10, 0xb8, 0x00, 0x08, 0xd0, 0xb8, 0x00, 0x01, 0x10,
  0xb8, 0x00, 0x09, 0xd0, 0xb8, 0x00, 0x0f, 0x10, 0xb8, 0x00, 0x0a, 0xd0,
  0xb8, 0x00, 0x00, 0x10, 0xb8, 0x00, 0x0c, 0xd0, 0xb8, 0x00, 0x01, 0x10,
  0xb8, 0x00, 0x0d, 0xd0, 0xb8, 0x00, 0x18, 0x10, 0xb8, 0x00, 0x16, 0xdc,
  0xb8, 0x00, 0x1a, 0xd0, 0xb8, 0x00, 0x1b, 0xd0, 0xb8, 0x00, 0x1d, 0xd0,
  0xb8, 0x00, 0x1e, 0xd0, 0x30, 0x31, 0x01, 0x21, 0x11, 0x21, 0x11, 0x21,
  0x11, 0x21, 0x11, 0x21, 0x11, 0x21, 0x11, 0x21, 0x11, 0x21, 0x11, 0x21,
  0x11, 0x21, 0x11, 0x21, 0x11, 0x21, 0x11, 0x21, 0x11, 0x21, 0x01, 0x11,
  0x21, 0x11, 0x06, 0x00, 0xff, 0x00, 0xff, 0x00, 0xff, 0x00, 0xff, 0x00,
  0x01, 0x00, 0x01, 0x00, 0x01, 0x00, 0x01, 0x00, 0xfe, 0x00, 0xff, 0x00,
  0xfe, 0x00, 0x01, 0x00, 0x03, 0x00, 0x01, 0x00, 0xfe, 0x00, 0xff, 0x00,
  0x07, 0x00, 0xff, 0x00, 0x01, 0x00, 0xff, 0x00, 0x01, 0x00, 0x01, 0x00,
  0xff, 0x00, 0x01, 0x00, 0xf8, 0x00, 0x02, 0x00, 0xfe, 0x00, 0x04, 0x00,
  0x01, 0x00, 0xff, 0x00, 0xff, 0x00, 0x01, 0x00, 0xff, 0x00, 0x00, 0x04,
  0x01, 0x00, 0x00, 0x00, 0x06, 0x00, 0x07, 0x00, 0x00, 0x03, 0x00, 0x07,
  0x00, 0x13, 0x00, 0x17, 0x00, 0xbe, 0xba, 0x00, 0x04, 0x00, 0x05, 0x00,
  0x03, 0x2b, 0xb8, 0x00, 0x04, 0x10, 0xba, 0x00, 0x00, 0x00, 0x01, 0x00,
  0x03, 0x2b, 0xb8, 0x00, 0x00, 0x10, 0xb8, 0x00, 0x01, 0x10, 0xb8, 0x00,
  0x09, 0xd0, 0xb8, 0x00, 0x04, 0x10, 0xb8, 0x00, 0x0b, 0xd0, 0xb8, 0x00,
  0x05, 0x10, 0xb8, 0x00, 0x0f, 0xd0, 0xb8, 0x00, 0x00, 0x10, 0xb8, 0x00,
  0x11, 0xd0, 0xb8, 0x00, 0x01, 0x10, 0xb8, 0x00, 0x14, 0xd0, 0xb8, 0x00,
  0x04, 0x10, 0xb8, 0x00, 0x16, 0xd0, 0x00, 0xb8, 0x00, 0x00, 0x45, 0x58,
  0xb8, 0x00, 0x10, 0x2f, 0x1b, 0xb9, 0x00, 0x10, 0x00, 0x05, 0x3e, 0x59,
  0xb8, 0x00, 0x00, 0x45, 0x58, 0xb8, 0x00, 0x08, 0x2f, 0x1b, 0xb9, 0x00,
  0x08, 0x00, 0x01, 0x3e, 0x59, 0xb8, 0x00, 0x00, 0x45, 0x58, 0xb8, 0x00,
  0x0c, 0x2f, 0x1b, 0xb9, 0x00, 0x0c, 0x00, 0x01, 0x3e, 0x59, 0xba, 0x00,
  0x03, 0x00, 0x00, 0x00, 0x03, 0x2b, 0xb8, 0x00, 0x03, 0x10, 0xba, 0x00,
  0x14, 0x00, 0x0a, 0x00, 0x03, 0x2b, 0xb8, 0x00, 0x14, 0x10, 0xb8, 0x00,
  0x00, 0x10, 0xb8, 0x00, 0x04, 0xd0, 0xb8, 0x00, 0x03, 0x10, 0xb8, 0x00,
  0x06, 0xd0, 0xb8, 0x00, 0x10, 0x10, 0xb8, 0x00, 0x0e, 0xdc, 0xb8, 0x00,
  0x12, 0xd0, 0xb8, 0x00, 0x13, 0xd0, 0xb8, 0x00, 0x15, 0xd0, 0xb8, 0x00,
  0x16, 0xd0, 0x30, 0x31, 0x01, 0x21, 0x11, 0x21, 0x01, 0x21, 0x11, 0x21,
  0x01, 0x21, 0x11, 0x21, 0x11, 0x21, 0x11, 0x21, 0x11, 0x21, 0x11, 0x21,
  0x01, 0x11, 0x21, 0x11, 0x05, 0x00, 0xff, 0x00, 0x01, 0x00, 0xfe, 0x00,
  0xff, 0x00, 0x01, 0x00, 0x03, 0x00, 0xfe, 0x00, 0xff, 0x00, 0xfe, 0x00,
  0x01, 0x00, 0x03, 0x00, 0x01, 0x00, 0xfe, 0x00, 0xff, 0x00, 0x06, 0x00,
  0x01, 0x00, 0xff, 0x00, 0x01, 0x00, 0xf9, 0x00, 0x02, 0x00, 0xfe, 0x00,
  0x04, 0x00, 0x01, 0x00, 0xff, 0x00, 0xff, 0x00, 0x01, 0x00, 0xff, 0x00,
  0x00, 0x03, 0x01, 0x00, 0x00, 0x00, 0x06, 0x00, 0x08, 0x00, 0x00, 0x17,
  0x00, 0x1b, 0x00, 0x1f, 0x01, 0x75, 0xba, 0x00, 0x1e, 0x00, 0x07, 0x00,
  0x03, 0x2b, 0xb8, 0x00, 0x1e, 0x10, 0xb8, 0x00, 0x03, 0xdc, 0x41, 0x21,
  0x00, 0x00, 0x00, 0x03, 0x00, 0x10, 0x00, 0x03, 0x00, 0x20, 0x00, 0x03,
  0x00, 0x30, 0x00, 0x03, 0x00, 0x40, 0x00, 0x03, 0x00, 0x50, 0x00, 0x03,
  0x00, 0x60, 0x00, 0x03, 0x00, 0x70, 0x00, 0x03, 0x00, 0x80, 0x00, 0x03,
  0x00, 0x90, 0x00, 0x03, 0x00, 0xa0, 0x00, 0x03, 0x00, 0xb0, 0x00, 0x03,
  0x00, 0xc0, 0x00, 0x03, 0x00, 0xd0, 0x00, 0x03, 0x00, 0xe0, 0x00, 0x03,
  0x00, 0xf0, 0x00, 0x03, 0x00, 0x10, 0x5d, 0xb8, 0x00, 0x02, 0xdc, 0xb8,
  0x00, 0x1e, 0x10, 0xb8, 0x00, 0x09, 0xd0, 0xb8, 0x00, 0x07, 0x10, 0xb8,
  0x00, 0x0b, 0xd0, 0xb8, 0x00, 0x03, 0x10, 0xb8, 0x00, 0x0d, 0xd0, 0xb8,
  0x00, 0x02, 0x10, 0xb8, 0x00, 0x10, 0xd0, 0xb8, 0x00, 0x02, 0x10, 0xb8,
  0x00, 0x1d, 0xdc, 0x41, 0x21, 0x00, 0x00, 0x00, 0x1d, 0x00, 0x10, 0x00,
  0x1d, 0x00, 0x20, 0x00, 0x1d, 0x00, 0x30, 0x00, 0x1d, 0x00, 0x40, 0x00,
  0x1d, 0x00, 0x50, 0x00, 0x1d, 0x00, 0x60, 0x00, 0x1d, 0x00, 0x70, 0x00,
  0x1d, 0x00, 0x80, 0x00, 0x1d, 0x00, 0x90, 0x00, 0x1d, 0x00, 0xa0, 0x00,
  0x1d, 0x00, 0xb0, 0x00, 0x1d, 0x00, 0xc0, 0x00, 0x1d, 0x00, 0xd0, 0x00,
  0x1d, 0x00, 0xe0, 0x00, 0x1d, 0x00, 0xf0, 0x00, 0x1d, 0x00, 0x10, 0x5d,
  0xb8, 0x00, 0x16, 0xdc, 0xb8, 0x00, 0x11, 0xd0, 0xb8, 0x00, 0x02, 0x10,
  0xb8, 0x00, 0x13, 0xd0, 0xb8, 0x00, 0x02, 0x10, 0xb8, 0x00, 0x18, 0xd0,
  0xb8, 0x00, 0x1e, 0x10, 0xb8, 0x00, 0x1a, 0xd0, 0xb8, 0x00, 0x16, 0x10,
  0xb8, 0x00, 0x21, 0xdc, 0x00, 0xb8, 0x00, 0x00, 0x45, 0x58, 0xb8, 0x00,
  0x08, 0x2f, 0x1b, 0xb9, 0x00, 0x08, 0x00, 0x05, 0x3e, 0x59, 0xb8, 0x00,
  0x00, 0x45, 0x58, 0xb8, 0x00, 0x14, 0x2f, 0x1b, 0xb9, 0x00, 0x14, 0x00,
  0x05, 0x3e, 0x59, 0xb8, 0x00, 0x00, 0x45, 0x58, 0xb8, 0x00, 0x00, 0x2f,
  0x1b, 0xb9, 0x00, 0x00, 0x00, 0x01, 0x3e, 0x59, 0xb8, 0x00, 0x00, 0x45,
  0x58, 0xb8, 0x00, 0x04, 0x2f, 0x1b, 0xb9, 0x00, 0x04, 0x00, 0x01, 0x3e,
  0x59, 0xba, 0x00, 0x0e, 0x00, 0x0d, 0x00, 0x03, 0x2b, 0xb8, 0x00, 0x0e,
  0x10, 0xba, 0x00, 0x1c, 0x00, 0x02, 0x00, 0x03, 0x2b, 0xb8, 0x00, 0x1c,
  0x10, 0xb8, 0x00, 0x0d, 0x10, 0xb8, 0x00, 0x0a, 0xdc, 0xb8, 0x00, 0x0d,
  0x10, 0xb8, 0x00, 0x10, 0xd0, 0xb8, 0x00, 0x0a, 0x10, 0xb8, 0x00, 0x12,
  0xd0, 0xb8, 0x00, 0x0a, 0x10, 0xb8, 0x00, 0x18, 0xd0, 0xb8, 0x00, 0x0d,
  0x10, 0xb8, 0x00, 0x19, 0xd0, 0x30, 0x31, 0x29, 0x01, 0x11, 0x21, 0x11,
  0x21, 0x11, 0x21, 0x11, 0x21, 0x11, 0x21, 0x11, 0x21, 0x11, 0x21, 0x11,
  0x21, 0x11, 0x21, 0x11, 0x21, 0x11, 0x21, 0x01, 0x11, 0x21, 0x11, 0x01,
  0x11, 0x21, 0x11, 0x06, 0x00, 0xfe, 0x00, 0xff, 0x00, 0xfe, 0x00, 0x01,
  0x00, 0x01, 0x00, 0xff, 0x00, 0x01, 0x00, 0x01, 0x00, 0x01, 0x00, 0xff,
  0x00, 0x01, 0x00, 0x01, 0x00, 0xfe, 0x00, 0xff, 0x00, 0x01, 0x00, 0xff,
  0x00, 0x02, 0x00, 0xfe, 0x00, 0x04, 0x00, 0x01, 0x00, 0x01, 0x00, 0x01,
  0x00, 0x01, 0x00, 0xff, 0x00, 0xff, 0x00, 0xff, 0x00, 0xff, 0x00, 0x02,
  0x00, 0x01, 0x00, 0xff, 0x00, 0xfd, 0x00, 0x01, 0x00, 0xff, 0x00, 0x00,
  0x00, 0x02, 0x01, 0x00, 0x00, 0x00, 0x06, 0x00, 0x05, 0x00, 0x00, 0x11,
  0x00, 0x15, 0x00, 0x8e, 0xba, 0x00, 0x04, 0x00, 0x05, 0x00, 0x03, 0x2b,
  0xb8, 0x00, 0x04, 0x10, 0xb8, 0x00, 0x07, 0xd0, 0xb8, 0x00, 0x04, 0x10,
  0xb8, 0x00, 0x14, 0xd0, 0x00, 0xb8, 0x00, 0x00, 0x45, 0x58, 0xb8, 0x00,
  0x08, 0x2f, 0x1b, 0xb9, 0x00, 0x08, 0x00, 0x05, 0x3e, 0x59, 0xb8, 0x00,
  0x00, 0x45, 0x58, 0xb8, 0x00, 0x00, 0x2f, 0x1b, 0xb9, 0x00, 0x00, 0x00,
  0x01, 0x3e, 0x59, 0xb8, 0x00, 0x00, 0x45, 0x58, 0xb8, 0x00, 0x04, 0x2f,
  0x1b, 0xb9, 0x00, 0x04, 0x00, 0x01, 0x3e, 0x59, 0xba, 0x00, 0x12, 0x00,
  0x02, 0x00, 0x03, 0x2b, 0xb8, 0x00, 0x12, 0x10, 0xb8, 0x00, 0x08, 0x10,
  0xb8, 0x00, 0x06, 0xdc, 0xb8, 0x00, 0x0a, 0xd0, 0xb8, 0x00, 0x0b, 0xd0,
  0xb8, 0x00, 0x12, 0x10, 0xb8, 0x00, 0x0c, 0xd0, 0xb8, 0x00, 0x02, 0x10,
  0xb8, 0x00, 0x0e, 0xd0, 0xb8, 0x00, 0x00, 0x10, 0xb8, 0x00, 0x10, 0xdc,
  0xb8, 0x00, 0x0b, 0x10, 0xb8, 0x00, 0x13, 0xd0, 0xb8, 0x00, 0x14, 0xd0,
  0x30, 0x31, 0x29, 0x01, 0x11, 0x21, 0x11, 0x21, 0x11, 0x21, 0x11, 0x21,
  0x11, 0x21, 0x11, 0x21, 0x11, 0x21, 0x11, 0x21, 0x01, 0x11, 0x21, 0x11,
  0x06, 0x00, 0xfd, 0x00, 0xff, 0x00, 0xff, 0x00, 0x01, 0x00, 0x04, 0x00,
  0xff, 0x00, 0x01, 0x00, 0xff, 0x00, 0x01, 0x00, 0xfd, 0x00, 0xff, 0x00,
  0x02, 0x00, 0xfe, 0x00, 0x04, 0x00, 0x01, 0x00, 0xff, 0x00, 0xff, 0x00,
  0xff, 0x00, 0xff, 0x00, 0x02, 0x00, 0x01, 0x00, 0xff, 0x00, 0x00, 0x02,
  0x01, 0x00, 0x00, 0x00, 0x06, 0x00, 0x08, 0x00, 0x00, 0x07, 0x00, 0x13,
  0x00, 0x89, 0xba, 0x00, 0x02, 0x00, 0x03, 0x00, 0x03, 0x2b, 0xb8, 0x00,
  0x02, 0x10, 0xba, 0x00, 0x00, 0x00, 0x01, 0x00, 0x03, 0x2b, 0xb8, 0x00,
  0x00, 0x10, 0xb8, 0x00, 0x02, 0x10, 0xb8, 0x00, 0x05, 0xd0, 0xb8, 0x00,
  0x02, 0x10, 0xb8, 0x00, 0x0d, 0xd0, 0xb8, 0x00, 0x02, 0x10, 0xb8, 0x00,
  0x11, 0xd0, 0x00, 0xb8, 0x00, 0x00, 0x45, 0x58, 0xb8, 0x00, 0x0a, 0x2f,
  0x1b, 0xb9, 0x00, 0x0a, 0x00, 0x05, 0x3e, 0x59, 0xb8, 0x00, 0x00, 0x45,
  0x58, 0xb8, 0x00, 0x08, 0x2f, 0x1b, 0xb9, 0x00, 0x08, 0x00, 0x01, 0x3e,
  0x59, 0xba, 0x00, 0x05, 0x00, 0x02, 0x00, 0x03, 0x2b, 0xb8, 0x00, 0x05,
  0x10, 0xba, 0x00, 0x0f, 0x00, 0x10, 0x00, 0x03, 0x2b, 0xb8, 0x00, 0x0f,
  0x10, 0xb8, 0x00, 0x02, 0x10, 0xb8, 0x00, 0x07, 0xd0, 0xb8, 0x00, 0x00,
  0xdc, 0xb8, 0x00, 0x0a, 0x10, 0xb8, 0x00, 0x0c, 0xdc, 0xb8, 0x00, 0x08,
  0x10, 0xb8, 0x00, 0x12, 0xdc, 0x30, 0x31, 0x01, 0x21, 0x11, 0x21, 0x11,
  0x21, 0x11, 0x21, 0x01, 0x21, 0x11, 0x21, 0x11, 0x21, 0x11, 0x21, 0x11,
  0x21, 0x11, 0x21, 0x04, 0x00, 0xff, 0x00, 0xff, 0x00, 0x01, 0x00, 0x01,
  0x00, 0x02, 0x00, 0xfb, 0x00, 0x05, 0x00, 0xfd, 0x00, 0x03, 0x00, 0xfd,
  0x00, 0x03, 0x00, 0x06, 0x00, 0x01, 0x00, 0x01, 0x00, 0xff, 0x00, 0xf9,
  0x00, 0x05, 0x00, 0xff, 0x00, 0xff, 0x00, 0xff, 0x00, 0xff, 0x00, 0x00,
  0x00, 0x02, 0x01, 0x00, 0x00, 0x00, 0x06, 0x00, 0x08, 0x00, 0x00, 0x07,
  0x00, 0x13, 0x00, 0x95, 0xba, 0x00, 0x02, 0x00, 0x03, 0x00, 0x03, 0x2b,
  0xb8, 0x00, 0x02, 0x10, 0xba, 0x00, 0x00, 0x00, 0x01, 0x00, 0x03, 0x2b,
  0xb8, 0x00, 0x00, 0x10, 0xb8, 0x00, 0x02, 0x10, 0xb8, 0x00, 0x05, 0xd0,
  0xb8, 0x00, 0x03, 0x10, 0xb8, 0x00, 0x0d, 0xd0, 0xb8, 0x00, 0x03, 0x10,
  0xb8, 0x00, 0x11, 0xd0, 0x00, 0xb8, 0x00, 0x00, 0x45, 0x58, 0xb8, 0x00,
  0x0a, 0x2f, 0x1b, 0xb9, 0x00, 0x0a, 0x00, 0x05, 0x3e, 0x59, 0xb8, 0x00,
  0x00, 0x45, 0x58, 0xb8, 0x00, 0x08, 0x2f, 0x1b, 0xb9, 0x00, 0x08, 0x00,
  0x01, 0x3e, 0x59, 0xba, 0x00, 0x07, 0x00, 0x00, 0x00, 0x03, 0x2b, 0xb8,
  0x00, 0x07, 0x10, 0xba, 0x00, 0x0f, 0x00, 0x10, 0x00, 0x03, 0x2b, 0xb8,
  0x00, 0x0f, 0x10, 0xb8, 0x00, 0x00, 0x10, 0xb8, 0x00, 0x02, 0xdc, 0xb8,
  0x00, 0x00, 0x10, 0xb8, 0x00, 0x04, 0xd0, 0xb8, 0x00, 0x01, 0x10, 0xb8,
  0x00, 0x05, 0xd0, 0xb8, 0x00, 0x0a, 0x10, 0xb8, 0x00, 0x0c, 0xdc, 0xb8,
  0x00, 0x08, 0x10, 0xb8, 0x00, 0x12, 0xdc, 0x30, 0x31, 0x01, 0x21, 0x11,
  0x21, 0x11, 0x21, 0x11, 0x21, 0x01, 0x21, 0x11, 0x21, 0x11, 0x21, 0x11,
  0x21, 0x11, 0x21, 0x11, 0x21, 0x05, 0x00, 0xff, 0x00, 0xff, 0x00, 0x01,
  0x00, 0x01, 0x00, 0x01, 0x00, 0xfb, 0x00, 0x05, 0x00, 0xfd, 0x00, 0x03,
  0x00, 0xfd, 0x00, 0x03, 0x00, 0x07, 0x00, 0xff, 0x00, 0x01, 0x00, 0x01,
  0x00, 0xf8, 0x00, 0x05, 0x00, 0xff, 0x00, 0xff, 0x00, 0xff, 0x00, 0xff,
  0x00, 0x00, 0x00, 0x02, 0x01, 0x00, 0x00, 0x00, 0x06, 0x00, 0x08, 0x00,
  0x00, 0x0b, 0x00, 0x17, 0x01, 0x3b, 0xba, 0x00, 0x04, 0x00, 0x05, 0x00,
  0x03, 0x2b, 0xb8, 0x00, 0x04, 0x10, 0xb8, 0x00, 0x03, 0xdc, 0x41, 0x21,
  0x00, 0x00, 0x00, 0x03, 0x00, 0x10, 0x00, 0x03, 0x00, 0x20, 0x00, 0x03,
  0x00, 0x30, 0x00, 0x03, 0x00, 0x40, 0x00, 0x03, 0x00, 0x50, 0x00, 0x03,
  0x00, 0x60, 0x00, 0x03, 0x00, 0x70, 0x00, 0x03, 0x00, 0x80, 0x00, 0x03,
  0x00, 0x90, 0x00, 0x03, 0x00, 0xa0, 0x00, 0x03, 0x00, 0xb0, 0x00, 0x03,
  0x00, 0xc0, 0x00, 0x03, 0x00, 0xd0, 0x00, 0x03, 0x00, 0xe0, 0x00, 0x03,
  0x00, 0xf0, 0x00, 0x03, 0x00, 0x10, 0x5d, 0xb8, 0x00, 0x02, 0xdc, 0xb8,
  0x00, 0x01, 0xdc, 0x41, 0x21, 0x00, 0x00, 0x00, 0x01, 0x00, 0x10, 0x00,
  0x01, 0x00, 0x20, 0x00, 0x01, 0x00, 0x30, 0x00, 0x01, 0x00, 0x40, 0x00,
  0x01, 0x00, 0x50, 0x00, 0x01, 0x00, 0x60, 0x00, 0x01, 0x00, 0x70, 0x00,
  0x01, 0x00, 0x80, 0x00, 0x01, 0x00, 0x90, 0x00, 0x01, 0x00, 0xa0, 0x00,
  0x01, 0x00, 0xb0, 0x00, 0x01, 0x00, 0xc0, 0x00, 0x01, 0x00, 0xd0, 0x00,
  0x01, 0x00, 0xe0, 0x00, 0x01, 0x00, 0xf0, 0x00, 0x01, 0x00, 0x10, 0x5d,
  0xb8, 0x00, 0x00, 0xdc, 0xb8, 0x00, 0x04, 0x10, 0xb8, 0x00, 0x07, 0xd0,
  0xb8, 0x00, 0x02, 0x10, 0xb8, 0x00, 0x0a, 0xd0, 0xb8, 0x00, 0x04, 0x10,
  0xb8, 0x00, 0x11, 0xd0, 0xb8, 0x00, 0x04, 0x10, 0xb8, 0x00, 0x16, 0xd0,
  0xb8, 0x00, 0x00, 0x10, 0xb8, 0x00, 0x19, 0xdc, 0x00, 0xb8, 0x00, 0x00,
  0x45, 0x58, 0xb8, 0x00, 0x0e, 0x2f, 0x1b, 0xb9, 0x00, 0x0e, 0x00, 0x05,
  0x3e, 0x59, 0xb8, 0x00, 0x00, 0x45, 0x58, 0xb8, 0x00, 0x0c, 0x2f, 0x1b,
  0xb9, 0x00, 0x0c, 0x00, 0x01, 0x3e, 0x59, 0xba, 0x00, 0x09, 0x00, 0x02,
  0x00, 0x03, 0x2b, 0xb8, 0x00, 0x09, 0x10, 0xba, 0x00, 0x13, 0x00, 0x14,
  0x00, 0x03, 0x2b, 0xb8, 0x00, 0x13, 0x10, 0xb8, 0x00, 0x02, 0x10, 0xb8,
  0x00, 0x0b, 0xd0, 0xb8, 0x00, 0x00, 0xdc, 0xb8, 0x00, 0x04, 0xd0, 0xb8,
  0x00, 0x02, 0x10, 0xb8, 0x00, 0x06, 0xd0, 0xb8, 0x00, 0x0b, 0x10, 0xb8,
  0x00, 0x07, 0xd0, 0xb8, 0x00, 0x0e, 0x10, 0xb8, 0x00, 0x10, 0xdc, 0xb8,
  0x00, 0x0c, 0x10, 0xb8, 0x00, 0x16, 0xdc, 0x30, 0x31, 0x01, 0x21, 0x11,
  0x21, 0x11, 0x21, 0x11, 0x21, 0x11, 0x21, 0x11, 0x21, 0x01, 0x21, 0x11,
  0x21, 0x11, 0x21, 0x11, 0x21, 0x11, 0x21, 0x11, 0x21, 0x05, 0x00, 0xff,
  0x00, 0xff, 0x00, 0xff, 0x00, 0x01, 0x00, 0x01, 0x00, 0x01, 0x00, 0x01,
  0x00, 0xfb, 0x00, 0x05, 0x00, 0xfd, 0x00, 0x03, 0x00, 0xfd, 0x00, 0x03,
  0x00, 0x06, 0x00, 0x01, 0x00, 0xff, 0x00, 0x01, 0x00, 0x01, 0x00, 0xff,
  0x00, 0xf9, 0x00, 0x05, 0x00, 0xff, 0x00, 0xff, 0x00, 0xff, 0x00, 0xff,
  0x00, 0x00, 0x00, 0x03, 0x01, 0x00, 0x00, 0x00, 0x06, 0x00, 0x07, 0x00,
  0x00, 0x03, 0x00, 0x07, 0x00, 0x13, 0x00, 0x85, 0xba, 0x00, 0x04, 0x00,
  0x05, 0x00, 0x03, 0x2b, 0xb8, 0x00, 0x04, 0x10, 0xba, 0x00, 0x00, 0x00,
  0x01, 0x00, 0x03, 0x2b, 0xb8, 0x00, 0x00, 0x10, 0xb8, 0x00, 0x04, 0x10,
  0xb8, 0x00, 0x0d, 0xd0, 0xb8, 0x00, 0x04, 0x10, 0xb8, 0x00, 0x11, 0xd0,
  0x00, 0xb8, 0x00, 0x00, 0x45, 0x58, 0xb8, 0x00, 0x0a, 0x2f, 0x1b, 0xb9,
  0x00, 0x0a, 0x00, 0x05, 0x3e, 0x59, 0xb8, 0x00, 0x00, 0x45, 0x58, 0xb8,
  0x00, 0x08, 0x2f, 0x1b, 0xb9, 0x00, 0x08, 0x00, 0x01, 0x3e, 0x59, 0xba,
  0x00, 0x03, 0x00, 0x00, 0x00, 0x03, 0x2b, 0xb8, 0x00, 0x03, 0x10, 0xba,
  0x00, 0x0f, 0x00, 0x10, 0x00, 0x03, 0x2b, 0xb8, 0x00, 0x0f, 0x10, 0xb8,
  0x00, 0x00, 0x10, 0xb8, 0x00, 0x04, 0xd0, 0xb8, 0x00, 0x03, 0x10, 0xb8,
  0x00, 0x06, 0xd0, 0xb8, 0x00, 0x0a, 0x10, 0xb8, 0x00, 0x0c, 0xdc, 0xb8,
  0x00, 0x08, 0x10, 0xb8, 0x00, 0x12, 0xdc, 0x30, 0x31, 0x01, 0x21, 0x11,
  0x21, 0x01, 0x21, 0x11, 0x21, 0x01, 0x21, 0x11, 0x21, 0x11, 0x21, 0x11,
  0x21, 0x11, 0x21, 0x11, 0x21, 0x05, 0x00, 0xff, 0x00, 0x01, 0x00, 0xfe,
  0x00, 0xff, 0x00, 0x01, 0x00, 0x03, 0x00, 0xfb, 0x00, 0x05, 0x00, 0xfd,
  0x00, 0x03, 0x00, 0xfd, 0x00, 0x03, 0x00, 0x06, 0x00, 0x01, 0x00, 0xff,
  0x00, 0x01, 0x00, 0xf9, 0x00, 0x05, 0x00, 0xff, 0x00, 0xff, 0x00, 0xff,
  0x00, 0xff, 0x00, 0x00, 0x00, 0x02, 0x01, 0x00, 0x00, 0x00, 0x05, 0x00,
  0x08, 0x00, 0x00, 0x07, 0x00, 0x13, 0x00, 0x91, 0xba, 0x00, 0x02, 0x00,
  0x03, 0x00, 0x03, 0x2b, 0xb8, 0x00, 0x02, 0x10, 0xba, 0x00, 0x00, 0x00,
  0x01, 0x00, 0x03, 0x2b, 0xb8, 0x00, 0x00, 0x10, 0xb8, 0x00, 0x02, 0x10,
  0xb8, 0x00, 0x05, 0xd0, 0xb8, 0x00, 0x03, 0x10, 0xb8, 0x00, 0x0b, 0xd0,
  0xb8, 0x00, 0x00, 0x10, 0xb8, 0x00, 0x11, 0xd0, 0x00, 0xb8, 0x00, 0x00,
  0x45, 0x58, 0xb8, 0x00, 0x0e, 0x2f, 0x1b, 0xb9, 0x00, 0x0e, 0x00, 0x05,
  0x3e, 0x59, 0xb8, 0x00, 0x00, 0x45, 0x58, 0xb8, 0x00, 0x08, 0x2f, 0x1b,
  0xb9, 0x00, 0x08, 0x00, 0x01, 0x3e, 0x59, 0xba, 0x00, 0x05, 0x00, 0x02,
  0x00, 0x03, 0x2b, 0xb8, 0x00, 0x05, 0x10, 0xb8, 0x00, 0x02, 0x10, 0xb8,
  0x00, 0x07, 0xd0, 0xb8, 0x00, 0x00, 0xdc, 0xb8, 0x00, 0x08, 0x10, 0xb8,
  0x00, 0x0a, 0xdc, 0xb8, 0x00, 0x0e, 0x10, 0xb8, 0x00, 0x0c, 0xdc, 0xb8,
  0x00, 0x10, 0xd0, 0xb8, 0x00, 0x11, 0xd0, 0xb8, 0x00, 0x0a, 0x10, 0xb8,
  0x00, 0x12, 0xd0, 0xb8, 0x00, 0x13, 0xd0, 0x30, 0x31, 0x01, 0x21, 0x11,
  0x21, 0x11, 0x21, 0x11, 0x21, 0x01, 0x21, 0x11, 0x21, 0x11, 0x21, 0x11,
  0x21, 0x11, 0x21, 0x11, 0x21, 0x04, 0x00, 0xff, 0x00, 0xff, 0x00, 0x01,
  0x00, 0x01, 0x00, 0x01, 0x00, 0xfc, 0x00, 0x01, 0x00, 0xff, 0x00, 0x04,
  0x00, 0xff, 0x00, 0x01, 0x00, 0x06, 0x00, 0x01, 0x00, 0x01, 0x00, 0xff,
  0x00, 0xf9, 0x00, 0x01, 0x00, 0x03, 0x00, 0x01, 0x00, 0xff, 0x00, 0xfd,
  0x00, 0x00, 0x00, 0x02, 0x01, 0x00, 0x00, 0x00, 0x05, 0x00, 0x08, 0x00,
  0x00, 0x07, 0x00, 0x13, 0x00, 0x9d, 0xba, 0x00, 0x02, 0x00, 0x03, 0x00,
  0x03, 0x2b, 0xb8, 0x00, 0x02, 0x10, 0xba, 0x00, 0x00, 0x00, 0x01, 0x00,
  0x03, 0x2b, 0xb8, 0x00, 0x00, 0x10, 0xb8, 0x00, 0x02, 0x10, 0xb8, 0x00,
  0x05, 0xd0, 0xb8, 0x00, 0x03, 0x10, 0xb8, 0x00, 0x0b, 0xd0, 0xb8, 0x00,
  0x00, 0x10, 0xb8, 0x00, 0x11, 0xd0, 0x00, 0xb8, 0x00, 0x00, 0x45, 0x58,
  0xb8, 0x00, 0x0e, 0x2f, 0x1b, 0xb9, 0x00, 0x0e, 0x00, 0x05, 0x3e, 0x59,
  0xb8, 0x00, 0x00, 0x45, 0x58, 0xb8, 0x00, 0x08, 0x2f, 0x1b, 0xb9, 0x00,
  0x08, 0x00, 0x01, 0x3e, 0x59, 0xba, 0x00, 0x07, 0x00, 0x00, 0x00, 0x03,
  0x2b, 0xb8, 0x00, 0x07, 0x10, 0xb8, 0x00, 0x00, 0x10, 0xb8, 0x00, 0x02,
  0xdc, 0xb8, 0x00, 0x00, 0x10, 0xb8, 0x00, 0x04, 0xd0, 0xb8, 0x00, 0x01,
  0x10, 0xb8, 0x00, 0x05, 0xd0, 0xb8, 0x00, 0x08, 0x10, 0xb8, 0x00, 0x0a,
  0xdc, 0xb8, 0x00, 0x0e, 0x10, 0xb8, 0x00, 0x0c, 0xdc, 0xb8, 0x00, 0x10,
  0xd0, 0xb8, 0x00, 0x11, 0xd0, 0xb8, 0x00, 0x0a, 0x10, 0xb8, 0x00, 0x12,
  0xd0, 0xb8, 0x00, 0x13, 0xd0, 0x30, 0x31, 0x01, 0x21, 0x11, 0x21, 0x11,
  0x21, 0x11, 0x21, 0x01, 0x21, 0x11, 0x21, 0x11, 0x21, 0x11, 0x21, 0x11,
  0x21, 0x11, 0x21, 0x04, 0x00, 0xff, 0x00, 0xff, 0x00, 0x01, 0x00, 0x01,
  0x00, 0x01, 0x00, 0xfc, 0x00, 0x01, 0x00, 0xff, 0x00, 0x04, 0x00, 0xff,
  0x00, 0x01, 0x00, 0x07, 0x00, 0xff, 0x00, 0x01, 0x00, 0x01, 0x00, 0xf8,
  0x00, 0x01, 0x00, 0x03, 0x00, 0x01, 0x00, 0xff, 0x00, 0xfd, 0x00, 0x00,
  0x00, 0x02, 0x01, 0x00, 0x00, 0x00, 0x05, 0x00, 0x08, 0x00, 0x00, 0x0b,
  0x00, 0x17, 0x01, 0x53, 0xba, 0x00, 0x04, 0x00, 0x05, 0x00, 0x03, 0x2b,
  0xb8, 0x00, 0x04, 0x10, 0xb8, 0x00, 0x03, 0xdc, 0x41, 0x21, 0x00, 0x00,
  0x00, 0x03, 0x00, 0x10, 0x00, 0x03, 0x00, 0x20, 0x00, 0x03, 0x00, 0x30,
  0x00, 0x03, 0x00, 0x40, 0x00, 0x03, 0x00, 0x50, 0x00, 0x03, 0x00, 0x60,
  0x00, 0x03, 0x00, 0x70, 0x00, 0x03, 0x00, 0x80, 0x00, 0x03, 0x00, 0x90,
  0x00, 0x03, 0x00, 0xa0, 0x00, 0x03, 0x00, 0xb0, 0x00, 0x03, 0x00, 0xc0,
  0x00, 0x03, 0x00, 0xd0, 0x00, 0x03, 0x00, 0xe0, 0x00, 0x03, 0x00, 0xf0,
  0x00, 0x03, 0x00, 0x10, 0x5d, 0xb8, 0x00, 0x02, 0xdc, 0xb8, 0x00, 0x01,
  0xdc, 0x41, 0x21, 0x00, 0x00, 0x00, 0x01, 0x00, 0x10, 0x00, 0x01, 0x00,
  0x20, 0x00, 0x01, 0x00, 0x30, 0x00, 0x01, 0x00, 0x40, 0x00, 0x01, 0x00,
  0x50, 0x00, 0x01, 0x00, 0x60, 0x00, 0x01, 0x00, 0x70, 0x00, 0x01, 0x00,
  0x80, 0x00, 0x01, 0x00, 0x90, 0x00, 0x01, 0x00, 0xa0, 0x00, 0x01, 0x00,
  0xb0, 0x00, 0x01, 0x00, 0xc0, 0x00, 0x01, 0x00, 0xd0, 0x00, 0x01, 0x00,
  0xe0, 0x00, 0x01, 0x00, 0xf0, 0x00, 0x01, 0x00, 0x10, 0x5d, 0xb8, 0x00,
  0x00, 0xdc, 0xb8, 0x00, 0x04, 0x10, 0xb8, 0x00, 0x07, 0xd0, 0xb8, 0x00,
  0x02, 0x10, 0xb8, 0x00, 0x0a, 0xd0, 0xb8, 0x00, 0x00, 0x10, 0xb8, 0x00,
  0x0c, 0xd0, 0xb8, 0x00, 0x05, 0x10, 0xb8, 0x00, 0x0f, 0xd0, 0xb8, 0x00,
  0x00, 0x10, 0xb8, 0x00, 0x13, 0xd0, 0xb8, 0x00, 0x02, 0x10, 0xb8, 0x00,
  0x15, 0xd0, 0xb8, 0x00, 0x00, 0x10, 0xb8, 0x00, 0x19, 0xdc, 0x00, 0xb8,
  0x00, 0x00, 0x45, 0x58, 0xb8, 0x00, 0x12, 0x2f, 0x1b, 0xb9, 0x00, 0x12,
  0x00, 0x05, 0x3e, 0x59, 0xb8, 0x00, 0x00, 0x45, 0x58, 0xb8, 0x00, 0x0c,
  0x2f, 0x1b, 0xb9, 0x00, 0x0c, 0x00, 0x01, 0x3e, 0x59, 0xba, 0x00, 0x09,
  0x00, 0x02, 0x00, 0x03, 0x2b, 0xb8, 0x00, 0x09, 0x10, 0xb8, 0x00, 0x02,
  0x10, 0xb8, 0x00, 0x0b, 0xd0, 0xb8, 0x00, 0x00, 0xdc, 0xb8, 0x00, 0x04,
  0xd0, 0xb8, 0x00, 0x02, 0x10, 0xb8, 0x00, 0x06, 0xd0, 0xb8, 0x00, 0x0b,
  0x10, 0xb8, 0x00, 0x07, 0xd0, 0xb8, 0x00, 0x0c, 0x10, 0xb8, 0x00, 0x0e,
  0xdc, 0xb8, 0x00, 0x12, 0x10, 0xb8, 0x00, 0x10, 0xdc, 0xb8, 0x00, 0x14,
  0xd0, 0xb8, 0x00, 0x15, 0xd0, 0xb8, 0x00, 0x0e, 0x10, 0xb8, 0x00, 0x16,
  0xd0, 0xb8, 0x00, 0x17, 0xd0, 0x30, 0x31, 0x01, 0x21, 0x11, 0x21, 0x11,
  0x21, 0x11, 0x21, 0x11, 0x21, 0x11, 0x21, 0x11, 0x21, 0x11, 0x21, 0x11,
  0x21, 0x11, 0x21, 0x11, 0x21, 0x11, 0x21, 0x05, 0x00, 0xff, 0x00, 0xff,
  0x00, 0xff, 0x00, 0x01, 0x00, 0x01, 0x00, 0x01, 0x00, 0xfc, 0x00, 0x01,
  0x00, 0xff, 0x00, 0x04, 0x00, 0xff, 0x00, 0x01, 0x00, 0x06, 0x00, 0x01,
  0x00, 0xff, 0x00, 0x01, 0x00, 0x01, 0x00, 0xff, 0x00, 0xf9, 0x00, 0x01,
  0x00, 0x03, 0x00, 0x01, 0x00, 0xff, 0x00, 0xfd, 0x00, 0x00, 0x00, 0x03,
  0x01, 0x00, 0x00, 0x00, 0x05, 0x00, 0x07, 0x00, 0x00, 0x03, 0x00, 0x07,
  0x00, 0x13, 0x00, 0x99, 0xba, 0x00, 0x04, 0x00, 0x05, 0x00, 0x03, 0x2b,
  0xb8, 0x00, 0x04, 0x10, 0xba, 0x00, 0x00, 0x00, 0x01, 0x00, 0x03, 0x2b,
  0xb8, 0x00, 0x00, 0x10, 0xb8, 0x00, 0x08, 0xd0, 0xb8, 0x00, 0x05, 0x10,
  0xb8, 0x00, 0x0b, 0xd0, 0xb8, 0x00, 0x00, 0x10, 0xb8, 0x00, 0x0f, 0xd0,
  0xb8, 0x00, 0x01, 0x10, 0xb8, 0x00, 0x11, 0xd0, 0x00, 0xb8, 0x00, 0x00,
  0x45, 0x58, 0xb8, 0x00, 0x0e, 0x2f, 0x1b, 0xb9, 0x00, 0x0e, 0x00, 0x05,
  0x3e, 0x59, 0xb8, 0x00, 0x00, 0x45, 0x58, 0xb8, 0x00, 0x08, 0x2f, 0x1b,
  0xb9, 0x00, 0x08, 0x00, 0x01, 0x3e, 0x59, 0xba, 0x00, 0x03, 0x00, 0x00,
  0x00, 0x03, 0x2b, 0xb8, 0x00, 0x03, 0x10, 0xb8, 0x00, 0x00, 0x10, 0xb8,
  0x00, 0x04, 0xd0, 0xb8, 0x00, 0x03, 0x10, 0xb8, 0x00, 0x06, 0xd0, 0xb8,
  0x00, 0x08, 0x10, 0xb8, 0x00, 0x0a, 0xdc, 0xb8, 0x00, 0x0e, 0x10, 0xb8,
  0x00, 0x0c, 0xdc, 0xb8, 0x00, 0x10, 0xd0, 0xb8, 0x00, 0x11, 0xd0, 0xb8,
  0x00, 0x0a, 0x10, 0xb8, 0x00, 0x12, 0xd0, 0xb8, 0x00, 0x13, 0xd0, 0x30,
  0x31, 0x01, 0x21, 0x11, 0x21, 0x01, 0x21, 0x11, 0x21, 0x01, 0x21, 0x11,
  0x21, 0x11, 0x21, 0x11, 0x21, 0x11, 0x21, 0x11, 0x21, 0x05, 0x00, 0xff,
  0x00, 0x01, 0x00, 0xfe, 0x00, 0xff, 0x00, 0x01, 0x00, 0x02, 0x00, 0xfc,
  0x00, 0x01, 0x00, 0xff, 0x00, 0x04, 0x00, 0xff, 0x00, 0x01, 0x00, 0x06,
  0x00, 0x01, 0x00, 0xff, 0x00, 0x01, 0x00, 0xf9, 0x00, 0x01, 0x00, 0x03,
  0x00, 0x01, 0x00, 0xff, 0x00, 0xfd, 0x00, 0x00, 0x00, 0x02, 0x01, 0x00,
  0x00, 0x00, 0x06, 0x00, 0x08, 0x00, 0x00, 0x0f, 0x00, 0x1f, 0x01, 0x53,
  0xba, 0x00, 0x1a, 0x00, 0x18, 0x00, 0x03, 0x2b, 0xb8, 0x00, 0x1a, 0x10,
  0xb8, 0x00, 0x06, 0xdc, 0xb8, 0x00, 0x04, 0xdc, 0xb8, 0x00, 0x02, 0xdc,
  0xb8, 0x00, 0x00, 0xdc, 0xb8, 0x00, 0x1a, 0x10, 0xb8, 0x00, 0x07, 0xd0,
  0xb8, 0x00, 0x06, 0x10, 0xb8, 0x00, 0x09, 0xd0, 0xb8, 0x00, 0x05, 0x10,
  0xb8, 0x00, 0x0a, 0xd0, 0xb8, 0x00, 0x04, 0x10, 0xb8, 0x00, 0x0b, 0xd0,
  0xb8, 0x00, 0x03, 0x10, 0xb8, 0x00, 0x0c, 0xd0, 0xb8, 0x00, 0x02, 0x10,
  0xb8, 0x00, 0x0d, 0xd0, 0xb8, 0x00, 0x01, 0x10, 0xb8, 0x00, 0x0e, 0xd0,
  0xb8, 0x00, 0x00, 0x10, 0xb8, 0x00, 0x10, 0xd0, 0xb8, 0x00, 0x02, 0x10,
  0xb8, 0x00, 0x11, 0xd0, 0xb8, 0x00, 0x01, 0x10, 0xb8, 0x00, 0x12, 0xd0,
  0xb8, 0x00, 0x04, 0x10, 0xb8, 0x00, 0x13, 0xd0, 0xb8, 0x00, 0x03, 0x10,
  0xb8, 0x00, 0x14, 0xd0, 0xb8, 0x00, 0x06, 0x10, 0xb8, 0x00, 0x15, 0xd0,
  0xb8, 0x00, 0x05, 0x10, 0xb8, 0x00, 0x16, 0xd0, 0xb8, 0x00, 0x06, 0x10,
  0xb8, 0x00, 0x1b, 0xd0, 0xb8, 0x00, 0x05, 0x10, 0xb8, 0x00, 0x1c, 0xd0,
  0xb8, 0x00, 0x04, 0x10, 0xb8, 0x00, 0x1d, 0xd0, 0xb8, 0x00, 0x03, 0x10,
  0xb8, 0x00, 0x1e, 0xd0, 0x00, 0xb8, 0x00, 0x00, 0x45, 0x58, 0xb8, 0x00,
  0x18, 0x2f, 0x1b, 0xb9, 0x00, 0x18, 0x00, 0x05, 0x3e, 0x59, 0xb8, 0x00,
  0x00, 0x45, 0x58, 0xb8, 0x00, 0x1e, 0x2f, 0x1b, 0xb9, 0x00, 0x1e, 0x00,
  0x05, 0x3e, 0x59, 0xb8, 0x00, 0x00, 0x45, 0x58, 0xb8, 0x00, 0x10, 0x2f,
  0x1b, 0xb9, 0x00, 0x10, 0x00, 0x01, 0x3e, 0x59, 0xb8, 0x00, 0x00, 0x45,
  0x58, 0xb8, 0x00, 0x16, 0x2f, 0x1b, 0xb9, 0x00, 0x16, 0x00, 0x01, 0x3e,
  0x59, 0xba, 0x00, 0x0f, 0x00, 0x00, 0x00, 0x03, 0x2b, 0xb8, 0x00, 0x0f,
  0x10, 0xba, 0x00, 0x1d, 0x00, 0x14, 0x00, 0x03, 0x2b, 0xb8, 0x00, 0x1d,
  0x10, 0xb8, 0x00, 0x00, 0x10, 0xb8, 0x00, 0x02, 0xdc, 0xb8, 0x00, 0x00,
  0x10, 0xb8, 0x00, 0x04, 0xd0, 0xb8, 0x00, 0x01, 0x10, 0xb8, 0x00, 0x05,
  0xd0, 0xb8, 0x00, 0x02, 0x10, 0xb8, 0x00, 0x06, 0xd0, 0xb8, 0x00, 0x00,
  0x10, 0xb8, 0x00, 0x08, 0xd0, 0xb8, 0x00, 0x01, 0x10, 0xb8, 0x00, 0x09,
  0xd0, 0xb8, 0x00, 0x0f, 0x10, 0xb8, 0x00, 0x0a, 0xd0, 0xb8, 0x00, 0x00,
  0x10, 0xb8, 0x00, 0x0c, 0xd0, 0xb8, 0x00, 0x01, 0x10, 0xb8, 0x00, 0x0d,
  0xd0, 0x30, 0x31, 0x01, 0x21, 0x11, 0x21, 0x11, 0x21, 0x11, 0x21, 0x11,
  0x21, 0x11, 0x21, 0x11, 0x21, 0x11, 0x21, 0x11, 0x21, 0x11, 0x21, 0x11,
  0x21, 0x11, 0x21, 0x11, 0x21, 0x11, 0x21, 0x11, 0x21, 0x11, 0x21, 0x06,
  0x00, 0xff, 0x00, 0xff, 0x00, 0xff, 0x00, 0xff, 0x00, 0x01, 0x00, 0x01,
  0x00, 0x01, 0x00, 0x01, 0x00, 0xff, 0x00, 0xff, 0x00, 0xff, 0x00, 0xfe,
  0x00, 0x01, 0x00, 0x01, 0x00, 0x01, 0x00, 0x02, 0x00, 0x07, 0x00, 0xff,
  0x00, 0x01, 0x00, 0xff, 0x00, 0x01, 0x00, 0x01, 0x00, 0xff, 0x00, 0x01,
  0x00, 0xf8, 0x00, 0x01, 0x00, 0x01, 0x00, 0xfe, 0x00, 0x05, 0x00, 0xff,
  0x00, 0xff, 0x00, 0x02, 0x00, 0x00, 0x00, 0x03, 0x01, 0x00, 0x00, 0x00,
  0x06, 0x00, 0x08, 0x00, 0x00, 0x07, 0x00, 0x13, 0x00, 0x17, 0x00, 0xb9,
  0xba, 0x00, 0x02, 0x00, 0x03, 0x00, 0x03, 0x2b, 0xb8, 0x00, 0x02, 0x10,
  0xba, 0x00, 0x00, 0x00, 0x01, 0x00, 0x03, 0x2b, 0xb8, 0x00, 0x00, 0x10,
  0xb8, 0x00, 0x02, 0x10, 0xb8, 0x00, 0x05, 0xd0, 0xb8, 0x00, 0x03, 0x10,
  0xb8, 0x00, 0x0b, 0xd0, 0xb8, 0x00, 0x03, 0x10, 0xb8, 0x00, 0x0f, 0xd0,
  0xb8, 0x00, 0x00, 0x10, 0xb8, 0x00, 0x14, 0xd0, 0xb8, 0x00, 0x02, 0x10,
  0xb8, 0x00, 0x16, 0xd0, 0x00, 0xb8, 0x00, 0x00, 0x45, 0x58, 0xb8, 0x00,
  0x10, 0x2f, 0x1b, 0xb9, 0x00, 0x10, 0x00, 0x05, 0x3e, 0x59, 0xb8, 0x00,
  0x00, 0x45, 0x58, 0xb8, 0x00, 0x0a, 0x2f, 0x1b, 0xb9, 0x00, 0x0a, 0x00,
  0x01, 0x3e, 0x59, 0xba, 0x00, 0x05, 0x00, 0x02, 0x00, 0x03, 0x2b, 0xb8,
  0x00, 0x05, 0x10, 0xb8, 0x00, 0x02, 0x10, 0xb8, 0x00, 0x07, 0xd0, 0xb8,
  0x00, 0x00, 0xdc, 0xb8, 0x00, 0x0a, 0x10, 0xb8, 0x00, 0x08, 0xdc, 0xb8,
  0x00, 0x0c, 0xd0, 0xb8, 0x00, 0x0d, 0xd0, 0xb8, 0x00, 0x10, 0x10, 0xb8,
  0x00, 0x0e, 0xdc, 0xb8, 0x00, 0x12, 0xd0, 0xb8, 0x00, 0x13, 0xd0, 0xb8,
  0x00, 0x0d, 0x10, 0xb8, 0x00, 0x14, 0xd0, 0xb8, 0x00, 0x13, 0x10, 0xb8,
  0x00, 0x15, 0xd0, 0xb8, 0x00, 0x16, 0xd0, 0xb8, 0x00, 0x14, 0x10, 0xb8,
  0x00, 0x17, 0xd0, 0x30, 0x31, 0x01, 0x21, 0x11, 0x21, 0x11, 0x21, 0x11,
  0x21, 0x01, 0x21, 0x11, 0x21, 0x11, 0x21, 0x11, 0x21, 0x11, 0x21, 0x11,
  0x21, 0x01, 0x11, 0x21, 0x11, 0x04, 0x00, 0xff, 0x00, 0xff, 0x00, 0x01,
  0x00, 0x01, 0x00, 0x02, 0x00, 0xff, 0x00, 0xfd, 0x00, 0xff, 0x00, 0x01,
  0x00, 0x03, 0x00, 0x01, 0x00, 0xfe, 0x00, 0xff, 0x00, 0x06, 0x00, 0x01,
  0x00, 0x01, 0x00, 0xff, 0x00, 0xfa, 0x00, 0xff, 0x00, 0x01, 0x00, 0x03,
  0x00, 0x01, 0x00, 0xff, 0x00, 0xfd, 0x00, 0x03, 0x00, 0xfd, 0x00, 0x00,
  0x00, 0x03, 0x01, 0x00, 0x00, 0x00, 0x06, 0x00, 0x08, 0x00, 0x00, 0x07,
  0x00, 0x13, 0x00, 0x17, 0x00, 0xc5, 0xba, 0x00, 0x02, 0x00, 0x03, 0x00,
  0x03, 0x2b, 0xb8, 0x00, 0x02, 0x10, 0xba, 0x00, 0x00, 0x00, 0x01, 0x00,
  0x03, 0x2b, 0xb8, 0x00, 0x00, 0x10, 0xb8, 0x00, 0x02, 0x10, 0xb8, 0x00,
  0x05, 0xd0, 0xb8, 0x00, 0x00, 0x10, 0xb8, 0x00, 0x09, 0xd0, 0xb8, 0x00,
  0x00, 0x10, 0xb8, 0x00, 0x11, 0xd0, 0xb8, 0x00, 0x02, 0x10, 0xb8, 0x00,
  0x14, 0xd0, 0xb8, 0x00, 0x03, 0x10, 0xb8, 0x00, 0x16, 0xd0, 0x00, 0xb8,
  0x00, 0x00, 0x45, 0x58, 0xb8, 0x00, 0x10, 0x2f, 0x1b, 0xb9, 0x00, 0x10,
  0x00, 0x05, 0x3e, 0x59, 0xb8, 0x00, 0x00, 0x45, 0x58, 0xb8, 0x00, 0x0a,
  0x2f, 0x1b, 0xb9, 0x00, 0x0a, 0x00, 0x01, 0x3e, 0x59, 0xba, 0x00, 0x07,
  0x00, 0x00, 0x00, 0x03, 0x2b, 0xb8, 0x00, 0x07, 0x10, 0xb8, 0x00, 0x00,
  0x10, 0xb8, 0x00, 0x02, 0xdc, 0xb8, 0x00, 0x00, 0x10, 0xb8, 0x00, 0x04,
  0xd0, 0xb8, 0x00, 0x01, 0x10, 0xb8, 0x00, 0x05, 0xd0, 0xb8, 0x00, 0x0a,
  0x10, 0xb8, 0x00, 0x08, 0xdc, 0xb8, 0x00, 0x0c, 0xd0, 0xb8, 0x00, 0x0d,
  0xd0, 0xb8, 0x00, 0x10, 0x10, 0xb8, 0x00, 0x0e, 0xdc, 0xb8, 0x00, 0x12,
  0xd0, 0xb8, 0x00, 0x13, 0xd0, 0xb8, 0x00, 0x0d, 0x10, 0xb8, 0x00, 0x14,
  0xd0, 0xb8, 0x00, 0x13, 0x10, 0xb8, 0x00, 0x15, 0xd0, 0xb8, 0x00, 0x16,
  0xd0, 0xb8, 0x00, 0x14, 0x10, 0xb8, 0x00, 0x17, 0xd0, 0x30, 0x31, 0x01,
  0x21, 0x11, 0x21, 0x11, 0x21, 0x11, 0x21, 0x01, 0x21, 0x11, 0x21, 0x11,
  0x21, 0x11, 0x21, 0x11, 0x21, 0x11, 0x21, 0x01, 0x11, 0x21, 0x11, 0x05,
  0x00, 0xff, 0x00, 0xff, 0x00, 0x01, 0x00, 0x01, 0x00, 0x01, 0x00, 0xff,
  0x00, 0xfd, 0x00, 0xff, 0x00, 0x01, 0x00, 0x03, 0x00, 0x01, 0x00, 0xfe,
  0x00, 0xff, 0x00, 0x07, 0x00, 0xff, 0x00, 0x01, 0x00, 0x01, 0x00, 0xf9,
  0x00, 0xff, 0x00, 0x01, 0x00, 0x03, 0x00, 0x01, 0x00, 0xff, 0x00, 0xfd,
  0x00, 0x03, 0x00, 0xfd, 0x00, 0x00, 0x00, 0x03, 0x01, 0x00, 0x00, 0x00,
  0x06, 0x00, 0x08, 0x00, 0x00, 0x0b, 0x00, 0x17, 0x00, 0x1b, 0x01, 0x7b,
  0xba, 0x00, 0x04, 0x00, 0x05, 0x00, 0x03, 0x2b, 0xb8, 0x00, 0x04, 0x10,
  0xb8, 0x00, 0x03, 0xdc, 0x41, 0x21, 0x00, 0x00, 0x00, 0x03, 0x00, 0x10,
  0x00, 0x03, 0x00, 0x20, 0x00, 0x03, 0x00, 0x30, 0x00, 0x03, 0x00, 0x40,
  0x00, 0x03, 0x00, 0x50, 0x00, 0x03, 0x00, 0x60, 0x00, 0x03, 0x00, 0x70,
  0x00, 0x03, 0x00, 0x80, 0x00, 0x03, 0x00, 0x90, 0x00, 0x03, 0x00, 0xa0,
  0x00, 0x03, 0x00, 0xb0, 0x00, 0x03, 0x00, 0xc0, 0x00, 0x03, 0x00, 0xd0,
  0x00, 0x03, 0x00, 0xe0, 0x00, 0x03, 0x00, 0xf0, 0x00, 0x03, 0x00, 0x10,
  0x5d, 0xb8, 0x00, 0x02, 0xdc, 0xb8, 0x00, 0x01, 0xdc, 0x41, 0x21, 0x00,
  0x00, 0x00, 0x01, 0x00, 0x10, 0x00, 0x01, 0x00, 0x20, 0x00, 0x01, 0x00,
  0x30, 0x00, 0x01, 0x00, 0x40, 0x00, 0x01, 0x00, 0x50, 0x00, 0x01, 0x00,
  0x60, 0x00, 0x01, 0x00, 0x70, 0x00, 0x01, 0x00, 0x80, 0x00, 0x01, 0x00,
  0x90, 0x00, 0x01, 0x00, 0xa0, 0x00, 0x01, 0x00, 0xb0, 0x00, 0x01, 0x00,
  0xc0, 0x00, 0x01, 0x00, 0xd0, 0x00, 0x01, 0x00, 0xe0, 0x00, 0x01, 0x00,
  0xf0, 0x00, 0x01, 0x00, 0x10, 0x5d, 0xb8, 0x00, 0x00, 0xdc, 0xb8, 0x00,
  0x04, 0x10, 0xb8, 0x00, 0x07, 0xd0, 0xb8, 0x00, 0x02, 0x10, 0xb8, 0x00,
  0x0a, 0xd0, 0xb8, 0x00, 0x00, 0x10, 0xb8, 0x00, 0x0d, 0xd0, 0xb8, 0x00,
  0x05, 0x10, 0xb8, 0x00, 0x0f, 0xd0, 0xb8, 0x00, 0x05, 0x10, 0xb8, 0x00,
  0x13, 0xd0, 0xb8, 0x00, 0x00, 0x10, 0xb8, 0x00, 0x15, 0xd0, 0xb8, 0x00,
  0x02, 0x10, 0xb8, 0x00, 0x18, 0xd0, 0xb8, 0x00, 0x04, 0x10, 0xb8, 0x00,
  0x1a, 0xd0, 0xb8, 0x00, 0x00, 0x10, 0xb8, 0x00, 0x1d, 0xdc, 0x00, 0xb8,
  0x00, 0x00, 0x45, 0x58, 0xb8, 0x00, 0x14, 0x2f, 0x1b, 0xb9, 0x00, 0x14,
  0x00, 0x05, 0x3e, 0x59, 0xb8, 0x00, 0x00, 0x45, 0x58, 0xb8, 0x00, 0x0e,
  0x2f, 0x1b, 0xb9, 0x00, 0x0e, 0x00, 0x01, 0x3e, 0x59, 0xba, 0x00, 0x09,
  0x00, 0x02, 0x00, 0x03, 0x2b, 0xb8, 0x00, 0x09, 0x10, 0xb8, 0x00, 0x02,
  0x10, 0xb8, 0x00, 0x0b, 0xd0, 0xb8, 0x00, 0x00, 0xdc, 0xb8, 0x00, 0x04,
  0xd0, 0xb8, 0x00, 0x02, 0x10, 0xb8, 0x00, 0x06, 0xd0, 0xb8, 0x00, 0x0b,
  0x10, 0xb8, 0x00, 0x07, 0xd0, 0xb8, 0x00, 0x0e, 0x10, 0xb8, 0x00, 0x0c,
  0xdc, 0xb8, 0x00, 0x10, 0xd0, 0xb8, 0x00, 0x11, 0xd0, 0xb8, 0x00, 0x14,
  0x10, 0xb8, 0x00, 0x12, 0xdc, 0xb8, 0x00, 0x16, 0xd0, 0xb8, 0x00, 0x17,
  0xd0, 0xb8, 0x00, 0x11, 0x10, 0xb8, 0x00, 0x18, 0xd0, 0xb8, 0x00, 0x17,
  0x10, 0xb8, 0x00, 0x19, 0xd0, 0xb8, 0x00, 0x1a, 0xd0, 0xb8, 0x00, 0x18,
  0x10, 0xb8, 0x00, 0x1b, 0xd0, 0x30, 0x31, 0x01, 0x21, 0x11, 0x21, 0x11,
  0x21, 0x11, 0x21, 0x11, 0x21, 0x11, 0x21, 0x01, 0x21, 0x11, 0x21, 0x11,
  0x21, 0x11, 0x21, 0x11, 0x21, 0x11, 0x21, 0x01, 0x11, 0x21, 0x11, 0x05,
  0x00, 0xff, 0x00, 0xff, 0x00, 0xff, 0x00, 0x01, 0x00, 0x01, 0x00, 0x01,
  0x00, 0x01, 0x00, 0xff, 0x00, 0xfd, 0x00, 0xff, 0x00, 0x01, 0x00, 0x03,
  0x00, 0x01, 0x00, 0xfe, 0x00, 0xff, 0x00, 0x06, 0x00, 0x01, 0x00, 0xff,
  0x00, 0x01, 0x00, 0x01, 0x00, 0xff, 0x00, 0xfa, 0x00, 0xff, 0x00, 0x01,
  0x00, 0x03, 0x00, 0x01, 0x00, 0xff, 0x00, 0xfd, 0x00, 0x03, 0x00, 0xfd,
  0x00, 0x00, 0x00, 0x03, 0x01, 0x00, 0x00, 0x00, 0x06, 0x00, 0x08, 0x00,
  0x00, 0x0f, 0x00, 0x1b, 0x00, 0x1f, 0x01, 0x55, 0xba, 0x00, 0x06, 0x00,
  0x07, 0x00, 0x03, 0x2b, 0xb8, 0x00, 0x06, 0x10, 0xb8, 0x00, 0x04, 0xdc,
  0xb8, 0x00, 0x02, 0xdc, 0xb8, 0x00, 0x00, 0xdc, 0xb8, 0x00, 0x06, 0x10,
  0xb8, 0x00, 0x09, 0xd0, 0xb8, 0x00, 0x05, 0x10, 0xb8, 0x00, 0x0a, 0xd0,
  0xb8, 0x00, 0x04, 0x10, 0xb8, 0x00, 0x0b, 0xd0, 0xb8, 0x00, 0x03, 0x10,
  0xb8, 0x00, 0x0c, 0xd0, 0xb8, 0x00, 0x02, 0x10, 0xb8, 0x00, 0x0d, 0xd0,
  0xb8, 0x00, 0x01, 0x10, 0xb8, 0x00, 0x0e, 0xd0, 0xb8, 0x00, 0x00, 0x10,
  0xb8, 0x00, 0x10, 0xd0, 0xb8, 0x00, 0x02, 0x10, 0xb8, 0x00, 0x11, 0xd0,
  0xb8, 0x00, 0x01, 0x10, 0xb8, 0x00, 0x12, 0xd0, 0xb8, 0x00, 0x07, 0x10,
  0xb8, 0x00, 0x13, 0xd0, 0xb8, 0x00, 0x07, 0x10, 0xb8, 0x00, 0x17, 0xd0,
  0xb8, 0x00, 0x02, 0x10, 0xb8, 0x00, 0x19, 0xd0, 0xb8, 0x00, 0x01, 0x10,
  0xb8, 0x00, 0x1a, 0xd0, 0xb8, 0x00, 0x04, 0x10, 0xb8, 0x00, 0x1c, 0xd0,
  0xb8, 0x00, 0x03, 0x10, 0xb8, 0x00, 0x1d, 0xd0, 0xb8, 0x00, 0x06, 0x10,
  0xb8, 0x00, 0x1e, 0xd0, 0xb8, 0x00, 0x05, 0x10, 0xb8, 0x00, 0x1f, 0xd0,
  0x00, 0xb8, 0x00, 0x00, 0x45, 0x58, 0xb8, 0x00, 0x18, 0x2f, 0x1b, 0xb9,
  0x00, 0x18, 0x00, 0x05, 0x3e, 0x59, 0xb8, 0x00, 0x00, 0x45, 0x58, 0xb8,
  0x00, 0x12, 0x2f, 0x1b, 0xb9, 0x00, 0x12, 0x00, 0x01, 0x3e, 0x59, 0xba,
  0x00, 0x0f, 0x00, 0x00, 0x00, 0x03, 0x2b, 0xb8, 0x00, 0x0f, 0x10, 0xb8,
  0x00, 0x00, 0x10, 0xb8, 0x00, 0x02, 0xdc, 0xb8, 0x00, 0x00, 0x10, 0xb8,
  0x00, 0x04, 0xd0, 0xb8, 0x00, 0x01, 0x10, 0xb8, 0x00, 0x05, 0xd0, 0xb8,
  0x00, 0x02, 0x10, 0xb8, 0x00, 0x06, 0xd0, 0xb8, 0x00, 0x00, 0x10, 0xb8,
  0x00, 0x08, 0xd0, 0xb8, 0x00, 0x01, 0x10, 0xb8, 0x00, 0x09, 0xd0, 0xb8,
  0x00, 0x0f, 0x10, 0xb8, 0x00, 0x0a, 0xd0, 0xb8, 0x00, 0x00, 0x10, 0xb8,
  0x00, 0x0c, 0xd0, 0xb8, 0x00, 0x01, 0x10, 0xb8, 0x00, 0x0d, 0xd0, 0xb8,
  0x00, 0x12, 0x10, 0xb8, 0x00, 0x10, 0xdc, 0xb8, 0x00, 0x14, 0xd0, 0xb8,
  0x00, 0x15, 0xd0, 0xb8, 0x00, 0x18, 0x10, 0xb8, 0x00, 0x16, 0xdc, 0xb8,
  0x00, 0x1a, 0xd0, 0xb8, 0x00, 0x1b, 0xd0, 0xb8, 0x00, 0x15, 0x10, 0xb8,
  0x00, 0x1c, 0xd0, 0xb8, 0x00, 0x1b, 0x10, 0xb8, 0x00, 0x1d, 0xd0, 0xb8,
  0x00, 0x1e, 0xd0, 0xb8, 0x00, 0x1c, 0x10, 0xb8, 0x00, 0x1f, 0xd0, 0x30,
  0x31, 0x01, 0x21, 0x11, 0x21, 0x11, 0x21, 0x11, 0x21, 0x11, 0x21, 0x11,
  0x21, 0x11, 0x21, 0x11, 0x21, 0x11, 0x21, 0x11, 0x21, 0x11, 0x21, 0x11,
  0x21, 0x11, 0x21, 0x11, 0x21, 0x01, 0x11, 0x21, 0x11, 0x06, 0x00, 0xff,
  0x00, 0xff, 0x00, 0xff, 0x00, 0xff, 0x00, 0x01, 0x00, 0x01, 0x00, 0x01,
  0x00, 0x01, 0x00, 0xff, 0x00, 0xfd, 0x00, 0xff, 0x00, 0x01, 0x00, 0x03,
  0x00, 0x01, 0x00, 0xfe, 0x00, 0xff, 0x00, 0x07, 0x00, 0xff, 0x00, 0x01,
  0x00, 0xff, 0x00, 0x01, 0x00, 0x01, 0x00, 0xff, 0x00, 0x01, 0x00, 0xf9,
  0x00, 0xff, 0x00, 0x01, 0x00, 0x03, 0x00, 0x01, 0x00, 0xff, 0x00, 0xfd,
  0x00, 0x03, 0x00, 0xfd, 0x00, 0x00, 0x00, 0x04, 0x01, 0x00, 0x00, 0x00,
  0x06, 0x00, 0x07, 0x00, 0x00, 0x03, 0x00, 0x07, 0x00, 0x13, 0x00, 0x17,
  0x00, 0xc1, 0xba, 0x00, 0x04, 0x00, 0x05, 0x00, 0x03, 0x2b, 0xb8, 0x00,
  0x04, 0x10, 0xba, 0x00, 0x00, 0x00, 0x01, 0x00, 0x03, 0x2b, 0xb8, 0x00,
  0x00, 0x10, 0xb8, 0x00, 0x09, 0xd0, 0xb8, 0x00, 0x05, 0x10, 0xb8, 0x00,
  0x0b, 0xd0, 0xb8, 0x00, 0x05, 0x10, 0xb8, 0x00, 0x0f, 0xd0, 0xb8, 0x00,
  0x00, 0x10, 0xb8, 0x00, 0x11, 0xd0, 0xb8, 0x00, 0x01, 0x10, 0xb8, 0x00,
  0x14, 0xd0, 0xb8, 0x00, 0x04, 0x10, 0xb8, 0x00, 0x16, 0xd0, 0x00, 0xb8,
  0x00, 0x00, 0x45, 0x58, 0xb8, 0x00, 0x10, 0x2f, 0x1b, 0xb9, 0x00, 0x10,
  0x00, 0x05, 0x3e, 0x59, 0xb8, 0x00, 0x00, 0x45, 0x58, 0xb8, 0x00, 0x0a,
  0x2f, 0x1b, 0xb9, 0x00, 0x0a, 0x00, 0x01, 0x3e, 0x59, 0xba, 0x00, 0x03,
  0x00, 0x00, 0x00, 0x03, 0x2b, 0xb8, 0x00, 0x03, 0x10, 0xb8, 0x00, 0x00,
  0x10, 0xb8, 0x00, 0x04, 0xd0, 0xb8, 0x00, 0x03, 0x10, 0xb8, 0x00, 0x06,
  0xd0, 0xb8, 0x00, 0x0a, 0x10, 0xb8, 0x00, 0x08, 0xdc, 0xb8, 0x00, 0x0c,
  0xd0, 0xb8, 0x00, 0x0d, 0xd0, 0xb8, 0x00, 0x10, 0x10, 0xb8, 0x00, 0x0e,
  0xdc, 0xb8, 0x00, 0x12, 0xd0, 0xb8, 0x00, 0x13, 0xd0, 0xb8, 0x00, 0x0d,
  0x10, 0xb8, 0x00, 0x14, 0xd0, 0xb8, 0x00, 0x13, 0x10, 0xb8, 0x00, 0x15,
  0xd0, 0xb8, 0x00, 0x16, 0xd0, 0xb8, 0x00, 0x14, 0x10, 0xb8, 0x00, 0x17,
  0xd0, 0x30, 0x31, 0x01, 0x21, 0x11, 0x21, 0x01, 0x21, 0x11, 0x21, 0x01,
  0x21, 0x11, 0x21, 0x11, 0x21, 0x11, 0x21, 0x11, 0x21, 0x11, 0x21, 0x01,
  0x11, 0x21, 0x11, 0x05, 0x00, 0xff, 0x00, 0x01, 0x00, 0xfe, 0x00, 0xff,
  0x00, 0x01, 0x00, 0x03, 0x00, 0xff, 0x00, 0xfd, 0x00, 0xff, 0x00, 0x01,
  0x00, 0x03, 0x00, 0x01, 0x00, 0xfe, 0x00, 0xff, 0x00, 0x06, 0x00, 0x01,
  0x00, 0xff, 0x00, 0x01, 0x00, 0xfa, 0x00, 0xff, 0x00, 0x01, 0x00, 0x03,
  0x00, 0x01, 0x00, 0xff, 0x00, 0xfd, 0x00, 0x03, 0x00, 0xfd, 0x00, 0x00,
  0x00, 0x01, 0x01, 0x00, 0x01, 0x00, 0x04, 0x00, 0x04, 0x00, 0x00, 0x13,
  0x01, 0x39, 0xba, 0x00, 0x04, 0x00, 0x05, 0x00, 0x03, 0x2b, 0xb8, 0x00,
  0x04, 0x10, 0xb8, 0x00, 0x03, 0xdc, 0x41, 0x21, 0x00, 0x00, 0x00, 0x03,
  0x00, 0x10, 0x00, 0x03, 0x00, 0x20, 0x00, 0x03, 0x00, 0x30, 0x00, 0x03,
  0x00, 0x40, 0x00, 0x03, 0x00, 0x50, 0x00, 0x03, 0x00, 0x60, 0x00, 0x03,
  0x00, 0x70, 0x00, 0x03, 0x00, 0x80, 0x00, 0x03, 0x00, 0x90, 0x00, 0x03,
  0x00, 0xa0, 0x00, 0x03, 0x00, 0xb0, 0x00, 0x03, 0x00, 0xc0, 0x00, 0x03,
  0x00, 0xd0, 0x00, 0x03, 0x00, 0xe0, 0x00, 0x03, 0x00, 0xf0, 0x00, 0x03,
  0x00, 0x10, 0x5d, 0xb8, 0x00, 0x02, 0xdc, 0xb8, 0x00, 0x01, 0xdc, 0x41,
  0x21, 0x00, 0x00, 0x00, 0x01, 0x00, 0x10, 0x00, 0x01, 0x00, 0x20, 0x00,
  0x01, 0x00, 0x30, 0x00, 0x01, 0x00, 0x40, 0x00, 0x01, 0x00, 0x50, 0x00,
  0x01, 0x00, 0x60, 0x00, 0x01, 0x00, 0x70, 0x00, 0x01, 0x00, 0x80, 0x00,
  0x01, 0x00, 0x90, 0x00, 0x01, 0x00, 0xa0, 0x00, 0x01, 0x00, 0xb0, 0x00,
  0x01, 0x00, 0xc0, 0x00, 0x01, 0x00, 0xd0, 0x00, 0x01, 0x00, 0xe0, 0x00,
  0x01, 0x00, 0xf0, 0x00, 0x01, 0x00, 0x10, 0x5d, 0xb8, 0x00, 0x00, 0xdc,
  0xb8, 0x00, 0x04, 0x10, 0xb8, 0x00, 0x07, 0xd0, 0xb8, 0x00, 0x05, 0x10,
  0xb8, 0x00, 0x09, 0xd0, 0xb8, 0x00, 0x04, 0x10, 0xb8, 0x00, 0x0c, 0xd0,
  0xb8, 0x00, 0x02, 0x10, 0xb8, 0x00, 0x0d, 0xd0, 0xb8, 0x00, 0x00, 0x10,
  0xb8, 0x00, 0x0f, 0xd0, 0xb8, 0x00, 0x02, 0x10, 0xb8, 0x00, 0x11, 0xd0,
  0xb8, 0x00, 0x00, 0x10, 0xb8, 0x00, 0x15, 0xdc, 0x00, 0xba, 0x00, 0x13,
  0x00, 0x00, 0x00, 0x03, 0x2b, 0xb8, 0x00, 0x13, 0x10, 0xba, 0x00, 0x0b,
  0x00, 0x08, 0x00, 0x03, 0x2b, 0xb8, 0x00, 0x0b, 0x10, 0xb8, 0x00, 0x13,
  0x10, 0xb8, 0x00, 0x02, 0xd0, 0xb8, 0x00, 0x00, 0x10, 0xb8, 0x00, 0x04,
  0xd0, 0xb8, 0x00, 0x13, 0x10, 0xb8, 0x00, 0x06, 0xd0, 0xb8, 0x00, 0x02,
  0x10, 0xb8, 0x00, 0x07, 0xd0, 0xb8, 0x00, 0x08, 0x10, 0xb8, 0x00, 0x0d,
  0xd0, 0xb8, 0x00, 0x0b, 0x10, 0xb8, 0x00, 0x0e, 0xd0, 0xb8, 0x00, 0x08,
  0x10, 0xb8, 0x00, 0x10, 0xd0, 0xb8, 0x00, 0x0d, 0x10, 0xb8, 0x00, 0x11,
  0xd0, 0x30, 0x31, 0x01, 0x21, 0x11, 0x21, 0x11, 0x21, 0x11, 0x21, 0x11,
  0x21, 0x11, 0x21, 0x11, 0x21, 0x11, 0x21, 0x11, 0x21, 0x11, 0x21, 0x04,
  0x00, 0xff, 0x00, 0xff, 0x00, 0xff, 0x00, 0x01, 0x00, 0xff, 0x00, 0x01,
  0x00, 0x01, 0x00, 0x01, 0x00, 0xff, 0x00, 0x01, 0x00, 0x01, 0x00, 0x01,
  0x00, 0xff, 0x00, 0x01, 0x00, 0x01, 0x00, 0x01, 0x00, 0xff, 0x00, 0x01,
  0x00, 0xff, 0x00, 0xff, 0x00, 0x00, 0x00, 0x03, 0x01, 0x00, 0x00, 0x00,
  0x06, 0x00, 0x05, 0x00, 0x00, 0x0b, 0x00, 0x0f, 0x00, 0x13, 0x00, 0x65,
  0x00, 0xb8, 0x00, 0x00, 0x45, 0x58, 0xb8, 0x00, 0x08, 0x2f, 0x1b, 0xb9,
  0x00, 0x08, 0x00, 0x05, 0x3e, 0x59, 0xb8, 0x00, 0x00, 0x45, 0x58, 0xb8,
  0x00, 0x02, 0x2f, 0x1b, 0xb9, 0x00, 0x02, 0x00, 0x01, 0x3e, 0x59, 0xba,
  0x00, 0x0c, 0x00, 0x11, 0x00, 0x03, 0x2b, 0xb8, 0x00, 0x0c, 0x10, 0xb8,
  0x00, 0x02, 0x10, 0xb8, 0x00, 0x00, 0xdc, 0xb8, 0x00, 0x04, 0xd0, 0xb8,
  0x00, 0x05, 0xd0, 0xb8, 0x00, 0x08, 0x10, 0xb8, 0x00, 0x06, 0xdc, 0xb8,
  0x00, 0x0a, 0xd0, 0xb8, 0x00, 0x0b, 0xd0, 0xb8, 0x00, 0x0d, 0xd0, 0xb8,
  0x00, 0x0e, 0xd0, 0xb8, 0x00, 0x05, 0x10, 0xb8, 0x00, 0x10, 0xd0, 0xb8,
  0x00, 0x13, 0xd0, 0x30, 0x31, 0x01, 0x21, 0x11, 0x21, 0x11, 0x21, 0x11,
  0x21, 0x11, 0x21, 0x11, 0x21, 0x01, 0x11, 0x21, 0x11, 0x01, 0x11, 0x21,
  0x11, 0x06, 0x00, 0xff, 0x00, 0xfd, 0x00, 0xff, 0x00, 0x01, 0x00, 0x03,
  0x00, 0x01, 0x00, 0xfe, 0x00, 0xff, 0x00, 0x01, 0x00, 0xff, 0x00, 0x01,
  0x00, 0xff, 0x00, 0x01, 0x00, 0x03, 0x00, 0x01, 0x00, 0xff, 0x00, 0xff,
  0x00, 0x01, 0x00, 0xff, 0x00, 0xfe, 0x00, 0x01, 0x00, 0xff, 0x00, 0x00,
  0x00, 0x02, 0x01, 0x00, 0x00, 0x00, 0x06, 0x00, 0x08, 0x00, 0x00, 0x07,
  0x00, 0x13, 0x00, 0x9e, 0xba, 0x00, 0x02, 0x00, 0x03, 0x00, 0x03, 0x2b,
  0xb8, 0x00, 0x02, 0x10, 0xba, 0x00, 0x00, 0x00, 0x01, 0x00, 0x03, 0x2b,
  0xb8, 0x00, 0x00, 0x10, 0xb8, 0x00, 0x02, 0x10, 0xb8, 0x00, 0x05, 0xd0,
  0xb8, 0x00, 0x03, 0x10, 0xb8, 0x00, 0x0b, 0xd0, 0xb8, 0x00, 0x02, 0x10,
  0xb8, 0x00, 0x0f, 0xd0, 0xb8, 0x00, 0x00, 0x10, 0xb8, 0x00, 0x11, 0xd0,
  0x00, 0xb8, 0x00, 0x00, 0x45, 0x58, 0xb8, 0x00, 0x0e, 0x2f, 0x1b, 0xb9,
  0x00, 0x0e, 0x00, 0x05, 0x3e, 0x59, 0xb8, 0x00, 0x00, 0x45, 0x58, 0xb8,
  0x00, 0x12, 0x2f, 0x1b, 0xb9, 0x00, 0x12, 0x00, 0x05, 0x3e, 0x59, 0xb8,
  0x00, 0x00, 0x45, 0x58, 0xb8, 0x00, 0x0a, 0x2f, 0x1b, 0xb9, 0x00, 0x0a,
  0x00, 0x01, 0x3e, 0x59, 0xba, 0x00, 0x05, 0x00, 0x02, 0x00, 0x03, 0x2b,
  0xb8, 0x00, 0x05, 0x10, 0xb8, 0x00, 0x02, 0x10, 0xb8, 0x00, 0x07, 0xd0,
  0xb8, 0x00, 0x00, 0xdc, 0xb8, 0x00, 0x0a, 0x10, 0xb8, 0x00, 0x08, 0xdc,
  0xb8, 0x00, 0x0c, 0xd0, 0xb8, 0x00, 0x0d, 0xd0, 0xb8, 0x00, 0x10, 0xd0,
  0xb8, 0x00, 0x11, 0xd0, 0x30, 0x31, 0x01, 0x21, 0x11, 0x21, 0x11, 0x21,
  0x11, 0x21, 0x01, 0x21, 0x11, 0x21, 0x11, 0x21, 0x11, 0x21, 0x11, 0x21,
  0x11, 0x21, 0x04, 0x00, 0xff, 0x00, 0xff, 0x00, 0x01, 0x00, 0x01, 0x00,
  0x02, 0x00, 0xff, 0x00, 0xfd, 0x00, 0xff, 0x00, 0x02, 0x00, 0x01, 0x00,
  0x02, 0x00, 0x06, 0x00, 0x01, 0x00, 0x01, 0x00, 0xff, 0x00, 0xfa, 0x00,
  0xff, 0x00, 0x01, 0x00, 0x04, 0x00, 0xfc, 0x00, 0x04, 0x00, 0x00, 0x02,
  0x01, 0x00, 0x00, 0x00, 0x06, 0x00, 0x08, 0x00, 0x00, 0x07, 0x00, 0x13,
  0x00, 0xaa, 0xba, 0x00, 0x02, 0x00, 0x03, 0x00, 0x03, 0x2b, 0xb8, 0x00,
  0x02, 0x10, 0xba, 0x00, 0x00, 0x00, 0x01, 0x00, 0x03, 0x2b, 0xb8, 0x00,
  0x00, 0x10, 0xb8, 0x00, 0x02, 0x10, 0xb8, 0x00, 0x05, 0xd0, 0xb8, 0x00,
  0x00, 0x10, 0xb8, 0x00, 0x09, 0xd0, 0xb8, 0x00, 0x03, 0x10, 0xb8, 0x00,
  0x0f, 0xd0, 0xb8, 0x00, 0x02, 0x10, 0xb8, 0x00, 0x11, 0xd0, 0x00, 0xb8,
  0x00, 0x00, 0x45, 0x58, 0xb8, 0x00, 0x0e, 0x2f, 0x1b, 0xb9, 0x00, 0x0e,
  0x00, 0x05, 0x3e, 0x59, 0xb8, 0x00, 0x00, 0x45, 0x58, 0xb8, 0x00, 0x12,
  0x2f, 0x1b, 0xb9, 0x00, 0x12, 0x00, 0x05, 0x3e, 0x59, 0xb8, 0x00, 0x00,
  0x45, 0x58, 0xb8, 0x00, 0x0a, 0x2f, 0x1b, 0xb9, 0x00, 0x0a, 0x00, 0x01,
  0x3e, 0x59, 0xba, 0x00, 0x07, 0x00, 0x00, 0x00, 0x03, 0x2b, 0xb8, 0x00,
  0x07, 0x10, 0xb8, 0x00, 0x00, 0x10, 0xb8, 0x00, 0x02, 0xdc, 0xb8, 0x00,
  0x00, 0x10, 0xb8, 0x00, 0x04, 0xd0, 0xb8, 0x00, 0x01, 0x10, 0xb8, 0x00,
  0x05, 0xd0, 0xb8, 0x00, 0x0a, 0x10, 0xb8, 0x00, 0x08, 0xdc, 0xb8, 0x00,
  0x0c, 0xd0, 0xb8, 0x00, 0x0d, 0xd0, 0xb8, 0x00, 0x10, 0xd0, 0xb8, 0x00,
  0x11, 0xd0, 0x30, 0x31, 0x01, 0x21, 0x11, 0x21, 0x11, 0x21, 0x11, 0x21,
  0x01, 0x21, 0x11, 0x21, 0x11, 0x21, 0x11, 0x21, 0x11, 0x21, 0x11, 0x21,
  0x05, 0x00, 0xff, 0x00, 0xff, 0x00, 0x01, 0x00, 0x01, 0x00, 0x01, 0x00,
  0xff, 0x00, 0xfd, 0x00, 0xff, 0x00, 0x02, 0x00, 0x01, 0x00, 0x02, 0x00,
  0x07, 0x00, 0xff, 0x00, 0x01, 0x00, 0x01, 0x00, 0xf9, 0x00, 0xff, 0x00,
  0x01, 0x00, 0x04, 0x00, 0xfc, 0x00, 0x04, 0x00, 0x00, 0x02, 0x01, 0x00,
  0x00, 0x00, 0x06, 0x00, 0x08, 0x00, 0x00, 0x0b, 0x00, 0x17, 0x01, 0x58,
  0xba, 0x00, 0x04, 0x00, 0x05, 0x00, 0x03, 0x2b, 0xb8, 0x00, 0x04, 0x10,
  0xb8, 0x00, 0x03, 0xdc, 0x41, 0x21, 0x00, 0x00, 0x00, 0x03, 0x00, 0x10,
  0x00, 0x03, 0x00, 0x20, 0x00, 0x03, 0x00, 0x30, 0x00, 0x03, 0x00, 0x40,
  0x00, 0x03, 0x00, 0x50, 0x00, 0x03, 0x00, 0x60, 0x00, 0x03, 0x00, 0x70,
  0x00, 0x03, 0x00, 0x80, 0x00, 0x03, 0x00, 0x90, 0x00, 0x03, 0x00, 0xa0,
  0x00, 0x03, 0x00, 0xb0, 0x00, 0x03, 0x00, 0xc0, 0x00, 0x03, 0x00, 0xd0,
  0x00, 0x03, 0x00, 0xe0, 0x00, 0x03, 0x00, 0xf0, 0x00, 0x03, 0x00, 0x10,
  0x5d, 0xb8, 0x00, 0x02, 0xdc, 0xb8, 0x00, 0x01, 0xdc, 0x41, 0x21, 0x00,
  0x00, 0x00, 0x01, 0x00, 0x10, 0x00, 0x01, 0x00, 0x20, 0x00, 0x01, 0x00,
  0x30, 0x00, 0x01, 0x00, 0x40, 0x00, 0x01, 0x00, 0x50, 0x00, 0x01, 0x00,
  0x60, 0x00, 0x01, 0x00, 0x70, 0x00, 0x01, 0x00, 0x80, 0x00, 0x01, 0x00,
  0x90, 0x00, 0x01, 0x00, 0xa0, 0x00, 0x01, 0x00, 0xb0, 0x00, 0x01, 0x00,
  0xc0, 0x00, 0x01, 0x00, 0xd0, 0x00, 0x01, 0x00, 0xe0, 0x00, 0x01, 0x00,
  0xf0, 0x00, 0x01, 0x00, 0x10, 0x5d, 0xb8, 0x00, 0x00, 0xdc, 0xb8, 0x00,
  0x04, 0x10, 0xb8, 0x00, 0x07, 0xd0, 0xb8, 0x00, 0x02, 0x10, 0xb8, 0x00,
  0x0a, 0xd0, 0xb8, 0x00, 0x00, 0x10, 0xb8, 0x00, 0x0d, 0xd0, 0xb8, 0x00,
  0x05, 0x10, 0xb8, 0x00, 0x0f, 0xd0, 0xb8, 0x00, 0x04, 0x10, 0xb8, 0x00,
  0x13, 0xd0, 0xb8, 0x00, 0x02, 0x10, 0xb8, 0x00, 0x15, 0xd0, 0xb8, 0x00,
  0x00, 0x10, 0xb8, 0x00, 0x19, 0xdc, 0x00, 0xb8, 0x00, 0x00, 0x45, 0x58,
  0xb8, 0x00, 0x12, 0x2f, 0x1b, 0xb9, 0x00, 0x12, 0x00, 0x05, 0x3e, 0x59,
  0xb8, 0x00, 0x00, 0x45, 0x58, 0xb8, 0x00, 0x16, 0x2f, 0x1b, 0xb9, 0x00,
  0x16, 0x00, 0x05, 0x3e, 0x59, 0xb8, 0x00, 0x00, 0x45, 0x58, 0xb8, 0x00,
  0x0e, 0x2f, 0x1b, 0xb9, 0x00, 0x0e, 0x00, 0x01, 0x3e, 0x59, 0xba, 0x00,
  0x09, 0x00, 0x02, 0x00, 0x03, 0x2b, 0xb8, 0x00, 0x09, 0x10, 0xb8, 0x00,
  0x02, 0x10, 0xb8, 0x00, 0x0b, 0xd0, 0xb8, 0x00, 0x00, 0xdc, 0xb8, 0x00,
  0x04, 0xd0, 0xb8, 0x00, 0x02, 0x10, 0xb8, 0x00, 0x06, 0xd0, 0xb8, 0x00,
  0x0b, 0x10, 0xb8, 0x00, 0x07, 0xd0, 0xb8, 0x00, 0x0e, 0x10, 0xb8, 0x00,
  0x0c, 0xdc, 0xb8, 0x00, 0x10, 0xd0, 0xb8, 0x00, 0x11, 0xd0, 0xb8, 0x00,
  0x14, 0xd0, 0xb8, 0x00, 0x15, 0xd0, 0x30, 0x31, 0x01, 0x21, 0x11, 0x21,
  0x11, 0x21, 0x11, 0x21, 0x11, 0x21, 0x11, 0x21, 0x01, 0x21, 0x11, 0x21,
  0x11, 0x21, 0x11, 0x21, 0x11, 0x21, 0x11, 0x21, 0x05, 0x00, 0xff, 0x00,
  0xff, 0x00, 0xff, 0x00, 0x01, 0x00, 0x01, 0x00, 0x01, 0x00, 0x01, 0x00,
  0xff, 0x00, 0xfd, 0x00, 0xff, 0x00, 0x02, 0x00, 0x01, 0x00, 0x02, 0x00,
  0x06, 0x00, 0x01, 0x00, 0xff, 0x00, 0x01, 0x00, 0x01, 0x00, 0xff, 0x00,
  0xfa, 0x00, 0xff, 0x00, 0x01, 0x00, 0x04, 0x00, 0xfc, 0x00, 0x04, 0x00,
  0x00, 0x03, 0x01, 0x00, 0x00, 0x00, 0x06, 0x00, 0x07, 0x00, 0x00, 0x03,
  0x00, 0x07, 0x00, 0x13, 0x00, 0x9e, 0xba, 0x00, 0x04, 0x00, 0x05, 0x00,
  0x03, 0x2b, 0xb8, 0x00, 0x04, 0x10, 0xba, 0x00, 0x00, 0x00, 0x01, 0x00,
  0x03, 0x2b, 0xb8, 0x00, 0x00, 0x10, 0xb8, 0x00, 0x09, 0xd0, 0xb8, 0x00,
  0x05, 0x10, 0xb8, 0x00, 0x0b, 0xd0, 0xb8, 0x00, 0x04, 0x10, 0xb8, 0x00,
  0x0f, 0xd0, 0xb8, 0x00, 0x01, 0x10, 0xb8, 0x00, 0x11, 0xd0, 0x00, 0xb8,
  0x00, 0x00, 0x45, 0x58, 0xb8, 0x00, 0x0e, 0x2f, 0x1b, 0xb9, 0x00, 0x0e,
  0x00, 0x05, 0x3e, 0x59, 0xb8, 0x00, 0x00, 0x45, 0x58, 0xb8, 0x00, 0x12,
  0x2f, 0x1b, 0xb9, 0x00, 0x12, 0x00, 0x05, 0x3e, 0x59, 0xb8, 0x00, 0x00,
  0x45, 0x58, 0xb8, 0x00, 0x0a, 0x2f, 0x1b, 0xb9, 0x00, 0x0a, 0x00, 0x01,
  0x3e, 0x59, 0xba, 0x00, 0x03, 0x00, 0x00, 0x00, 0x03, 0x2b, 0xb8, 0x00,
  0x03, 0x10, 0xb8, 0x00, 0x00, 0x10, 0xb8, 0x00, 0x04, 0xd0, 0xb8, 0x00,
  0x03, 0x10, 0xb8, 0x00, 0x06, 0xd0, 0xb8, 0x00, 0x0a, 0x10, 0xb8, 0x00,
  0x08, 0xdc, 0xb8, 0x00, 0x0c, 0xd0, 0xb8, 0x00, 0x0d, 0xd0, 0xb8, 0x00,
  0x10, 0xd0, 0xb8, 0x00, 0x11, 0xd0, 0x30, 0x31, 0x01, 0x21, 0x11, 0x21,
  0x01, 0x21, 0x11, 0x21, 0x01, 0x21, 0x11, 0x21, 0x11, 0x21, 0x11, 0x21,
  0x11, 0x21, 0x11, 0x21, 0x05, 0x00, 0xff, 0x00, 0x01, 0x00, 0xfe, 0x00,
  0xff, 0x00, 0x01, 0x00, 0x03, 0x00, 0xff, 0x00, 0xfd, 0x00, 0xff, 0x00,
  0x02, 0x00, 0x01, 0x00, 0x02, 0x00, 0x06, 0x00, 0x01, 0x00, 0xff, 0x00,
  0x01, 0x00, 0xfa, 0x00, 0xff, 0x00, 0x01, 0x00, 0x04, 0x00, 0xfc, 0x00,
  0x04, 0x00, 0x00, 0x02, 0x01, 0x00, 0x00, 0x00, 0x06, 0x00, 0x08, 0x00,
  0x00, 0x07, 0x00, 0x15, 0x00, 0x9a, 0xba, 0x00, 0x02, 0x00, 0x03, 0x00,
  0x03, 0x2b, 0xb8, 0x00, 0x02, 0x10, 0xba, 0x00, 0x00, 0x00, 0x01, 0x00,
  0x03, 0x2b, 0xb8, 0x00, 0x00, 0x10, 0xb8, 0x00, 0x02, 0x10, 0xb8, 0x00,
  0x05, 0xd0, 0xb8, 0x00, 0x00, 0x10, 0xb8, 0x00, 0x09, 0xd0, 0xb8, 0x00,
  0x03, 0x10, 0xb8, 0x00, 0x0b, 0xd0, 0xb8, 0x00, 0x03, 0x10, 0xb8, 0x00,
  0x11, 0xd0, 0xb8, 0x00, 0x02, 0x10, 0xb8, 0x00, 0x13, 0xd0, 0x00, 0xb8,
  0x00, 0x00, 0x45, 0x58, 0xb8, 0x00, 0x10, 0x2f, 0x1b, 0xb9, 0x00, 0x10,
  0x00, 0x05, 0x3e, 0x59, 0xb8, 0x00, 0x00, 0x45, 0x58, 0xb8, 0x00, 0x14,
  0x2f, 0x1b, 0xb9, 0x00, 0x14, 0x00, 0x05, 0x3e, 0x59, 0xb8, 0x00, 0x00,
  0x45, 0x58, 0xb8, 0x00, 0x0a, 0x2f, 0x1b, 0xb9, 0x00, 0x0a, 0x00, 0x01,
  0x3e, 0x59, 0xba, 0x00, 0x07, 0x00, 0x00, 0x00, 0x03, 0x2b, 0xb8, 0x00,
  0x07, 0x10, 0xb8, 0x00, 0x00, 0x10, 0xb8, 0x00, 0x02, 0xdc, 0xb8, 0x00,
  0x00, 0x10, 0xb8, 0x00, 0x04, 0xd0, 0xb8, 0x00, 0x01, 0x10, 0xb8, 0x00,
  0x05, 0xd0, 0x30, 0x31, 0x01, 0x21, 0x11, 0x21, 0x11, 0x21, 0x11, 0x21,
  0x01, 0x21, 0x11, 0x21, 0x11, 0x21, 0x11, 0x21, 0x11, 0x21, 0x11, 0x21,
  0x11, 0x21, 0x05, 0x00, 0xff, 0x00, 0xff, 0x00, 0x01, 0x00, 0x01, 0x00,
  0x01, 0x00, 0xff, 0x00, 0xfe, 0x00, 0xff, 0x00, 0xff, 0x00, 0x02, 0x00,
  0x01, 0x00, 0x02, 0x00, 0x07, 0x00, 0xff, 0x00, 0x01, 0x00, 0x01, 0x00,
  0xfa, 0x00, 0xfe, 0x00, 0x02, 0x00, 0x01, 0x00, 0x02, 0x00, 0xfe, 0x00,
  0x02, 0x00, 0x00, 0x02, 0x01, 0x00, 0x00, 0x00, 0x06, 0x00, 0x05, 0x00,
  0x00, 0x0b, 0x00, 0x0f, 0x00, 0x65, 0x00, 0xb8, 0x00, 0x00, 0x45, 0x58,
  0xb8, 0x00, 0x06, 0x2f, 0x1b, 0xb9, 0x00, 0x06, 0x00, 0x05, 0x3e, 0x59,
  0xb8, 0x00, 0x00, 0x45, 0x58, 0xb8, 0x00, 0x04, 0x2f, 0x1b, 0xb9, 0x00,
  0x04, 0x00, 0x01, 0x3e, 0x59, 0xba, 0x00, 0x01, 0x00, 0x02, 0x00, 0x03,
  0x2b, 0xb8, 0x00, 0x01, 0x10, 0xba, 0x00, 0x09, 0x00, 0x0a, 0x00, 0x03,
  0x2b, 0xb8, 0x00, 0x09, 0x10, 0xb8, 0x00, 0x01, 0x10, 0xb8, 0x00, 0x0b,
  0xdc, 0xb8, 0x00, 0x01, 0x10, 0xb8, 0x00, 0x0c, 0xd0, 0xb8, 0x00, 0x0a,
  0x10, 0xb8, 0x00, 0x0d, 0xd0, 0xb8, 0x00, 0x0b, 0x10, 0xb8, 0x00, 0x0e,
  0xd0, 0xb8, 0x00, 0x00, 0x10, 0xb8, 0x00, 0x0f, 0xd0, 0x30, 0x31, 0x01,
  0x21, 0x11, 0x21, 0x11, 0x21, 0x11, 0x21, 0x11, 0x21, 0x11, 0x21, 0x01,
  0x11, 0x21, 0x11, 0x06, 0x00, 0xff, 0x00, 0xfe, 0x00, 0xfe, 0x00, 0x02,
  0x00, 0x02, 0x00, 0x01, 0x00, 0xfe, 0x00, 0xff, 0x00, 0x02, 0x00, 0xff,
  0x00, 0xff, 0x00, 0x05, 0x00, 0xff, 0x00, 0xff, 0x00, 0xff, 0x00, 0x01,
  0x00, 0xff, 0x00, 0x00, 0x00, 0x03, 0x01, 0x00, 0xff, 0x00, 0x06, 0x00,
  0x05, 0x00, 0x00, 0x0b, 0x00, 0x0f, 0x00, 0x13, 0x00, 0x6e, 0x00, 0xb8,
  0x00, 0x00, 0x45, 0x58, 0xb8, 0x00, 0x08, 0x2f, 0x1b, 0xb9, 0x00, 0x08,
  0x00, 0x05, 0x3e, 0x59, 0xb8, 0x00, 0x00, 0x45, 0x58, 0xb8, 0x00, 0x04,
  0x2f, 0x1b, 0xb9, 0x00, 0x04, 0x00, 0x03, 0x3e, 0x59, 0xb8, 0x00, 0x00,
  0x45, 0x58, 0xb8, 0x00, 0x02, 0x2f, 0x1b, 0xb9, 0x00, 0x02, 0x00, 0x01,
  0x3e, 0x59, 0xba, 0x00, 0x0c, 0x00, 0x11, 0x00, 0x03, 0x2b, 0xb8, 0x00,
  0x0c, 0x10, 0xb8, 0x00, 0x02, 0x10, 0xb8, 0x00, 0x00, 0xdc, 0xb8, 0x00,
  0x08, 0x10, 0xb8, 0x00, 0x06, 0xdc, 0xb8, 0x00, 0x0a, 0xd0, 0xb8, 0x00,
  0x0b, 0xd0, 0xb8, 0x00, 0x0d, 0xd0, 0xb8, 0x00, 0x0e, 0xd0, 0xb8, 0x00,
  0x00, 0x10, 0xb8, 0x00, 0x10, 0xd0, 0xb8, 0x00, 0x13, 0xd0, 0x30, 0x31,
  0x01, 0x21, 0x11, 0x21, 0x11, 0x21, 0x11, 0x21, 0x11, 0x21, 0x11, 0x21,
  0x01, 0x11, 0x21, 0x11, 0x01, 0x11, 0x21, 0x11, 0x06, 0x00, 0xff, 0x00,
  0xfe, 0x00, 0xfe, 0x00, 0x01, 0x00, 0x03, 0x00, 0x01, 0x00, 0xfe, 0x00,
  0xff, 0x00, 0x01, 0x00, 0xff, 0x00, 0x01, 0x00, 0xff, 0x00, 0xff, 0x00,
  0x05, 0x00, 0x01, 0x00, 0xff, 0x00, 0xff, 0x00, 0x01, 0x00, 0xff, 0x00,
  0xfe, 0x00, 0x01, 0x00, 0xff, 0x00, 0x00, 0x03, 0x01, 0x00, 0x00, 0x00,
  0x06, 0x00, 0x08, 0x00, 0x00, 0x07, 0x00, 0x13, 0x00, 0x17, 0x00, 0xba,
  0xba, 0x00, 0x02, 0x00, 0x03, 0x00, 0x03, 0x2b, 0xb8, 0x00, 0x02, 0x10,
  0xba, 0x00, 0x00, 0x00, 0x01, 0x00, 0x03, 0x2b, 0xb8, 0x00, 0x00, 0x10,
  0xb8, 0x00, 0x02, 0x10, 0xb8, 0x00, 0x05, 0xd0, 0xb8, 0x00, 0x00, 0x10,
  0xb8, 0x00, 0x09, 0xd0, 0xb8, 0x00, 0x02, 0x10, 0xb8, 0x00, 0x0b, 0xd0,
  0xb8, 0x00, 0x03, 0x10, 0xb8, 0x00, 0x0f, 0xd0, 0xb8, 0x00, 0x00, 0x10,
  0xb8, 0x00, 0x14, 0xd0, 0xb8, 0x00, 0x02, 0x10, 0xb8, 0x00, 0x16, 0xd0,
  0x00, 0xb8, 0x00, 0x00, 0x45, 0x58, 0xb8, 0x00, 0x10, 0x2f, 0x1b, 0xb9,
  0x00, 0x10, 0x00, 0x05, 0x3e, 0x59, 0xb8, 0x00, 0x00, 0x45, 0x58, 0xb8,
  0x00, 0x08, 0x2f, 0x1b, 0xb9, 0x00, 0x08, 0x00, 0x01, 0x3e, 0x59, 0xb8,
  0x00, 0x00, 0x45, 0x58, 0xb8, 0x00, 0x0c, 0x2f, 0x1b, 0xb9, 0x00, 0x0c,
  0x00, 0x01, 0x3e, 0x59, 0xba, 0x00, 0x05, 0x00, 0x02, 0x00, 0x03, 0x2b,
  0xb8, 0x00, 0x05, 0x10, 0xba, 0x00, 0x14, 0x00, 0x0a, 0x00, 0x03, 0x2b,
  0xb8, 0x00, 0x14, 0x10, 0xb8, 0x00, 0x02, 0x10, 0xb8, 0x00, 0x07, 0xd0,
  0xb8, 0x00, 0x00, 0xdc, 0xb8, 0x00, 0x10, 0x10, 0xb8, 0x00, 0x0e, 0xdc,
  0xb8, 0x00, 0x12, 0xd0, 0xb8, 0x00, 0x13, 0xd0, 0xb8, 0x00, 0x15, 0xd0,
  0xb8, 0x00, 0x16, 0xd0, 0x30, 0x31, 0x01, 0x21, 0x11, 0x21, 0x11, 0x21,
  0x11, 0x21, 0x01, 0x21, 0x11, 0x21, 0x11, 0x21, 0x11, 0x21, 0x11, 0x21,
  0x11, 0x21, 0x01, 0x11, 0x21, 0x11, 0x04, 0x00, 0xff, 0x00, 0xff, 0x00,
  0x01, 0x00, 0x01, 0x00, 0x02, 0x00, 0xfe, 0x00, 0xff, 0x00, 0xfe, 0x00,
  0x01, 0x00, 0x03, 0x00, 0x01, 0x00, 0xfe, 0x00, 0xff, 0x00, 0x06, 0x00,
  0x01, 0x00, 0x01, 0x00, 0xff, 0x00, 0xf9, 0x00, 0x02, 0x00, 0xfe, 0x00,
  0x04, 0x00, 0x01, 0x00, 0xff, 0x00, 0xff, 0x00, 0x01, 0x00, 0xff, 0x00,
  0x00, 0x03, 0x01, 0x00, 0x00, 0x00, 0x06, 0x00, 0x08, 0x00, 0x00, 0x07,
  0x00, 0x13, 0x00, 0x17, 0x00, 0xc6, 0xba, 0x00, 0x02, 0x00, 0x03, 0x00,
  0x03, 0x2b, 0xb8, 0x00, 0x02, 0x10, 0xba, 0x00, 0x00, 0x00, 0x01, 0x00,
  0x03, 0x2b, 0xb8, 0x00, 0x00, 0x10, 0xb8, 0x00, 0x02, 0x10, 0xb8, 0x00,
  0x05, 0xd0, 0xb8, 0x00, 0x02, 0x10, 0xb8, 0x00, 0x09, 0xd0, 0xb8, 0x00,
  0x03, 0x10, 0xb8, 0x00, 0x0b, 0xd0, 0xb8, 0x00, 0x00, 0x10, 0xb8, 0x00,
  0x11, 0xd0, 0xb8, 0x00, 0x02, 0x10, 0xb8, 0x00, 0x14, 0xd0, 0xb8, 0x00,
  0x03, 0x10, 0xb8, 0x00, 0x16, 0xd0, 0x00, 0xb8, 0x00, 0x00, 0x45, 0x58,
  0xb8, 0x00, 0x10, 0x2f, 0x1b, 0xb9, 0x00, 0x10, 0x00, 0x05, 0x3e, 0x59,
  0xb8, 0x00, 0x00, 0x45, 0x58, 0xb8, 0x00, 0x08, 0x2f, 0x1b, 0xb9, 0x00,
  0x08, 0x00, 0x01, 0x3e, 0x59, 0xb8, 0x00, 0x00, 0x45, 0x58, 0xb8, 0x00,
  0x0c, 0x2f, 0x1b, 0xb9, 0x00, 0x0c, 0x00, 0x01, 0x3e, 0x59, 0xba, 0x00,
  0x07, 0x00, 0x00, 0x00, 0x03, 0x2b, 0xb8, 0x00, 0x07, 0x10, 0xba, 0x00,
  0x14, 0x00, 0x0a, 0x00, 0x03, 0x2b, 0xb8, 0x00, 0x14, 0x10, 0xb8, 0x00,
  0x00, 0x10, 0xb8, 0x00, 0x02, 0xdc, 0xb8, 0x00, 0x00, 0x10, 0xb8, 0x00,
  0x04, 0xd0, 0xb8, 0x00, 0x01, 0x10, 0xb8, 0x00, 0x05, 0xd0, 0xb8, 0x00,
  0x10, 0x10, 0xb8, 0x00, 0x0e, 0xdc, 0xb8, 0x00, 0x12, 0xd0, 0xb8, 0x00,
  0x13, 0xd0, 0xb8, 0x00, 0x15, 0xd0, 0xb8, 0x00, 0x16, 0xd0, 0x30, 0x31,
  0x01, 0x21, 0x11, 0x21, 0x11, 0x21, 0x11, 0x21, 0x01, 0x21, 0x11, 0x21,
  0x11, 0x21, 0x11, 0x21, 0x11, 0x21, 0x11, 0x21, 0x01, 0x11, 0x21, 0x11,
  0x05, 0x00, 0xff, 0x00, 0xff, 0x00, 0x01, 0x00, 0x01, 0x00, 0x01, 0x00,
  0xfe, 0x00, 0xff, 0x00, 0xfe, 0x00, 0x01, 0x00, 0x03, 0x00, 0x01, 0x00,
  0xfe, 0x00, 0xff, 0x00, 0x07, 0x00, 0xff, 0x00, 0x01, 0x00, 0x01, 0x00,
  0xf8, 0x00, 0x02, 0x00, 0xfe, 0x00, 0x04, 0x00, 0x01, 0x00, 0xff, 0x00,
  0xff, 0x00, 0x01, 0x00, 0xff, 0x00, 0x00, 0x03, 0x01, 0x00, 0x00, 0x00,
  0x06, 0x00, 0x08, 0x00, 0x00, 0x0b, 0x00, 0x17, 0x00, 0x1b, 0x01, 0x74,
  0xba, 0x00, 0x04, 0x00, 0x05, 0x00, 0x03, 0x2b, 0xb8, 0x00, 0x04, 0x10,
  0xb8, 0x00, 0x03, 0xdc, 0x41, 0x21, 0x00, 0x00, 0x00, 0x03, 0x00, 0x10,
  0x00, 0x03, 0x00, 0x20, 0x00, 0x03, 0x00, 0x30, 0x00, 0x03, 0x00, 0x40,
  0x00, 0x03, 0x00, 0x50, 0x00, 0x03, 0x00, 0x60, 0x00, 0x03, 0x00, 0x70,
  0x00, 0x03, 0x00, 0x80, 0x00, 0x03, 0x00, 0x90, 0x00, 0x03, 0x00, 0xa0,
  0x00, 0x03, 0x00, 0xb0, 0x00, 0x03, 0x00, 0xc0, 0x00, 0x03, 0x00, 0xd0,
  0x00, 0x03, 0x00, 0xe0, 0x00, 0x03, 0x00, 0xf0, 0x00, 0x03, 0x00, 0x10,
  0x5d, 0xb8, 0x00, 0x02, 0xdc, 0xb8, 0x00, 0x01, 0xdc, 0x41, 0x21, 0x00,
  0x00, 0x00, 0x01, 0x00, 0x10, 0x00, 0x01, 0x00, 0x20, 0x00, 0x01, 0x00,
  0x30, 0x00, 0x01, 0x00, 0x40, 0x00, 0x01, 0x00, 0x50, 0x00, 0x01, 0x00,
  0x60, 0x00, 0x01, 0x00, 0x70, 0x00, 0x01, 0x00, 0x80, 0x00, 0x01, 0x00,
  0x90, 0x00, 0x01, 0x00, 0xa0, 0x00, 0x01, 0x00, 0xb0, 0x00, 0x01, 0x00,
  0xc0, 0x00, 0x01, 0x00, 0xd0, 0x00, 0x01, 0x00, 0xe0, 0x00, 0x01, 0x00,
  0xf0, 0x00, 0x01, 0x00, 0x10, 0x5d, 0xb8, 0x00, 0x00, 0xdc, 0xb8, 0x00,
  0x04, 0x10, 0xb8, 0x00, 0x07, 0xd0, 0xb8, 0x00, 0x02, 0x10, 0xb8, 0x00,
  0x0a, 0xd0, 0xb8, 0x00, 0x02, 0x10, 0xb8, 0x00, 0x0d, 0xd0, 0xb8, 0x00,
  0x04, 0x10, 0xb8, 0x00, 0x10, 0xd0, 0xb8, 0x00, 0x05, 0x10, 0xb8, 0x00,
  0x13, 0xd0, 0xb8, 0x00, 0x00, 0x10, 0xb8, 0x00, 0x15, 0xd0, 0xb8, 0x00,
  0x02, 0x10, 0xb8, 0x00, 0x19, 0xd0, 0xb8, 0x00, 0x04, 0x10, 0xb8, 0x00,
  0x1a, 0xd0, 0xb8, 0x00, 0x00, 0x10, 0xb8, 0x00, 0x1d, 0xdc, 0x00, 0xb8,
  0x00, 0x00, 0x45, 0x58, 0xb8, 0x00, 0x14, 0x2f, 0x1b, 0xb9, 0x00, 0x14,
  0x00, 0x05, 0x3e, 0x59, 0xb8, 0x00, 0x00, 0x45, 0x58, 0xb8, 0x00, 0x0c,
  0x2f, 0x1b, 0xb9, 0x00, 0x0c, 0x00, 0x01, 0x3e, 0x59, 0xb8, 0x00, 0x00,
  0x45, 0x58, 0xb8, 0x00, 0x10, 0x2f, 0x1b, 0xb9, 0x00, 0x10, 0x00, 0x01,
  0x3e, 0x59, 0xba, 0x00, 0x09, 0x00, 0x02, 0x00, 0x03, 0x2b, 0xb8, 0x00,
  0x09, 0x10, 0xba, 0x00, 0x18, 0x00, 0x0e, 0x00, 0x03, 0x2b, 0xb8, 0x00,
  0x18, 0x10, 0xb8, 0x00, 0x02, 0x10, 0xb8, 0x00, 0x0b, 0xd0, 0xb8, 0x00,
  0x00, 0xdc, 0xb8, 0x00, 0x04, 0xd0, 0xb8, 0x00, 0x02, 0x10, 0xb8, 0x00,
  0x06, 0xd0, 0xb8, 0x00, 0x0b, 0x10, 0xb8, 0x00, 0x07, 0xd0, 0xb8, 0x00,
  0x14, 0x10, 0xb8, 0x00, 0x12, 0xdc, 0xb8, 0x00, 0x16, 0xd0, 0xb8, 0x00,
  0x17, 0xd0, 0xb8, 0x00, 0x19, 0xd0, 0xb8, 0x00, 0x1a, 0xd0, 0x30, 0x31,
  0x01, 0x21, 0x11, 0x21, 0x11, 0x21, 0x11, 0x21, 0x11, 0x21, 0x11, 0x21,
  0x01, 0x21, 0x11, 0x21, 0x11, 0x21, 0x11, 0x21, 0x11, 0x21, 0x11, 0x21,
  0x01, 0x11, 0x21, 0x11, 0x05, 0x00, 0xff, 0x00, 0xff, 0x00, 0xff, 0x00,
  0x01, 0x00, 0x01, 0x00, 0x01, 0x00, 0x01, 0x00, 0xfe, 0x00, 0xff, 0x00,
  0xfe, 0x00, 0x01, 0x00, 0x03, 0x00, 0x01, 0x00, 0xfe, 0x00, 0xff, 0x00,
  0x06, 0x00, 0x01, 0x00, 0xff, 0x00, 0x01, 0x00, 0x01, 0x00, 0xff, 0x00,
  0xf9, 0x00, 0x02, 0x00, 0xfe, 0x00, 0x04, 0x00, 0x01, 0x00, 0xff, 0x00,
  0xff, 0x00, 0x01, 0x00, 0xff, 0x00, 0x00, 0x03, 0x01, 0x00, 0x00, 0x00,
  0x06, 0x00, 0x08, 0x00, 0x00, 0x0f, 0x00, 0x1b, 0x00, 0x1f, 0x01, 0x56,
  0xba, 0x00, 0x06, 0x00, 0x07, 0x00, 0x03, 0x2b, 0xb8, 0x00, 0x06, 0x10,
  0xb8, 0x00, 0x04, 0xdc, 0xb8, 0x00, 0x02, 0xdc, 0xb8, 0x00, 0x00, 0xdc,
  0xb8, 0x00, 0x06, 0x10, 0xb8, 0x00, 0x09, 0xd0, 0xb8, 0x00, 0x05, 0x10,
  0xb8, 0x00, 0x0a, 0xd0, 0xb8, 0x00, 0x04, 0x10, 0xb8, 0x00, 0x0b, 0xd0,
  0xb8, 0x00, 0x03, 0x10, 0xb8, 0x00, 0x0c, 0xd0, 0xb8, 0x00, 0x02, 0x10,
  0xb8, 0x00, 0x0d, 0xd0, 0xb8, 0x00, 0x01, 0x10, 0xb8, 0x00, 0x0e, 0xd0,
  0xb8, 0x00, 0x00, 0x10, 0xb8, 0x00, 0x10, 0xd0, 0xb8, 0x00, 0x04, 0x10,
  0xb8, 0x00, 0x11, 0xd0, 0xb8, 0x00, 0x03, 0x10, 0xb8, 0x00, 0x12, 0xd0,
  0xb8, 0x00, 0x06, 0x10, 0xb8, 0x00, 0x13, 0xd0, 0xb8, 0x00, 0x05, 0x10,
  0xb8, 0x00, 0x14, 0xd0, 0xb8, 0x00, 0x07, 0x10, 0xb8, 0x00, 0x17, 0xd0,
  0xb8, 0x00, 0x02, 0x10, 0xb8, 0x00, 0x19, 0xd0, 0xb8, 0x00, 0x01, 0x10,
  0xb8, 0x00, 0x1a, 0xd0, 0xb8, 0x00, 0x04, 0x10, 0xb8, 0x00, 0x1c, 0xd0,
  0xb8, 0x00, 0x03, 0x10, 0xb8, 0x00, 0x1d, 0xd0, 0xb8, 0x00, 0x06, 0x10,
  0xb8, 0x00, 0x1e, 0xd0, 0xb8, 0x00, 0x05, 0x10, 0xb8, 0x00, 0x1f, 0xd0,
  0x00, 0xb8, 0x00, 0x00, 0x45, 0x58, 0xb8, 0x00, 0x18, 0x2f, 0x1b, 0xb9,
  0x00, 0x18, 0x00, 0x05, 0x3e, 0x59, 0xb8, 0x00, 0x00, 0x45, 0x58, 0xb8,
  0x00, 0x10, 0x2f, 0x1b, 0xb9, 0x00, 0x10, 0x00, 0x01, 0x3e, 0x59, 0xb8,
  0x00, 0x00, 0x45, 0x58, 0xb8, 0x00, 0x14, 0x2f, 0x1b, 0xb9, 0x00, 0x14,
  0x00, 0x01, 0x3e, 0x59, 0xba, 0x00, 0x0f, 0x00, 0x00, 0x00, 0x03, 0x2b,
  0xb8, 0x00, 0x0f, 0x10, 0xba, 0x00, 0x1c, 0x00, 0x12, 0x00, 0x03, 0x2b,
  0xb8, 0x00, 0x1c, 0x10, 0xb8, 0x00, 0x00, 0x10, 0xb8, 0x00, 0x02, 0xdc,
  0xb8, 0x00, 0x00, 0x10, 0xb8, 0x00, 0x04, 0xd0, 0xb8, 0x00, 0x01, 0x10,
  0xb8, 0x00, 0x05, 0xd0, 0xb8, 0x00, 0x02, 0x10, 0xb8, 0x00, 0x06, 0xd0,
  0xb8, 0x00, 0x00, 0x10, 0xb8, 0x00, 0x08, 0xd0, 0xb8, 0x00, 0x01, 0x10,
  0xb8, 0x00, 0x09, 0xd0, 0xb8, 0x00, 0x0f, 0x10, 0xb8, 0x00, 0x0a, 0xd0,
  0xb8, 0x00, 0x00, 0x10, 0xb8, 0x00, 0x0c, 0xd0, 0xb8, 0x00, 0x01, 0x10,
  0xb8, 0x00, 0x0d, 0xd0, 0xb8, 0x00, 0x18, 0x10, 0xb8, 0x00, 0x16, 0xdc,
  0xb8, 0x00, 0x1a, 0xd0, 0xb8, 0x00, 0x1b, 0xd0, 0xb8, 0x00, 0x1d, 0xd0,
  0xb8, 0x00, 0x1e, 0xd0, 0x30, 0x31, 0x01, 0x21, 0x11, 0x21, 0x11, 0x21,
  0x11, 0x21, 0x11, 0x21, 0x11, 0x21, 0x11, 0x21, 0x11, 0x21, 0x11, 0x21,
  0x11, 0x21, 0x11, 0x21, 0x11, 0x21, 0x11, 0x21, 0x11, 0x21, 0x01, 0x11,
  0x21, 0x11, 0x06, 0x00, 0xff, 0x00, 0xff, 0x00, 0xff, 0x00, 0xff, 0x00,
  0x01, 0x00, 0x01, 0x00, 0x01, 0x00, 0x01, 0x00, 0xfe, 0x00, 0xff, 0x00,
  0xfe, 0x00, 0x01, 0x00, 0x03, 0x00, 0x01, 0x00, 0xfe, 0x00, 0xff, 0x00,
  0x07, 0x00, 0xff, 0x00, 0x01, 0x00, 0xff, 0x00, 0x01, 0x00, 0x01, 0x00,
  0xff, 0x00, 0x01, 0x00, 0xf8, 0x00, 0x02, 0x00, 0xfe, 0x00, 0x04, 0x00,
  0x01, 0x00, 0xff, 0x00, 0xff, 0x00, 0x01, 0x00, 0xff, 0x00, 0x00, 0x04,
  0x01, 0x00, 0x00, 0x00, 0x06, 0x00, 0x07, 0x00, 0x00, 0x03, 0x00, 0x07,
  0x00, 0x13, 0x00, 0x17, 0x00, 0xbe, 0xba, 0x00, 0x04, 0x00, 0x05, 0x00,
  0x03, 0x2b, 0xb8, 0x00, 0x04, 0x10, 0xba, 0x00, 0x00, 0x00, 0x01, 0x00,
  0x03, 0x2b, 0xb8, 0x00, 0x00, 0x10, 0xb8, 0x00, 0x01, 0x10, 0xb8, 0x00,
  0x09, 0xd0, 0xb8, 0x00, 0x04, 0x10, 0xb8, 0x00, 0x0b, 0xd0, 0xb8, 0x00,
  0x05, 0x10, 0xb8, 0x00, 0x0f, 0xd0, 0xb8, 0x00, 0x00, 0x10, 0xb8, 0x00,
  0x11, 0xd0, 0xb8, 0x00, 0x01, 0x10, 0xb8, 0x00, 0x14, 0xd0, 0xb8, 0x00,
  0x04, 0x10, 0xb8, 0x00, 0x16, 0xd0, 0x00, 0xb8, 0x00, 0x00, 0x45, 0x58,
  0xb8, 0x00, 0x10, 0x2f, 0x1b, 0xb9, 0x00, 0x10, 0x00, 0x05, 0x3e, 0x59,
  0xb8, 0x00, 0x00, 0x45, 0x58, 0xb8, 0x00, 0x08, 0x2f, 0x1b, 0xb9, 0x00,
  0x08, 0x00, 0x01, 0x3e, 0x59, 0xb8, 0x00, 0x00, 0x45, 0x58, 0xb8, 0x00,
  0x0c, 0x2f, 0x1b, 0xb9, 0x00, 0x0c, 0x00, 0x01, 0x3e, 0x59, 0xba, 0x00,
  0x03, 0x00, 0x00, 0x00, 0x03, 0x2b, 0xb8, 0x00, 0x03, 0x10, 0xba, 0x00,
  0x14, 0x00, 0x0a, 0x00, 0x03, 0x2b, 0xb8, 0x00, 0x14, 0x10, 0xb8, 0x00,
  0x00, 0x10, 0xb8, 0x00, 0x04, 0xd0, 0xb8, 0x00, 0x03, 0x10, 0xb8, 0x00,
  0x06, 0xd0, 0xb8, 0x00, 0x10, 0x10, 0xb8, 0x00, 0x0e, 0xdc, 0xb8, 0x00,
  0x12, 0xd0, 0xb8, 0x00, 0x13, 0xd0, 0xb8, 0x00, 0x15, 0xd0, 0xb8, 0x00,
  0x16, 0xd0, 0x30, 0x31, 0x01, 0x21, 0x11, 0x21, 0x01, 0x21, 0x11, 0x21,
  0x01, 0x21, 0x11, 0x21, 0x11, 0x21, 0x11, 0x21, 0x11, 0x21, 0x11, 0x21,
  0x01, 0x11, 0x21, 0x11, 0x05, 0x00, 0xff, 0x00, 0x01, 0x00, 0xfe, 0x00,
  0xff, 0x00, 0x01, 0x00, 0x03, 0x00, 0xfe, 0x00, 0xff, 0x00, 0xfe, 0x00,
  0x01, 0x00, 0x03, 0x00, 0x01, 0x00, 0xfe, 0x00, 0xff, 0x00, 0x06, 0x00,
  0x01, 0x00, 0xff, 0x00, 0x01, 0x00, 0xf9, 0x00, 0x02, 0x00, 0xfe, 0x00,
  0x04, 0x00, 0x01, 0x00, 0xff, 0x00, 0xff, 0x00, 0x01, 0x00, 0xff, 0x00,
  0x00, 0x03, 0x01, 0x00, 0x00, 0x00, 0x06, 0x00, 0x08, 0x00, 0x00, 0x17,
  0x00, 0x1b, 0x00, 0x1f, 0x01, 0x75, 0xba, 0x00, 0x1e, 0x00, 0x07, 0x00,
  0x03, 0x2b, 0xb8, 0x00, 0x1e, 0x10, 0xb8, 0x00, 0x03, 0xdc, 0x41, 0x21,
  0x00, 0x00, 0x00, 0x03, 0x00, 0x10, 0x00, 0x03, 0x00, 0x20, 0x00, 0x03,
  0x00, 0x30, 0x00, 0x03, 0x00, 0x40, 0x00, 0x03, 0x00, 0x50, 0x00, 0x03,
  0x00, 0x60, 0x00, 0x03, 0x00, 0x70, 0x00, 0x03, 0x00, 0x80, 0x00, 0x03,
  0x00, 0x90, 0x00, 0x03, 0x00, 0xa0, 0x00, 0x03, 0x00, 0xb0, 0x00, 0x03,
  0x00, 0xc0, 0x00, 0x03, 0x00, 0xd0, 0x00, 0x03, 0x00, 0xe0, 0x00, 0x03,
  0x00, 0xf0, 0x00, 0x03, 0x00, 0x10, 0x5d, 0xb8, 0x00, 0x02, 0xdc, 0xb8,
  0x00, 0x1e, 0x10, 0xb8, 0x00, 0x09, 0xd0, 0xb8, 0x00, 0x07, 0x10, 0xb8,
  0x00, 0x0b, 0xd0, 0xb8, 0x00, 0x03, 0x10, 0xb8, 0x00, 0x0d, 0xd0, 0xb8,
  0x00, 0x02, 0x10, 0xb8, 0x00, 0x10, 0xd0, 0xb8, 0x00, 0x02, 0x10, 0xb8,
  0x00, 0x1d, 0xdc, 0x41, 0x21, 0x00, 0x00, 0x00, 0x1d, 0x00, 0x10, 0x00,
  0x1d, 0x00, 0x20, 0x00, 0x1d, 0x00, 0x30, 0x00, 0x1d, 0x00, 0x40, 0x00,
  0x1d, 0x00, 0x50, 0x00, 0x1d, 0x00, 0x60, 0x00, 0x1d, 0x00, 0x70, 0x00,
  0x1d, 0x00, 0x80, 0x00, 0x1d, 0x00, 0x90, 0x00, 0x1d, 0x00, 0xa0, 0x00,
  0x1d, 0x00, 0xb0, 0x00, 0x1d, 0x00, 0xc0, 0x00, 0x1d, 0x00, 0xd0, 0x00,
  0x1d, 0x00, 0xe0, 0x00, 0x1d, 0x00, 0xf0, 0x00, 0x1d, 0x00, 0x10, 0x5d,
  0xb8, 0x00, 0x16, 0xdc, 0xb8, 0x00, 0x11, 0xd0, 0xb8, 0x00, 0x02, 0x10,
  0xb8, 0x00, 0x13, 0xd0, 0xb8, 0x00, 0x02, 0x10, 0xb8, 0x00, 0x18, 0xd0,
  0xb8, 0x00, 0x1e, 0x10, 0xb8, 0x00, 0x1a, 0xd0, 0xb8, 0x00, 0x16, 0x10,
  0xb8, 0x00, 0x21, 0xdc, 0x00, 0xb8, 0x00, 0x00, 0x45, 0x58, 0xb8, 0x00,
  0x08, 0x2f, 0x1b, 0xb9, 0x00, 0x08, 0x00, 0x05, 0x3e, 0x59, 0xb8, 0x00,
  0x00, 0x45, 0x58, 0xb8, 0x00, 0x14, 0x2f, 0x1b, 0xb9, 0x00, 0x14, 0x00,
  0x05, 0x3e, 0x59, 0xb8, 0x00, 0x00, 0x45, 0x58, 0xb8, 0x00, 0x00, 0x2f,
  0x1b, 0xb9, 0x00, 0x00, 0x00, 0x01, 0x3e, 0x59, 0xb8, 0x00, 0x00, 0x45,
  0x58, 0xb8, 0x00, 0x04, 0x2f, 0x1b, 0xb9, 0x00, 0x04, 0x00, 0x01, 0x3e,
  0x59, 0xba, 0x00, 0x0e, 0x00, 0x0d, 0x00, 0x03, 0x2b, 0xb8, 0x00, 0x0e,
  0x10, 0xba, 0x00, 0x1c, 0x00, 0x02, 0x00, 0x03, 0x2b, 0xb8, 0x00, 0x1c,
  0x10, 0xb8, 0x00, 0x0d, 0x10, 0xb8, 0x00, 0x0a, 0xdc, 0xb8, 0x00, 0x0d,
  0x10, 0xb8, 0x00, 0x10, 0xd0, 0xb8, 0x00, 0x0a, 0x10, 0xb8, 0x00, 0x12,
  0xd0, 0xb8, 0x00, 0x0a, 0x10, 0xb8, 0x00, 0x18, 0xd0, 0xb8, 0x00, 0x0d,
  0x10, 0xb8, 0x00, 0x19, 0xd0, 0x30, 0x31, 0x29, 0x01, 0x11, 0x21, 0x11,
  0x21, 0x11, 0x21, 0x11, 0x21, 0x11, 0x21, 0x11, 0x21, 0x11, 0x21, 0x11,
  0x21, 0x11, 0x21, 0x11, 0x21, 0x11, 0x21, 0x01, 0x11, 0x21, 0x11, 0x01,
  0x11, 0x21, 0x11, 0x06, 0x00, 0xfe, 0x00, 0xff, 0x00, 0xfe, 0x00, 0x01,
  0x00, 0x01, 0x00, 0xff, 0x00, 0x01, 0x00, 0x01, 0x00, 0x01, 0x00, 0xff,
  0x00, 0x01, 0x00, 0x01, 0x00, 0xfe, 0x00, 0xff, 0x00, 0x01, 0x00, 0xff,
  0x00, 0x02, 0x00, 0xfe, 0x00, 0x04, 0x00, 0x01, 0x00, 0x01, 0x00, 0x01,
  0x00, 0x01, 0x00, 0xff, 0x00, 0xff, 0x00, 0xff, 0x00, 0xff, 0x00, 0x02,
  0x00, 0x01, 0x00, 0xff, 0x00, 0xfd, 0x00, 0x01, 0x00, 0xff, 0x00, 0x00,
  0x00, 0x02, 0x01, 0x00, 0x00, 0x00, 0x06, 0x00, 0x05, 0x00, 0x00, 0x11,
  0x00, 0x15, 0x00, 0x8e, 0xba, 0x00, 0x04, 0x00, 0x05, 0x00, 0x03, 0x2b,
  0xb8, 0x00, 0x04, 0x10, 0xb8, 0x00, 0x07, 0xd0, 0xb8, 0x00, 0x04, 0x10,
  0xb8, 0x00, 0x14, 0xd0, 0x00, 0xb8, 0x00, 0x00, 0x45, 0x58, 0xb8, 0x00,
  0x08, 0x2f, 0x1b, 0xb9, 0x00, 0x08, 0x00, 0x05, 0x3e, 0x59, 0xb8, 0x00,
  0x00, 0x45, 0x58, 0xb8, 0x00, 0x00, 0x2f, 0x1b, 0xb9, 0x00, 0x00, 0x00,
  0x01, 0x3e, 0x59, 0xb8, 0x00, 0x00, 0x45, 0x58, 0xb8, 0x00, 0x04, 0x2f,
  0x1b, 0xb9, 0x00, 0x04, 0x00, 0x01, 0x3e, 0x59, 0xba, 0x00, 0x12, 0x00,
  0x02, 0x00, 0x03, 0x2b, 0xb8, 0x00, 0x12, 0x10, 0xb8, 0x00, 0x08, 0x10,
  0xb8, 0x00, 0x06, 0xdc, 0xb8, 0x00, 0x0a, 0xd0, 0xb8, 0x00, 0x0b, 0xd0,
  0xb8, 0x00, 0x12, 0x10, 0xb8, 0x00, 0x0c, 0xd0, 0xb8, 0x00, 0x02, 0x10,
  0xb8, 0x00, 0x0e, 0xd0, 0xb8, 0x00, 0x00, 0x10, 0xb8, 0x00, 0x10, 0xdc,
  0xb8, 0x00, 0x0b, 0x10, 0xb8, 0x00, 0x13, 0xd0, 0xb8, 0x00, 0x14, 0xd0,
  0x30, 0x31, 0x29, 0x01, 0x11, 0x21, 0x11, 0x21, 0x11, 0x21, 0x11, 0x21,
  0x11, 0x21, 0x11, 0x21, 0x11, 0x21, 0x11, 0x21, 0x01, 0x11, 0x21, 0x11,
  0x06, 0x00, 0xfd, 0x00, 0xff, 0x00, 0xff, 0x00, 0x01, 0x00, 0x04, 0x00,
  0xff, 0x00, 0x01, 0x00, 0xff, 0x00, 0x01, 0x00, 0xfd, 0x00, 0xff, 0x00,
  0x02, 0x00, 0xfe, 0x00, 0x04, 0x00, 0x01, 0x00, 0xff, 0x00, 0xff, 0x00,
  0xff, 0x00, 0xff, 0x00, 0x02, 0x00, 0x01, 0x00, 0xff, 0x00, 0x00, 0x02,
  0x01, 0x00, 0x00, 0x00, 0x06, 0x00, 0x08, 0x00, 0x00, 0x07, 0x00, 0x13,
  0x00, 0x89, 0xba, 0x00, 0x02, 0x00, 0x03, 0x00, 0x03, 0x2b, 0xb8, 0x00,
  0x02, 0x10, 0xba, 0x00, 0x00, 0x00, 0x01, 0x00, 0x03, 0x2b, 0xb8, 0x00,
  0x00, 0x10, 0xb8, 0x00, 0x02, 0x10, 0xb8, 0x00, 0x05, 0xd0, 0xb8, 0x00,
  0x02, 0x10, 0xb8, 0x00, 0x0d, 0xd0, 0xb8, 0x00, 0x02, 0x10, 0xb8, 0x00,
  0x11, 0xd0, 0x00, 0xb8, 0x00, 0x00, 0x45, 0x58, 0xb8, 0x00, 0x0a, 0x2f,
  0x1b, 0xb9, 0x00, 0x0a, 0x00, 0x05, 0x3e, 0x59, 0xb8, 0x00, 0x00, 0x45,
  0x58, 0xb8, 0x00, 0x08, 0x2f, 0x1b, 0xb9, 0x00, 0x08, 0x00, 0x01, 0x3e,
  0x59, 0xba, 0x00, 0x05, 0x00, 0x02, 0x00, 0x03, 0x2b, 0xb8, 0x00, 0x05,
  0x10, 0xba, 0x00, 0x0f, 0x00, 0x10, 0x00, 0x03, 0x2b, 0xb8, 0x00, 0x0f,
  0x10, 0xb8, 0x00, 0x02, 0x10, 0xb8, 0x00, 0x07, 0xd0, 0xb8, 0x00, 0x00,
  0xdc, 0xb8, 0x00, 0x0a, 0x10, 0xb8, 0x00, 0x0c, 0xdc, 0xb8, 0x00, 0x08,
  0x10, 0xb8, 0x00, 0x12, 0xdc, 0x30, 0x31, 0x01, 0x21, 0x11, 0x21, 0x11,
  0x21, 0x11, 0x21, 0x01, 0x21, 0x11, 0x21, 0x11, 0x21, 0x11, 0x21, 0x11,
  0x21, 0x11, 0x21, 0x04, 0x00, 0xff, 0x00, 0xff, 0x00, 0x01, 0x00, 0x01,
  0x00, 0x02, 0x00, 0xfb, 0x00, 0x05, 0x00, 0xfd, 0x00, 0x03, 0x00, 0xfd,
  0x00, 0x03, 0x00, 0x06, 0x00, 0x01, 0x00, 0x01, 0x00, 0xff, 0x00, 0xf9,
  0x00, 0x05, 0x00, 0xff, 0x00, 0xff, 0x00, 0xff, 0x00, 0xff, 0x00, 0x00,
  0x00, 0x02, 0x01, 0x00, 0x00, 0x00, 0x06, 0x00, 0x08, 0x00, 0x00, 0x07,
  0x00, 0x13, 0x00, 0x95, 0xba, 0x00, 0x02, 0x00, 0x03, 0x00, 0x03, 0x2b,
  0xb8, 0x00, 0x02, 0x10, 0xba, 0x00, 0x00, 0x00, 0x01, 0x00, 0x03, 0x2b,
  0xb8, 0x00, 0x00, 0x10, 0xb8, 0x00, 0x02, 0x10, 0xb8, 0x00, 0x05, 0xd0,
  0xb8, 0x00, 0x03, 0x10, 0xb8, 0x00, 0x0d, 0xd0, 0xb8, 0x00, 0x03, 0x10,
  0xb8, 0x00, 0x11, 0xd0, 0x00, 0xb8, 0x00, 0x00, 0x45, 0x58, 0xb8, 0x00,
  0x0a, 0x2f, 0x1b, 0xb9, 0x00, 0x0a, 0x00, 0x05, 0x3e, 0x59, 0xb8, 0x00,
  0x00, 0x45, 0x58, 0xb8, 0x00, 0x08, 0x2f, 0x1b, 0xb9, 0x00, 0x08, 0x00,
  0x01, 0x3e, 0x59, 0xba, 0x00, 0x07, 0x00, 0x00, 0x00, 0x03, 0x2b, 0xb8,
  0x00, 0x07, 0x10, 0xba, 0x00, 0x0f, 0x00, 0x10, 0x00, 0x03, 0x2b, 0xb8,
  0x00, 0x0f, 0x10, 0xb8, 0x00, 0x00, 0x10, 0xb8, 0x00, 0x02, 0xdc, 0xb8,
  0x00, 0x00, 0x10, 0xb8, 0x00, 0x04, 0xd0, 0xb8, 0x00, 0x01, 0x10, 0xb8,
  0x00, 0x05, 0xd0, 0xb8, 0x00, 0x0a, 0x10, 0xb8, 0x00, 0x0c, 0xdc, 0xb8,
  0x00, 0x08, 0x10, 0xb8, 0x00, 0x12, 0xdc, 0x30, 0x31, 0x01, 0x21, 0x11,
  0x21, 0x11, 0x21, 0x11, 0x21, 0x01, 0x21, 0x11, 0x21, 0x11, 0x21, 0x11,
  0x21, 0x11, 0x21, 0x11, 0x21, 0x05, 0x00, 0xff, 0x00, 0xff, 0x00, 0x01,
  0x00, 0x01, 0x00, 0x01, 0x00, 0xfb, 0x00, 0x05, 0x00, 0xfd, 0x00, 0x03,
  0x00, 0xfd, 0x00, 0x03, 0x00, 0x07, 0x00, 0xff, 0x00, 0x01, 0x00, 0x01,
  0x00, 0xf8, 0x00, 0x05, 0x00, 0xff, 0x00, 0xff, 0x00, 0xff, 0x00, 0xff,
  0x00, 0x00, 0x00, 0x02, 0x01, 0x00, 0x00, 0x00, 0x06, 0x00, 0x08, 0x00,
  0x00, 0x0b, 0x00, 0x17, 0x01, 0x3b, 0xba, 0x00, 0x04, 0x00, 0x05, 0x00,
  0x03, 0x2b, 0xb8, 0x00, 0x04, 0x10, 0xb8, 0x00, 0x03, 0xdc, 0x41, 0x21,
  0x00, 0x00, 0x00, 0x03, 0x00, 0x10, 0x00, 0x03, 0x00, 0x20, 0x00, 0x03,
  0x00, 0x30, 0x00, 0x03, 0x00, 0x40, 0x00, 0x03, 0x00, 0x50, 0x00, 0x03,
  0x00, 0x60, 0x00, 0x03, 0x00, 0x70, 0x00, 0x03, 0x00, 0x80, 0x00, 0x03,
  0x00, 0x90, 0x00, 0x03, 0x00, 0xa0, 0x00, 0x03, 0x00, 0xb0, 0x00, 0x03,
  0x00, 0xc0, 0x00, 0x03, 0x00, 0xd0, 0x00, 0x03, 0x00, 0xe0, 0x00, 0x03,
  0x00, 0xf0, 0x00, 0x03, 0x00, 0x10, 0x5d, 0xb8, 0x00, 0x02, 0xdc, 0xb8,
  0x00, 0x01, 0xdc, 0x41, 0x21, 0x00, 0x00, 0x00, 0x01, 0x00, 0x10, 0x00,
  0x01, 0x00, 0x20, 0x00, 0x01, 0x00, 0x30, 0x00, 0x01, 0x00, 0x40, 0x00,
  0x01, 0x00, 0x50, 0x00, 0x01, 0x00, 0x60, 0x00, 0x01, 0x00, 0x70, 0x00,
  0x01, 0x00, 0x80, 0x00, 0x01, 0x00, 0x90, 0x00, 0x01, 0x00, 0xa0, 0x00,
  0x01, 0x00, 0xb0, 0x00, 0x01, 0x00, 0xc0, 0x00, 0x01, 0x00, 0xd0, 0x00,
  0x01, 0x00, 0xe0, 0x00, 0x01, 0x00, 0xf0, 0x00, 0x01, 0x00, 0x10, 0x5d,
  0xb8, 0x00, 0x00, 0xdc, 0xb8, 0x00, 0x04, 0x10, 0xb8, 0x00, 0x07, 0xd0,
  0xb8, 0x00, 0x02, 0x10, 0xb8, 0x00, 0x0a, 0xd0, 0xb8, 0x00, 0x04, 0x10,
  0xb8, 0x00, 0x11, 0xd0, 0xb8, 0x00, 0x04, 0x10, 0xb8, 0x00, 0x16, 0xd0,
  0xb8, 0x00, 0x00, 0x10, 0xb8, 0x00, 0x19, 0xdc, 0x00, 0xb8, 0x00, 0x00,
  0x45, 0x58, 0xb8, 0x00, 0x0e, 0x2f, 0x1b, 0xb9, 0x00, 0x0e, 0x00, 0x05,
  0x3e, 0x59, 0xb8, 0x00, 0x00, 0x45, 0x58, 0xb8, 0x00, 0x0c, 0x2f, 0x1b,
  0xb9, 0x00, 0x0c, 0x00, 0x01, 0x3e, 0x59, 0xba, 0x00, 0x09, 0x00, 0x02,
  0x00, 0x03, 0x2b, 0xb8, 0x00, 0x09, 0x10, 0xba, 0x00, 0x13, 0x00, 0x14,
  0x00, 0x03, 0x2b, 0xb8, 0x00, 0x13, 0x10, 0xb8, 0x00, 0x02, 0x10, 0xb8,
  0x00, 0x0b, 0xd0, 0xb8, 0x00, 0x00, 0xdc, 0xb8, 0x00, 0x04, 0xd0, 0xb8,
  0x00, 0x02, 0x10, 0xb8, 0x00, 0x06, 0xd0, 0xb8, 0x00, 0x0b, 0x10, 0xb8,
  0x00, 0x07, 0xd0, 0xb8, 0x00, 0x0e, 0x10, 0xb8, 0x00, 0x10, 0xdc, 0xb8,
  0x00, 0x0c, 0x10, 0xb8, 0x00, 0x16, 0xdc, 0x30, 0x31, 0x01, 0x21, 0x11,
  0x21, 0x11, 0x21, 0x11, 0x21, 0x11, 0x21, 0x11, 0x21, 0x01, 0x21, 0x11,
  0x21, 0x11, 0x21, 0x11, 0x21, 0x11, 0x21, 0x11, 0x21, 0x05, 0x00, 0xff,
  0x00, 0xff, 0x00, 0xff, 0x00, 0x01, 0x00, 0x01, 0x00, 0x01, 0x00, 0x01,
  0x00, 0xfb, 0x00, 0x05, 0x00, 0xfd, 0x00, 0x03, 0x00, 0xfd, 0x00, 0x03,
  0x00, 0x06, 0x00, 0x01, 0x00, 0xff, 0x00, 0x01, 0x00, 0x01, 0x00, 0xff,
  0x00, 0xf9, 0x00, 0x05, 0x00, 0xff, 0x00, 0xff, 0x00, 0xff, 0x00, 0xff,
  0x00, 0x00, 0x00, 0x03, 0x01, 0x00, 0x00, 0x00, 0x06, 0x00, 0x07, 0x00,
  0x00, 0x03, 0x00, 0x07, 0x00, 0x13, 0x00, 0x85, 0xba, 0x00, 0x04, 0x00,
  0x05, 0x00, 0x03, 0x2b, 0xb8, 0x00, 0x04, 0x10, 0xba, 0x00, 0x00, 0x00,
  0x01, 0x00, 0x03, 0x2b, 0xb8, 0x00, 0x00, 0x10, 0xb8, 0x00, 0x04, 0x10,
  0xb8, 0x00, 0x0d, 0xd0, 0xb8, 0x00, 0x04, 0x10, 0xb8, 0x00, 0x11, 0xd0,
  0x00, 0xb8, 0x00, 0x00, 0x45, 0x58, 0xb8, 0x00, 0x0a, 0x2f, 0x1b, 0xb9,
  0x00, 0x0a, 0x00, 0x05, 0x3e, 0x59, 0xb8, 0x00, 0x00, 0x45, 0x58, 0xb8,
  0x00, 0x08, 0x2f, 0x1b, 0xb9, 0x00, 0x08, 0x00, 0x01, 0x3e, 0x59, 0xba,
  0x00, 0x03, 0x00, 0x00, 0x00, 0x03, 0x2b, 0xb8, 0x00, 0x03, 0x10, 0xba,
  0x00, 0x0f, 0x00, 0x10, 0x00, 0x03, 0x2b, 0xb8, 0x00, 0x0f, 0x10, 0xb8,
  0x00, 0x00, 0x10, 0xb8, 0x00, 0x04, 0xd0, 0xb8, 0x00, 0x03, 0x10, 0xb8,
  0x00, 0x06, 0xd0, 0xb8, 0x00, 0x0a, 0x10, 0xb8, 0x00, 0x0c, 0xdc, 0xb8,
  0x00, 0x08, 0x10, 0xb8, 0x00, 0x12, 0xdc, 0x30, 0x31, 0x01, 0x21, 0x11,
  0x21, 0x01, 0x21, 0x11, 0x21, 0x01, 0x21, 0x11, 0x21, 0x11, 0x21, 0x11,
  0x21, 0x11, 0x21, 0x11, 0x21, 0x05, 0x00, 0xff, 0x00, 0x01, 0x00, 0xfe,
  0x00, 0xff, 0x00, 0x01, 0x00, 0x03, 0x00, 0xfb, 0x00, 0x05, 0x00, 0xfd,
  0x00, 0x03, 0x00, 0xfd, 0x00, 0x03, 0x00, 0x06, 0x00, 0x01, 0x00, 0xff,
  0x00, 0x01, 0x00, 0xf9, 0x00, 0x05, 0x00, 0xff, 0x00, 0xff, 0x00, 0xff,
  0x00, 0xff, 0x00, 0x00, 0x00, 0x02, 0x01, 0x00, 0x00, 0x00, 0x05, 0x00,
  0x08, 0x00, 0x00, 0x07, 0x00, 0x13, 0x00, 0x91, 0xba, 0x00, 0x02, 0x00,
  0x03, 0x00, 0x03, 0x2b, 0xb8, 0x00, 0x02, 0x10, 0xba, 0x00, 0x00, 0x00,
  0x01, 0x00, 0x03, 0x2b, 0xb8, 0x00, 0x00, 0x10, 0xb8, 0x00, 0x02, 0x10,
  0xb8, 0x00, 0x05, 0xd0, 0xb8, 0x00, 0x03, 0x10, 0xb8, 0x00, 0x0b, 0xd0,
  0xb8, 0x00, 0x00, 0x10, 0xb8, 0x00, 0x11, 0xd0, 0x00, 0xb8, 0x00, 0x00,
  0x45, 0x58, 0xb8, 0x00, 0x0e, 0x2f, 0x1b, 0xb9, 0x00, 0x0e, 0x00, 0x05,
  0x3e, 0x59, 0xb8, 0x00, 0x00, 0x45, 0x58, 0xb8, 0x00, 0x08, 0x2f, 0x1b,
  0xb9, 0x00, 0x08, 0x00, 0x01, 0x3e, 0x59, 0xba, 0x00, 0x05, 0x00, 0x02,
  0x00, 0x03, 0x2b, 0xb8, 0x00, 0x05, 0x10, 0xb8, 0x00, 0x02, 0x10, 0xb8,
  0x00, 0x07, 0xd0, 0xb8, 0x00, 0x00, 0xdc, 0xb8, 0x00, 0x08, 0x10, 0xb8,
  0x00, 0x0a, 0xdc, 0xb8, 0x00, 0x0e, 0x10, 0xb8, 0x00, 0x0c, 0xdc, 0xb8,
  0x00, 0x10, 0xd0, 0xb8, 0x00, 0x11, 0xd0, 0xb8, 0x00, 0x0a, 0x10, 0xb8,
  0x00, 0x12, 0xd0, 0xb8, 0x00, 0x13, 0xd0, 0x30, 0x31, 0x01, 0x21, 0x11,
  0x21, 0x11, 0x21, 0x11, 0x21, 0x01, 0x21, 0x11, 0x21, 0x11, 0x21, 0x11,
  0x21, 0x11, 0x21, 0x11, 0x21, 0x04, 0x00, 0xff, 0x00, 0xff, 0x00, 0x01,
  0x00, 0x01, 0x00, 0x01, 0x00, 0xfc, 0x00, 0x01, 0x00, 0xff, 0x00, 0x04,
  0x00, 0xff, 0x00, 0x01, 0x00, 0x06, 0x00, 0x01, 0x00, 0x01, 0x00, 0xff,
  0x00, 0xf9, 0x00, 0x01, 0x00, 0x03, 0x00, 0x01, 0x00, 0xff, 0x00, 0xfd,
  0x00, 0x00, 0x00, 0x02, 0x01, 0x00, 0x00, 0x00, 0x05, 0x00, 0x08, 0x00,
  0x00, 0x07, 0x00, 0x13, 0x00, 0x9d, 0xba, 0x00, 0x02, 0x00, 0x03, 0x00,
  0x03, 0x2b, 0xb8, 0x00, 0x02, 0x10, 0xba, 0x00, 0x00, 0x00, 0x01, 0x00,
  0x03, 0x2b, 0xb8, 0x00, 0x00, 0x10, 0xb8, 0x00, 0x02, 0x10, 0xb8, 0x00,
  0x05, 0xd0, 0xb8, 0x00, 0x03, 0x10, 0xb8, 0x00, 0x0b, 0xd0, 0xb8, 0x00,
  0x00, 0x10, 0xb8, 0x00, 0x11, 0xd0, 0x00, 0xb8, 0x00, 0x00, 0x45, 0x58,
  0xb8, 0x00, 0x0e, 0x2f, 0x1b, 0xb9, 0x00, 0x0e, 0x00, 0x05, 0x3e, 0x59,
  0xb8, 0x00, 0x00, 0x45, 0x58, 0xb8, 0x00, 0x08, 0x2f, 0x1b, 0xb9, 0x00,
  0x08, 0x00, 0x01, 0x3e, 0x59, 0xba, 0x00, 0x07, 0x00, 0x00, 0x00, 0x03,
  0x2b, 0xb8, 0x00, 0x07, 0x10, 0xb8, 0x00, 0x00, 0x10, 0xb8, 0x00, 0x02,
  0xdc, 0xb8, 0x00, 0x00, 0x10, 0xb8, 0x00, 0x04, 0xd0, 0xb8, 0x00, 0x01,
  0x10, 0xb8, 0x00, 0x05, 0xd0, 0xb8, 0x00, 0x08, 0x10, 0xb8, 0x00, 0x0a,
  0xdc, 0xb8, 0x00, 0x0e, 0x10, 0xb8, 0x00, 0x0c, 0xdc, 0xb8, 0x00, 0x10,
  0xd0, 0xb8, 0x00, 0x11, 0xd0, 0xb8, 0x00, 0x0a, 0x10, 0xb8, 0x00, 0x12,
  0xd0, 0xb8, 0x00, 0x13, 0xd0, 0x30, 0x31, 0x01, 0x21, 0x11, 0x21, 0x11,
  0x21, 0x11, 0x21, 0x01, 0x21, 0x11, 0x21, 0x11, 0x21, 0x11, 0x21, 0x11,
  0x21, 0x11, 0x21, 0x04, 0x00, 0xff, 0x00, 0xff, 0x00, 0x01, 0x00, 0x01,
  0x00, 0x01, 0x00, 0xfc, 0x00, 0x01, 0x00, 0xff, 0x00, 0x04, 0x00, 0xff,
  0x00, 0x01, 0x00, 0x07, 0x00, 0xff, 0x00, 0x01, 0x00, 0x01, 0x00, 0xf8,
  0x00, 0x01, 0x00, 0x03, 0x00, 0x01, 0x00, 0xff, 0x00, 0xfd, 0x00, 0x00,
  0x00, 0x02, 0x01, 0x00, 0x00, 0x00, 0x05, 0x00, 0x08, 0x00, 0x00, 0x0b,
  0x00, 0x17, 0x01, 0x53, 0xba, 0x00, 0x04, 0x00, 0x05, 0x00, 0x03, 0x2b,
  0xb8, 0x00, 0x04, 0x10, 0xb8, 0x00, 0x03, 0xdc, 0x41, 0x21, 0x00, 0x00,
  0x00, 0x03, 0x00, 0x10, 0x00, 0x03, 0x00, 0x20, 0x00, 0x03, 0x00, 0x30,
  0x00, 0x03, 0x00, 0x40, 0x00, 0x03, 0x00, 0x50, 0x00, 0x03, 0x00, 0x60,
  0x00, 0x03, 0x00, 0x70, 0x00, 0x03, 0x00, 0x80, 0x00, 0x03, 0x00, 0x90,
  0x00, 0x03, 0x00, 0xa0, 0x00, 0x03, 0x00, 0xb0, 0x00, 0x03, 0x00, 0xc0,
  0x00, 0x03, 0x00, 0xd0, 0x00, 0x03, 0x00, 0xe0, 0x00, 0x03, 0x00, 0xf0,
  0x00, 0x03, 0x00, 0x10, 0x5d, 0xb8, 0x00, 0x02, 0xdc, 0xb8, 0x00, 0x01,
  0xdc, 0x41, 0x21, 0x00, 0x00, 0x00, 0x01, 0x00, 0x10, 0x00, 0x01, 0x00,
  0x20, 0x00, 0x01, 0x00, 0x30, 0x00, 0x01, 0x00, 0x40, 0x00, 0x01, 0x00,
  0x50, 0x00, 0x01, 0x00, 0x60, 0x00, 0x01, 0x00, 0x70, 0x00, 0x01, 0x00,
  0x80, 0x00, 0x01, 0x00, 0x90, 0x00, 0x01, 0x00, 0xa0, 0x00, 0x01, 0x00,
  0xb0, 0x00, 0x01, 0x00, 0xc0, 0x00, 0x01, 0x00, 0xd0, 0x00, 0x01, 0x00,
  0xe0, 0x00, 0x01, 0x00, 0xf0, 0x00, 0x01, 0x00, 0x10, 0x5d, 0xb8, 0x00,
  0x00, 0xdc, 0xb8, 0x00, 0x04, 0x10, 0xb8, 0x00, 0x07, 0xd0, 0xb8, 0x00,
  0x02, 0x10, 0xb8, 0x00, 0x0a, 0xd0, 0xb8, 0x00, 0x00, 0x10, 0xb8, 0x00,
  0x0c, 0xd0, 0xb8, 0x00, 0x05, 0x10, 0xb8, 0x00, 0x0f, 0xd0, 0xb8, 0x00,
  0x00, 0x10, 0xb8, 0x00, 0x13, 0xd0, 0xb8, 0x00, 0x02, 0x10, 0xb8, 0x00,
  0x15, 0xd0, 0xb8, 0x00, 0x00, 0x10, 0xb8, 0x00, 0x19, 0xdc, 0x00, 0xb8,
  0x00, 0x00, 0x45, 0x58, 0xb8, 0x00, 0x12, 0x2f, 0x1b, 0xb9, 0x00, 0x12,
  0x00, 0x05, 0x3e, 0x59, 0xb8, 0x00, 0x00, 0x45, 0x58, 0xb8, 0x00, 0x0c,
  0x2f, 0x1b, 0xb9, 0x00, 0x0c, 0x00, 0x01, 0x3e, 0x59, 0xba, 0x00, 0x09,
  0x00, 0x02, 0x00, 0x03, 0x2b, 0xb8, 0x00, 0x09, 0x10, 0xb8, 0x00, 0x02,
  0x10, 0xb8, 0x00, 0x0b, 0xd0, 0xb8, 0x00, 0x00, 0xdc, 0xb8, 0x00, 0x04,
  0xd0, 0xb8, 0x00, 0x02, 0x10, 0xb8, 0x00, 0x06, 0xd0, 0xb8, 0x00, 0x0b,
  0x10, 0xb8, 0x00, 0x07, 0xd0, 0xb8, 0x00, 0x0c, 0x10, 0xb8, 0x00, 0x0e,
  0xdc, 0xb8, 0x00, 0x12, 0x10, 0xb8, 0x00, 0x10, 0xdc, 0xb8, 0x00, 0x14,
  0xd0, 0xb8, 0x00, 0x15, 0xd0, 0xb8, 0x00, 0x0e, 0x10, 0xb8, 0x00, 0x16,
  0xd0, 0xb8, 0x00, 0x17, 0xd0, 0x30, 0x31, 0x01, 0x21, 0x11, 0x21, 0x11,
  0x21, 0x11, 0x21, 0x11, 0x21, 0x11, 0x21, 0x11, 0x21, 0x11, 0x21, 0x11,
  0x21, 0x11, 0x21, 0x11, 0x21, 0x11, 0x21, 0x05, 0x00, 0xff, 0x00, 0xff,
  0x00, 0xff, 0x00, 0x01, 0x00, 0x01, 0x00, 0x01, 0x00, 0xfc, 0x00, 0x01,
  0x00, 0xff, 0x00, 0x04, 0x00, 0xff, 0x00, 0x01, 0x00, 0x06, 0x00, 0x01,
  0x00, 0xff, 0x00, 0x01, 0x00, 0x01, 0x00, 0xff, 0x00, 0xf9, 0x00, 0x01,
  0x00, 0x03, 0x00, 0x01, 0x00, 0xff, 0x00, 0xfd, 0x00, 0x00, 0x00, 0x03,
  0x01, 0x00, 0x00, 0x00, 0x05, 0x00, 0x07, 0x00, 0x00, 0x03, 0x00, 0x07,
  0x00, 0x13, 0x00, 0x99, 0xba, 0x00, 0x04, 0x00, 0x05, 0x00, 0x03, 0x2b,
  0xb8, 0x00, 0x04, 0x10, 0xba, 0x00, 0x00, 0x00, 0x01, 0x00, 0x03, 0x2b,
  0xb8, 0x00, 0x00, 0x10, 0xb8, 0x00, 0x08, 0xd0, 0xb8, 0x00, 0x05, 0x10,
  0xb8, 0x00, 0x0b, 0xd0, 0xb8, 0x00, 0x00, 0x10, 0xb8, 0x00, 0x0f, 0xd0,
  0xb8, 0x00, 0x01, 0x10, 0xb8, 0x00, 0x11, 0xd0, 0x00, 0xb8, 0x00, 0x00,
  0x45, 0x58, 0xb8, 0x00, 0x0e, 0x2f, 0x1b, 0xb9, 0x00, 0x0e, 0x00, 0x05,
  0x3e, 0x59, 0xb8, 0x00, 0x00, 0x45, 0x58, 0xb8, 0x00, 0x08, 0x2f, 0x1b,
  0xb9, 0x00, 0x08, 0x00, 0x01, 0x3e, 0x59, 0xba, 0x00, 0x03, 0x00, 0x00,
  0x00, 0x03, 0x2b, 0xb8, 0x00, 0x03, 0x10, 0xb8, 0x00, 0x00, 0x10, 0xb8,
  0x00, 0x04, 0xd0, 0xb8, 0x00, 0x03, 0x10, 0xb8, 0x00, 0x06, 0xd0, 0xb8,
  0x00, 0x08, 0x10, 0xb8, 0x00, 0x0a, 0xdc, 0xb8, 0x00, 0x0e, 0x10, 0xb8,
  0x00, 0x0c, 0xdc, 0xb8, 0x00, 0x10, 0xd0, 0xb8, 0x00, 0x11, 0xd0, 0xb8,
  0x00, 0x0a, 0x10, 0xb8, 0x00, 0x12, 0xd0, 0xb8, 0x00, 0x13, 0xd0, 0x30,
  0x31, 0x01, 0x21, 0x11, 0x21, 0x01, 0x21, 0x11, 0x21, 0x01, 0x21, 0x11,
  0x21, 0x11, 0x21, 0x11, 0x21, 0x11, 0x21, 0x11, 0x21, 0x05, 0x00, 0xff,
  0x00, 0x01, 0x00, 0xfe, 0x00, 0xff, 0x00, 0x01, 0x00, 0x02, 0x00, 0xfc,
  0x00, 0x01, 0x00, 0xff, 0x00, 0x04, 0x00, 0xff, 0x00, 0x01, 0x00, 0x06,
  0x00, 0x01, 0x00, 0xff, 0x00, 0x01, 0x00, 0xf9, 0x00, 0x01, 0x00, 0x03,
  0x00, 0x01, 0x00, 0xff, 0x00, 0xfd, 0x00, 0x00, 0x00, 0x02, 0x01, 0x00,
  0x00, 0x00, 0x06, 0x00, 0x08, 0x00, 0x00, 0x0f, 0x00, 0x1f, 0x01, 0x53,
  0xba, 0x00, 0x1a, 0x00, 0x18, 0x00, 0x03, 0x2b, 0xb8, 0x00, 0x1a, 0x10,
  0xb8, 0x00, 0x06, 0xdc, 0xb8, 0x00, 0x04, 0xdc, 0xb8, 0x00, 0x02, 0xdc,
  0xb8, 0x00, 0x00, 0xdc, 0xb8, 0x00, 0x1a, 0x10, 0xb8, 0x00, 0x07, 0xd0,
  0xb8, 0x00, 0x06, 0x10, 0xb8, 0x00, 0x09, 0xd0, 0xb8, 0x00, 0x05, 0x10,
  0xb8, 0x00, 0x0a, 0xd0, 0xb8, 0x00, 0x04, 0x10, 0xb8, 0x00, 0x0b, 0xd0,
  0xb8, 0x00, 0x03, 0x10, 0xb8, 0x00, 0x0c, 0xd0, 0xb8, 0x00, 0x02, 0x10,
  0xb8, 0x00, 0x0d, 0xd0, 0xb8, 0x00, 0x01, 0x10, 0xb8, 0x00, 0x0e, 0xd0,
  0xb8, 0x00, 0x00, 0x10, 0xb8, 0x00, 0x10, 0xd0, 0xb8, 0x00, 0x02, 0x10,
  0xb8, 0x00, 0x11, 0xd0, 0xb8, 0x00, 0x01, 0x10, 0xb8, 0x00, 0x12, 0xd0,
  0xb8, 0x00, 0x04, 0x10, 0xb8, 0x00, 0x13, 0xd0, 0xb8, 0x00, 0x03, 0x10,
  0xb8, 0x00, 0x14, 0xd0, 0xb8, 0x00, 0x06, 0x10, 0xb8, 0x00, 0x15, 0xd0,
  0xb8, 0x00, 0x05, 0x10, 0xb8, 0x00, 0x16, 0xd0, 0xb8, 0x00, 0x06, 0x10,
  0xb8, 0x00, 0x1b, 0xd0, 0xb8, 0x00, 0x05, 0x10, 0xb8, 0x00, 0x1c, 0xd0,
  0xb8, 0x00, 0x04, 0x10, 0xb8, 0x00, 0x1d, 0xd0, 0xb8, 0x00, 0x03, 0x10,
  0xb8, 0x00, 0x1e, 0xd0, 0x00, 0xb8, 0x00, 0x00, 0x45, 0x58, 0xb8, 0x00,
  0x18, 0x2f, 0x1b, 0xb9, 0x00, 0x18, 0x00, 0x05, 0x3e, 0x59, 0xb8, 0x00,
  0x00, 0x45, 0x58, 0xb8, 0x00, 0x1e, 0x2f, 0x1b, 0xb9, 0x00, 0x1e, 0x00,
  0x05, 0x3e, 0x59, 0xb8, 0x00, 0x00, 0x45, 0x58, 0xb8, 0x00, 0x10, 0x2f,
  0x1b, 0xb9, 0x00, 0x10, 0x00, 0x01, 0x3e, 0x59, 0xb8, 0x00, 0x00, 0x45,
  0x58, 0xb8, 0x00, 0x16, 0x2f, 0x1b, 0xb9, 0x00, 0x16, 0x00, 0x01, 0x3e,
  0x59, 0xba, 0x00, 0x0f, 0x00, 0x00, 0x00, 0x03, 0x2b, 0xb8, 0x00, 0x0f,
  0x10, 0xba, 0x00, 0x1d, 0x00, 0x14, 0x00, 0x03, 0x2b, 0xb8, 0x00, 0x1d,
  0x10, 0xb8, 0x00, 0x00, 0x10, 0xb8, 0x00, 0x02, 0xdc, 0xb8, 0x00, 0x00,
  0x10, 0xb8, 0x00, 0x04, 0xd0, 0xb8, 0x00, 0x01, 0x10, 0xb8, 0x00, 0x05,
  0xd0, 0xb8, 0x00, 0x02, 0x10, 0xb8, 0x00, 0x06, 0xd0, 0xb8, 0x00, 0x00,
  0x10, 0xb8, 0x00, 0x08, 0xd0, 0xb8, 0x00, 0x01, 0x10, 0xb8, 0x00, 0x09,
  0xd0, 0xb8, 0x00, 0x0f, 0x10, 0xb8, 0x00, 0x0a, 0xd0, 0xb8, 0x00, 0x00,
  0x10, 0xb8, 0x00, 0x0c, 0xd0, 0xb8, 0x00, 0x01, 0x10, 0xb8, 0x00, 0x0d,
  0xd0, 0x30, 0x31, 0x01, 0x21, 0x11, 0x21, 0x11, 0x21, 0x11, 0x21, 0x11,
  0x21, 0x11, 0x21, 0x11, 0x21, 0x11, 0x21, 0x11, 0x21, 0x11, 0x21, 0x11,
  0x21, 0x11, 0x21, 0x11, 0x21, 0x11, 0x21, 0x11, 0x21, 0x11, 0x21, 0x06,
  0x00, 0xff, 0x00, 0xff, 0x00, 0xff, 0x00, 0xff, 0x00, 0x01, 0x00, 0x01,
  0x00, 0x01, 0x00, 0x01, 0x00, 0xff, 0x00, 0xff, 0x00, 0xff, 0x00, 0xfe,
  0x00, 0x01, 0x00, 0x01, 0x00, 0x01, 0x00, 0x02, 0x00, 0x07, 0x00, 0xff,
  0x00, 0x01, 0x00, 0xff, 0x00, 0x01, 0x00, 0x01, 0x00, 0xff, 0x00, 0x01,
  0x00, 0xf8, 0x00, 0x01, 0x00, 0x01, 0x00, 0xfe, 0x00, 0x05, 0x00, 0xff,
  0x00, 0xff, 0x00, 0x02, 0x00, 0x00, 0x00, 0x03, 0x01, 0x00, 0x00, 0x00,
  0x06, 0x00, 0x08, 0x00, 0x00, 0x07, 0x00, 0x13, 0x00, 0x17, 0x00, 0xb9,
  0xba, 0x00, 0x02, 0x00, 0x03, 0x00, 0x03, 0x2b, 0xb8, 0x00, 0x02, 0x10,
  0xba, 0x00, 0x00, 0x00, 0x01, 0x00, 0x03, 0x2b, 0xb8, 0x00, 0x00, 0x10,
  0xb8, 0x00, 0x02, 0x10, 0xb8, 0x00, 0x05, 0xd0, 0xb8, 0x00, 0x03, 0x10,
  0xb8, 0x00, 0x0b, 0xd0, 0xb8, 0x00, 0x03, 0x10, 0xb8, 0x00, 0x0f, 0xd0,
  0xb8, 0x00, 0x00, 0x10, 0xb8, 0x00, 0x14, 0xd0, 0xb8, 0x00, 0x02, 0x10,
  0xb8, 0x00, 0x16, 0xd0, 0x00, 0xb8, 0x00, 0x00, 0x45, 0x58, 0xb8, 0x00,
  0x10, 0x2f, 0x1b, 0xb9, 0x00, 0x10, 0x00, 0x05, 0x3e, 0x59, 0xb8, 0x00,
  0x00, 0x45, 0x58, 0xb8, 0x00, 0x0a, 0x2f, 0x1b, 0xb9, 0x00, 0x0a, 0x00,
  0x01, 0x3e, 0x59, 0xba, 0x00, 0x05, 0x00, 0x02, 0x00, 0x03, 0x2b, 0xb8,
  0x00, 0x05, 0x10, 0xb8, 0x00, 0x02, 0x10, 0xb8, 0x00, 0x07, 0xd0, 0xb8,
  0x00, 0x00, 0xdc, 0xb8, 0x00, 0x0a, 0x10, 0xb8, 0x00, 0x08, 0xdc, 0xb8,
  0x00, 0x0c, 0xd0, 0xb8, 0x00, 0x0d, 0xd0, 0xb8, 0x00, 0x10, 0x10, 0xb8,
  0x00, 0x0e, 0xdc, 0xb8, 0x00, 0x12, 0xd0, 0xb8, 0x00, 0x13, 0xd0, 0xb8,
  0x00, 0x0d, 0x10, 0xb8, 0x00, 0x14, 0xd0, 0xb8, 0x00, 0x13, 0x10, 0xb8,
  0x00, 0x15, 0xd0, 0xb8, 0x00, 0x16, 0xd0, 0xb8, 0x00, 0x14, 0x10, 0xb8,
  0x00, 0x17, 0xd0, 0x30, 0x31, 0x01, 0x21, 0x11, 0x21, 0x11, 0x21, 0x11,
  0x21, 0x01, 0x21, 0x11, 0x21, 0x11, 0x21, 0x11, 0x21, 0x11, 0x21, 0x11,
  0x21, 0x01, 0x11, 0x21, 0x11, 0x04, 0x00, 0xff, 0x00, 0xff, 0x00, 0x01,
  0x00, 0x01, 0x00, 0x02, 0x00, 0xff, 0x00, 0xfd, 0x00, 0xff, 0x00, 0x01,
  0x00, 0x03, 0x00, 0x01, 0x00, 0xfe, 0x00, 0xff, 0x00, 0x06, 0x00, 0x01,
  0x00, 0x01, 0x00, 0xff, 0x00, 0xfa, 0x00, 0xff, 0x00, 0x01, 0x00, 0x03,
  0x00, 0x01, 0x00, 0xff, 0x00, 0xfd, 0x00, 0x03, 0x00, 0xfd, 0x00, 0x00,
  0x00, 0x03, 0x01, 0x00, 0x00, 0x00, 0x06, 0x00, 0x08, 0x00, 0x00, 0x07,
  0x00, 0x13, 0x00, 0x17, 0x00, 0xc5, 0xba, 0x00, 0x02, 0x00, 0x03, 0x00,
  0x03, 0x2b, 0xb8, 0x00, 0x02, 0x10, 0xba, 0x00, 0x00, 0x00, 0x01, 0x00,
  0x03, 0x2b, 0xb8, 0x00, 0x00, 0x10, 0xb8, 0x00, 0x02, 0x10, 0xb8, 0x00,
  0x05, 0xd0, 0xb8, 0x00, 0x00, 0x10, 0xb8, 0x00, 0x09, 0xd0, 0xb8, 0x00,
  0x00, 0x10, 0xb8, 0x00, 0x11, 0xd0, 0xb8, 0x00, 0x02, 0x10, 0xb8, 0x00,
  0x14, 0xd0, 0xb8, 0x00, 0x03, 0x10, 0xb8, 0x00, 0x16, 0xd0, 0x00, 0xb8,
  0x00, 0x00, 0x45, 0x58, 0xb8, 0x00, 0x10, 0x2f, 0x1b, 0xb9, 0x00, 0x10,
  0x00, 0x05, 0x3e, 0x59, 0xb8, 0x00, 0x00, 0x45, 0x58, 0xb8, 0x00, 0x0a,
  0x2f, 0x1b, 0xb9, 0x00, 0x0a, 0x00, 0x01, 0x3e, 0x59, 0xba, 0x00, 0x07,
  0x00, 0x00, 0x00, 0x03, 0x2b, 0xb8, 0x00, 0x07, 0x10, 0xb8, 0x00, 0x00,
  0x10, 0xb8, 0x00, 0x02, 0xdc, 0xb8, 0x00, 0x00, 0x10, 0xb8, 0x00, 0x04,
  0xd0, 0xb8, 0x00, 0x01, 0x10, 0xb8, 0x00, 0x05, 0xd0, 0xb8, 0x00, 0x0a,
  0x10, 0xb8, 0x00, 0x08, 0xdc, 0xb8, 0x00, 0x0c, 0xd0, 0xb8, 0x00, 0x0d,
  0xd0, 0xb8, 0x00, 0x10, 0x10, 0xb8, 0x00, 0x0e, 0xdc, 0xb8, 0x00, 0x12,
  0xd0, 0xb8, 0x00, 0x13, 0xd0, 0xb8, 0x00, 0x0d, 0x10, 0xb8, 0x00, 0x14,
  0xd0, 0xb8, 0x00, 0x13, 0x10, 0xb8, 0x00, 0x15, 0xd0, 0xb8, 0x00, 0x16,
  0xd0, 0xb8, 0x00, 0x14, 0x10, 0xb8, 0x00, 0x17, 0xd0, 0x30, 0x31, 0x01,
  0x21, 0x11, 0x21, 0x11, 0x21, 0x11, 0x21, 0x01, 0x21, 0x11, 0x21, 0x11,
  0x21, 0x11, 0x21, 0x11, 0x21, 0x11, 0x21, 0x01, 0x11, 0x21, 0x11, 0x05,
  0x00, 0xff, 0x00, 0xff, 0x00, 0x01, 0x00, 0x01, 0x00, 0x01, 0x00, 0xff,
  0x00, 0xfd, 0x00, 0xff, 0x00, 0x01, 0x00, 0x03, 0x00, 0x01, 0x00, 0xfe,
  0x00, 0xff, 0x00, 0x07, 0x00, 0xff, 0x00, 0x01, 0x00, 0x01, 0x00, 0xf9,
  0x00, 0xff, 0x00, 0x01, 0x00, 0x03, 0x00, 0x01, 0x00, 0xff, 0x00, 0xfd,
  0x00, 0x03, 0x00, 0xfd, 0x00, 0x00, 0x00, 0x03, 0x01, 0x00, 0x00, 0x00,
  0x06, 0x00, 0x08, 0x00, 0x00, 0x0b, 0x00, 0x17, 0x00, 0x1b, 0x01, 0x7b,
  0xba, 0x00, 0x04, 0x00, 0x05, 0x00, 0x03, 0x2b, 0xb8, 0x00, 0x04, 0x10,
  0xb8, 0x00, 0x03, 0xdc, 0x41, 0x21, 0x00, 0x00, 0x00, 0x03, 0x00, 0x10,
  0x00, 0x03, 0x00, 0x20, 0x00, 0x03, 0x00, 0x30, 0x00, 0x03, 0x00, 0x40,
  0x00, 0x03, 0x00, 0x50, 0x00, 0x03, 0x00, 0x60, 0x00, 0x03, 0x00, 0x70,
  0x00, 0x03, 0x00, 0x80, 0x00, 0x03, 0x00, 0x90, 0x00, 0x03, 0x00, 0xa0,
  0x00, 0x03, 0x00, 0xb0, 0x00, 0x03, 0x00, 0xc0, 0x00, 0x03, 0x00, 0xd0,
  0x00, 0x03, 0x00, 0xe0, 0x00, 0x03, 0x00, 0xf0, 0x00, 0x03, 0x00, 0x10,
  0x5d, 0xb8, 0x00, 0x02, 0xdc, 0xb8, 0x00, 0x01, 0xdc, 0x41, 0x21, 0x00,
  0x00, 0x00, 0x01, 0x00, 0x10, 0x00, 0x01, 0x00, 0x20, 0x00, 0x01, 0x00,
  0x30, 0x00, 0x01, 0x00, 0x40, 0x00, 0x01, 0x00, 0x50, 0x00, 0x01, 0x00,
  0x60, 0x00, 0x01, 0x00, 0x70, 0x00, 0x01, 0x00, 0x80, 0x00, 0x01, 0x00,
  0x90, 0x00, 0x01, 0x00, 0xa0, 0x00, 0x01, 0x00, 0xb0, 0x00, 0x01, 0x00,
  0xc0, 0x00, 0x01, 0x00, 0xd0, 0x00, 0x01, 0x00, 0xe0, 0x00, 0x01, 0x00,
  0xf0, 0x00, 0x01, 0x00, 0x10, 0x5d, 0xb8, 0x00, 0x00, 0xdc, 0xb8, 0x00,
  0x04, 0x10, 0xb8, 0x00, 0x07, 0xd0, 0xb8, 0x00, 0x02, 0x10, 0xb8, 0x00,
  0x0a, 0xd0, 0xb8, 0x00, 0x00, 0x10, 0xb8, 0x00, 0x0d, 0xd0, 0xb8, 0x00,
  0x05, 0x10, 0xb8, 0x00, 0x0f, 0xd0, 0xb8, 0x00, 0x05, 0x10, 0xb8, 0x00,
  0x13, 0xd0, 0xb8, 0x00, 0x00, 0x10, 0xb8, 0x00, 0x15, 0xd0, 0xb8, 0x00,
  0x02, 0x10, 0xb8, 0x00, 0x18, 0xd0, 0xb8, 0x00, 0x04, 0x10, 0xb8, 0x00,
  0x1a, 0xd0, 0xb8, 0x00, 0x00, 0x10, 0xb8, 0x00, 0x1d, 0xdc, 0x00, 0xb8,
  0x00, 0x00, 0x45, 0x58, 0xb8, 0x00, 0x14, 0x2f, 0x1b, 0xb9, 0x00, 0x14,
  0x00, 0x05, 0x3e, 0x59, 0xb8, 0x00, 0x00, 0x45, 0x58, 0xb8, 0x00, 0x0e,
  0x2f, 0x1b, 0xb9, 0x00, 0x0e, 0x00, 0x01, 0x3e, 0x59, 0xba, 0x00, 0x09,
  0x00, 0x02, 0x00, 0x03, 0x2b, 0xb8, 0x00, 0x09, 0x10, 0xb8, 0x00, 0x02,
  0x10, 0xb8, 0x00, 0x0b, 0xd0, 0xb8, 0x00, 0x00, 0xdc, 0xb8, 0x00, 0x04,
  0xd0, 0xb8, 0x00, 0x02, 0x10, 0xb8, 0x00, 0x06, 0xd0, 0xb8, 0x00, 0x0b,
  0x10, 0xb8, 0x00, 0x07, 0xd0, 0xb8, 0x00, 0x0e, 0x10, 0xb8, 0x00, 0x0c,
  0xdc, 0xb8, 0x00, 0x10, 0xd0, 0xb8, 0x00, 0x11, 0xd0, 0xb8, 0x00, 0x14,
  0x10, 0xb8, 0x00, 0x12, 0xdc, 0xb8, 0x00, 0x16, 0xd0, 0xb8, 0x00, 0x17,
  0xd0, 0xb8, 0x00, 0x11, 0x10, 0xb8, 0x00, 0x18, 0xd0, 0xb8, 0x00, 0x17,
  0x10, 0xb8, 0x00, 0x19, 0xd0, 0xb8, 0x00, 0x1a, 0xd0, 0xb8, 0x00, 0x18,
  0x10, 0xb8, 0x00, 0x1b, 0xd0, 0x30, 0x31, 0x01, 0x21, 0x11, 0x21, 0x11,
  0x21, 0x11, 0x21, 0x11, 0x21, 0x11, 0x21, 0x01, 0x21, 0x11, 0x21, 0x11,
  0x21, 0x11, 0x21, 0x11, 0x21, 0x11, 0x21, 0x01, 0x11, 0x21, 0x11, 0x05,
  0x00, 0xff, 0x00, 0xff, 0x00, 0xff, 0x00, 0x01, 0x00, 0x01, 0x00, 0x01,
  0x00, 0x01, 0x00, 0xff, 0x00, 0xfd, 0x00, 0xff, 0x00, 0x01, 0x00, 0x03,
  0x00, 0x01, 0x00, 0xfe, 0x00, 0xff, 0x00, 0x06, 0x00, 0x01, 0x00, 0xff,
  0x00, 0x01, 0x00, 0x01, 0x00, 0xff, 0x00, 0xfa, 0x00, 0xff, 0x00, 0x01,
  0x00, 0x03, 0x00, 0x01, 0x00, 0xff, 0x00, 0xfd, 0x00, 0x03, 0x00, 0xfd,
  0x00, 0x00, 0x00, 0x03, 0x01, 0x00, 0x00, 0x00, 0x06, 0x00, 0x08, 0x00,
  0x00, 0x0f, 0x00, 0x1b, 0x00, 0x1f, 0x01, 0x55, 0xba, 0x00, 0x06, 0x00,
  0x07, 0x00, 0x03, 0x2b, 0xb8, 0x00, 0x06, 0x10, 0xb8, 0x00, 0x04, 0xdc,
  0xb8, 0x00, 0x02, 0xdc, 0xb8, 0x00, 0x00, 0xdc, 0xb8, 0x00, 0x06, 0x10,
  0xb8, 0x00, 0x09, 0xd0, 0xb8, 0x00, 0x05, 0x10, 0xb8, 0x00, 0x0a, 0xd0,
  0xb8, 0x00, 0x04, 0x10, 0xb8, 0x00, 0x0b, 0xd0, 0xb8, 0x00, 0x03, 0x10,
  0xb8, 0x00, 0x0c, 0xd0, 0xb8, 0x00, 0x02, 0x10, 0xb8, 0x00, 0x0d, 0xd0,
  0xb8, 0x00, 0x01, 0x10, 0xb8, 0x00, 0x0e, 0xd0, 0xb8, 0x00, 0x00, 0x10,
  0xb8, 0x00, 0x10, 0xd0, 0xb8, 0x00, 0x02, 0x10, 0xb8, 0x00, 0x11, 0xd0,
  0xb8, 0x00, 0x01, 0x10, 0xb8, 0x00, 0x12, 0xd0, 0xb8, 0x00, 0x07, 0x10,
  0xb8, 0x00, 0x13, 0xd0, 0xb8, 0x00, 0x07, 0x10, 0xb8, 0x00, 0x17, 0xd0,
  0xb8, 0x00, 0x02, 0x10, 0xb8, 0x00, 0x19, 0xd0, 0xb8, 0x00, 0x01, 0x10,
  0xb8, 0x00, 0x1a, 0xd0, 0xb8, 0x00, 0x04, 0x10, 0xb8, 0x00, 0x1c, 0xd0,
  0xb8, 0x00, 0x03, 0x10, 0xb8, 0x00, 0x1d, 0xd0, 0xb8, 0x00, 0x06, 0x10,
  0xb8, 0x00, 0x1e, 0xd0, 0xb8, 0x00, 0x05, 0x10, 0xb8, 0x00, 0x1f, 0xd0,
  0x00, 0xb8, 0x00, 0x00, 0x45, 0x58, 0xb8, 0x00, 0x18, 0x2f, 0x1b, 0xb9,
  0x00, 0x18, 0x00, 0x05, 0x3e, 0x59, 0xb8, 0x00, 0x00, 0x45, 0x58, 0xb8,
  0x00, 0x12, 0x2f, 0x1b, 0xb9, 0x00, 0x12, 0x00, 0x01, 0x3e, 0x59, 0xba,
  0x00, 0x0f, 0x00, 0x00, 0x00, 0x03, 0x2b, 0xb8, 0x00, 0x0f, 0x10, 0xb8,
  0x00, 0x00, 0x10, 0xb8, 0x00, 0x02, 0xdc, 0xb8, 0x00, 0x00, 0x10, 0xb8,
  0x00, 0x04, 0xd0, 0xb8, 0x00, 0x01, 0x10, 0xb8, 0x00, 0x05, 0xd0, 0xb8,
  0x00, 0x02, 0x10, 0xb8, 0x00, 0x06, 0xd0, 0xb8, 0x00, 0x00, 0x10, 0xb8,
  0x00, 0x08, 0xd0, 0xb8, 0x00, 0x01, 0x10, 0xb8, 0x00, 0x09, 0xd0, 0xb8,
  0x00, 0x0f, 0x10, 0xb8, 0x00, 0x0a, 0xd0, 0xb8, 0x00, 0x00, 0x10, 0xb8,
  0x00, 0x0c, 0xd0, 0xb8, 0x00, 0x01, 0x10, 0xb8, 0x00, 0x0d, 0xd0, 0xb8,
  0x00, 0x12, 0x10, 0xb8, 0x00, 0x10, 0xdc, 0xb8, 0x00, 0x14, 0xd0, 0xb8,
  0x00, 0x15, 0xd0, 0xb8, 0x00, 0x18, 0x10, 0xb8, 0x00, 0x16, 0xdc, 0xb8,
  0x00, 0x1a, 0xd0, 0xb8, 0x00, 0x1b, 0xd0, 0xb8, 0x00, 0x15, 0x10, 0xb8,
  0x00, 0x1c, 0xd0, 0xb8, 0x00, 0x1b, 0x10, 0xb8, 0x00, 0x1d, 0xd0, 0xb8,
  0x00, 0x1e, 0xd0, 0xb8, 0x00, 0x1c, 0x10, 0xb8, 0x00, 0x1f, 0xd0, 0x30,
  0x31, 0x01, 0x21, 0x11, 0x21, 0x11, 0x21, 0x11, 0x21, 0x11, 0x21, 0x11,
  0x21, 0x11, 0x21, 0x11, 0x21, 0x11, 0x21, 0x11, 0x21, 0x11, 0x21, 0x11,
  0x21, 0x11, 0x21, 0x11, 0x21, 0x01, 0x11, 0x21, 0x11, 0x06, 0x00, 0xff,
  0x00, 0xff, 0x00, 0xff, 0x00, 0xff, 0x00, 0x01, 0x00, 0x01, 0x00, 0x01,
  0x00, 0x01, 0x00, 0xff, 0x00, 0xfd, 0x00, 0xff, 0x00, 0x01, 0x00, 0x03,
  0x00, 0x01, 0x00, 0xfe, 0x00, 0xff, 0x00, 0x07, 0x00, 0xff, 0x00, 0x01,
  0x00, 0xff, 0x00, 0x01, 0x00, 0x01, 0x00, 0xff, 0x00, 0x01, 0x00, 0xf9,
  0x00, 0xff, 0x00, 0x01, 0x00, 0x03, 0x00, 0x01, 0x00, 0xff, 0x00, 0xfd,
  0x00, 0x03, 0x00, 0xfd, 0x00, 0x00, 0x00, 0x04, 0x01, 0x00, 0x00, 0x00,
  0x06, 0x00, 0x07, 0x00, 0x00, 0x03, 0x00, 0x07, 0x00, 0x13, 0x00, 0x17,
  0x00, 0xc1, 0xba, 0x00, 0x04, 0x00, 0x05, 0x00, 0x03, 0x2b, 0xb8, 0x00,
  0x04, 0x10, 0xba, 0x00, 0x00, 0x00, 0x01, 0x00, 0x03, 0x2b, 0xb8, 0x00,
  0x00, 0x10, 0xb8, 0x00, 0x09, 0xd0, 0xb8, 0x00, 0x05, 0x10, 0xb8, 0x00,
  0x0b, 0xd0, 0xb8, 0x00, 0x05, 0x10, 0xb8, 0x00, 0x0f, 0xd0, 0xb8, 0x00,
  0x00, 0x10, 0xb8, 0x00, 0x11, 0xd0, 0xb8, 0x00, 0x01, 0x10, 0xb8, 0x00,
  0x14, 0xd0, 0xb8, 0x00, 0x04, 0x10, 0xb8, 0x00, 0x16, 0xd0, 0x00, 0xb8,
  0x00, 0x00, 0x45, 0x58, 0xb8, 0x00, 0x10, 0x2f, 0x1b, 0xb9, 0x00, 0x10,
  0x00, 0x05, 0x3e, 0x59, 0xb8, 0x00, 0x00, 0x45, 0x58, 0xb8, 0x00, 0x0a,
  0x2f, 0x1b, 0xb9, 0x00, 0x0a, 0x00, 0x01, 0x3e, 0x59, 0xba, 0x00, 0x03,
  0x00, 0x00, 0x00, 0x03, 0x2b, 0xb8, 0x00, 0x03, 0x10, 0xb8, 0x00, 0x00,
  0x10, 0xb8, 0x00, 0x04, 0xd0, 0xb8, 0x00, 0x03, 0x10, 0xb8, 0x00, 0x06,
  0xd0, 0xb8, 0x00, 0x0a, 0x10, 0xb8, 0x00, 0x08, 0xdc, 0xb8, 0x00, 0x0c,
  0xd0, 0xb8, 0x00, 0x0d, 0xd0, 0xb8, 0x00, 0x10, 0x10, 0xb8, 0x00, 0x0e,
  0xdc, 0xb8, 0x00, 0x12, 0xd0, 0xb8, 0x00, 0x13, 0xd0, 0xb8, 0x00, 0x0d,
  0x10, 0xb8, 0x00, 0x14, 0xd0, 0xb8, 0x00, 0x13, 0x10, 0xb8, 0x00, 0x15,
  0xd0, 0xb8, 0x00, 0x16, 0xd0, 0xb8, 0x00, 0x14, 0x10, 0xb8, 0x00, 0x17,
  0xd0, 0x30, 0x31, 0x01, 0x21, 0x11, 0x21, 0x01, 0x21, 0x11, 0x21, 0x01,
  0x21, 0x11, 0x21, 0x11, 0x21, 0x11, 0x21, 0x11, 0x21, 0x11, 0x21, 0x01,
  0x11, 0x21, 0x11, 0x05, 0x00, 0xff, 0x00, 0x01, 0x00, 0xfe, 0x00, 0xff,
  0x00, 0x01, 0x00, 0x03, 0x00, 0xff, 0x00, 0xfd, 0x00, 0xff, 0x00, 0x01,
  0x00, 0x03, 0x00, 0x01, 0x00, 0xfe, 0x00, 0xff, 0x00, 0x06, 0x00, 0x01,
  0x00, 0xff, 0x00, 0x01, 0x00, 0xfa, 0x00, 0xff, 0x00, 0x01, 0x00, 0x03,
  0x00, 0x01, 0x00, 0xff, 0x00, 0xfd, 0x00, 0x03, 0x00, 0xfd, 0x00, 0x00,
  0x00, 0x03, 0x01, 0x00, 0x00, 0x00, 0x06, 0x00, 0x05, 0x00, 0x00, 0x03,
  0x00, 0x07, 0x00, 0x0b, 0x00, 0x55, 0xba, 0x00, 0x00, 0x00, 0x01, 0x00,
  0x03, 0x2b, 0xb8, 0x00, 0x08, 0xd0, 0xb8, 0x00, 0x01, 0x10, 0xb8, 0x00,
  0x09, 0xd0, 0x00, 0xb8, 0x00, 0x00, 0x45, 0x58, 0xb8, 0x00, 0x02, 0x2f,
  0x1b, 0xb9, 0x00, 0x02, 0x00, 0x05, 0x3e, 0x59, 0xb8, 0x00, 0x00, 0x45,
  0x58, 0xb8, 0x00, 0x08, 0x2f, 0x1b, 0xb9, 0x00, 0x08, 0x00, 0x01, 0x3e,
  0x59, 0xba, 0x00, 0x07, 0x00, 0x04, 0x00, 0x03, 0x2b, 0xb8, 0x00, 0x07,
  0x10, 0xb8, 0x00, 0x02, 0x10, 0xb8, 0x00, 0x00, 0xdc, 0xb8, 0x00, 0x08,
  0x10, 0xb8, 0x00, 0x0a, 0xdc, 0x30, 0x31, 0x01, 0x21, 0x11, 0x21, 0x01,
  0x21, 0x11, 0x21, 0x01, 0x21, 0x11, 0x21, 0x04, 0x00, 0xff, 0x00, 0x01,
  0x00, 0x02, 0x00, 0xfb, 0x00, 0x05, 0x00, 0xfe, 0x00, 0xff, 0x00, 0x01,
  0x00, 0x04, 0x00, 0x01, 0x00, 0xfd, 0x00, 0x01, 0x00, 0xfd, 0x00, 0x01,
  0x00, 0x00, 0x00, 0x03, 0x01, 0x00, 0x00, 0x00, 0x06, 0x00, 0x05, 0x00,
  0x00, 0x0b, 0x00, 0x0f, 0x00, 0x13, 0x00, 0x65, 0x00, 0xb8, 0x00, 0x00,
  0x45, 0x58, 0xb8, 0x00, 0x08, 0x2f, 0x1b, 0xb9, 0x00, 0x08, 0x00, 0x05,
  0x3e, 0x59, 0xb8, 0x00, 0x00, 0x45, 0x58, 0xb8, 0x00, 0x02, 0x2f, 0x1b,
  0xb9, 0x00, 0x02, 0x00, 0x01, 0x3e, 0x59, 0xba, 0x00, 0x0c, 0x00, 0x11,
  0x00, 0x03, 0x2b, 0xb8, 0x00, 0x0c, 0x10, 0xb8, 0x00, 0x02, 0x10, 0xb8,
  0x00, 0x00, 0xdc, 0xb8, 0x00, 0x04, 0xd0, 0xb8, 0x00, 0x05, 0xd0, 0xb8,
  0x00, 0x08, 0x10, 0xb8, 0x00, 0x06, 0xdc, 0xb8, 0x00, 0x0a, 0xd0, 0xb8,
  0x00, 0x0b, 0xd0, 0xb8, 0x00, 0x0d, 0xd0, 0xb8, 0x00, 0x0e, 0xd0, 0xb8,
  0x00, 0x05, 0x10, 0xb8, 0x00, 0x10, 0xd0, 0xb8, 0x00, 0x13, 0xd0, 0x30,
  0x31, 0x01, 0x21, 0x11, 0x21, 0x11, 0x21, 0x11, 0x21, 0x11, 0x21, 0x11,
  0x21, 0x01, 0x11, 0x21, 0x11, 0x01, 0x11, 0x21, 0x11, 0x06, 0x00, 0xff,
  0x00, 0xfd, 0x00, 0xff, 0x00, 0x01, 0x00, 0x03, 0x00, 0x01, 0x00, 0xfe,
  0x00, 0xff, 0x00, 0x01, 0x00, 0xff, 0x00, 0x01, 0x00, 0xff, 0x00, 0x01,
  0x00, 0x03, 0x00, 0x01, 0x00, 0xff, 0x00, 0xff, 0x00, 0x01, 0x00, 0xff,
  0x00, 0xfe, 0x00, 0x01, 0x00, 0xff, 0x00, 0x00, 0x00, 0x02, 0x01, 0x00,
  0x00, 0x00, 0x06, 0x00, 0x08, 0x00, 0x00, 0x07, 0x00, 0x13, 0x00, 0x9e,
  0xba, 0x00, 0x02, 0x00, 0x03, 0x00, 0x03, 0x2b, 0xb8, 0x00, 0x02, 0x10,
  0xba, 0x00, 0x00, 0x00, 0x01, 0x00, 0x03, 0x2b, 0xb8, 0x00, 0x00, 0x10,
  0xb8, 0x00, 0x02, 0x10, 0xb8, 0x00, 0x05, 0xd0, 0xb8, 0x00, 0x03, 0x10,
  0xb8, 0x00, 0x0b, 0xd0, 0xb8, 0x00, 0x02, 0x10, 0xb8, 0x00, 0x0f, 0xd0,
  0xb8, 0x00, 0x00, 0x10, 0xb8, 0x00, 0x11, 0xd0, 0x00, 0xb8, 0x00, 0x00,
  0x45, 0x58, 0xb8, 0x00, 0x0e, 0x2f, 0x1b, 0xb9, 0x00, 0x0e, 0x00, 0x05,
  0x3e, 0x59, 0xb8, 0x00, 0x00, 0x45, 0x58, 0xb8, 0x00, 0x12, 0x2f, 0x1b,
  0xb9, 0x00, 0x12, 0x00, 0x05, 0x3e, 0x59, 0xb8, 0x00, 0x00, 0x45, 0x58,
  0xb8, 0x00, 0x0a, 0x2f, 0x1b, 0xb9, 0x00, 0x0a, 0x00, 0x01, 0x3e, 0x59,
  0xba, 0x00, 0x05, 0x00, 0x02, 0x00, 0x03, 0x2b, 0xb8, 0x00, 0x05, 0x10,
  0xb8, 0x00, 0x02, 0x10, 0xb8, 0x00, 0x07, 0xd0, 0xb8, 0x00, 0x00, 0xdc,
  0xb8, 0x00, 0x0a, 0x10, 0xb8, 0x00, 0x08, 0xdc, 0xb8, 0x00, 0x0c, 0xd0,
  0xb8, 0x00, 0x0d, 0xd0, 0xb8, 0x00, 0x10, 0xd0, 0xb8, 0x00, 0x11, 0xd0,
  0x30, 0x31, 0x01, 0x21, 0x11, 0x21, 0x11, 0x21, 0x11, 0x21, 0x01, 0x21,
  0x11, 0x21, 0x11, 0x21, 0x11, 0x21, 0x11, 0x21, 0x11, 0x21, 0x04, 0x00,
  0xff, 0x00, 0xff, 0x00, 0x01, 0x00, 0x01, 0x00, 0x02, 0x00, 0xff, 0x00,
  0xfd, 0x00, 0xff, 0x00, 0x02, 0x00, 0x01, 0x00, 0x02, 0x00, 0x06, 0x00,
  0x01, 0x00, 0x01, 0x00, 0xff, 0x00, 0xfa, 0x00, 0xff, 0x00, 0x01, 0x00,
  0x04, 0x00, 0xfc, 0x00, 0x04, 0x00, 0x00, 0x02, 0x01, 0x00, 0x00, 0x00,
  0x06, 0x00, 0x08, 0x00, 0x00, 0x07, 0x00, 0x13, 0x00, 0xaa, 0xba, 0x00,
  0x02, 0x00, 0x03, 0x00, 0x03, 0x2b, 0xb8, 0x00, 0x02, 0x10, 0xba, 0x00,
  0x00, 0x00, 0x01, 0x00, 0x03, 0x2b, 0xb8, 0x00, 0x00, 0x10, 0xb8, 0x00,
  0x02, 0x10, 0xb8, 0x00, 0x05, 0xd0, 0xb8, 0x00, 0x00, 0x10, 0xb8, 0x00,
  0x09, 0xd0, 0xb8, 0x00, 0x03, 0x10, 0xb8, 0x00, 0x0f, 0xd0, 0xb8, 0x00,
  0x02, 0x10, 0xb8, 0x00, 0x11, 0xd0, 0x00, 0xb8, 0x00, 0x00, 0x45, 0x58,
  0xb8, 0x00, 0x0e, 0x2f, 0x1b, 0xb9, 0x00, 0x0e, 0x00, 0x05, 0x3e, 0x59,
  0xb8, 0x00, 0x00, 0x45, 0x58, 0xb8, 0x00, 0x12, 0x2f, 0x1b, 0xb9, 0x00,
  0x12, 0x00, 0x05, 0x3e, 0x59, 0xb8, 0x00, 0x00, 0x45, 0x58, 0xb8, 0x00,
  0x0a, 0x2f, 0x1b, 0xb9, 0x00, 0x0a, 0x00, 0x01, 0x3e, 0x59, 0xba, 0x00,
  0x07, 0x00, 0x00, 0x00, 0x03, 0x2b, 0xb8, 0x00, 0x07, 0x10, 0xb8, 0x00,
  0x00, 0x10, 0xb8, 0x00, 0x02, 0xdc, 0xb8, 0x00, 0x00, 0x10, 0xb8, 0x00,
  0x04, 0xd0, 0xb8, 0x00, 0x01, 0x10, 0xb8, 0x00, 0x05, 0xd0, 0xb8, 0x00,
  0x0a, 0x10, 0xb8, 0x00, 0x08, 0xdc, 0xb8, 0x00, 0x0c, 0xd0, 0xb8, 0x00,
  0x0d, 0xd0, 0xb8, 0x00, 0x10, 0xd0, 0xb8, 0x00, 0x11, 0xd0, 0x30, 0x31,
  0x01, 0x21, 0x11, 0x21, 0x11, 0x21, 0x11, 0x21, 0x01, 0x21, 0x11, 0x21,
  0x11, 0x21, 0x11, 0x21, 0x11, 0x21, 0x11, 0x21, 0x05, 0x00, 0xff, 0x00,
  0xff, 0x00, 0x01, 0x00, 0x01, 0x00, 0x01, 0x00, 0xff, 0x00, 0xfd, 0x00,
  0xff, 0x00, 0x02, 0x00, 0x01, 0x00, 0x02, 0x00, 0x07, 0x00, 0xff, 0x00,
  0x01, 0x00, 0x01, 0x00, 0xf9, 0x00, 0xff, 0x00, 0x01, 0x00, 0x04, 0x00,
  0xfc, 0x00, 0x04, 0x00, 0x00, 0x02, 0x01, 0x00, 0x00, 0x00, 0x06, 0x00,
  0x08, 0x00, 0x00, 0x0b, 0x00, 0x17, 0x01, 0x58, 0xba, 0x00, 0x04, 0x00,
  0x05, 0x00, 0x03, 0x2b, 0xb8, 0x00, 0x04, 0x10, 0xb8, 0x00, 0x03, 0xdc,
  0x41, 0x21, 0x00, 0x00, 0x00, 0x03, 0x00, 0x10, 0x00, 0x03, 0x00, 0x20,
  0x00, 0x03, 0x00, 0x30, 0x00, 0x03, 0x00, 0x40, 0x00, 0x03, 0x00, 0x50,
  0x00, 0x03, 0x00, 0x60, 0x00, 0x03, 0x00, 0x70, 0x00, 0x03, 0x00, 0x80,
  0x00, 0x03, 0x00, 0x90, 0x00, 0x03, 0x00, 0xa0, 0x00, 0x03, 0x00, 0xb0,
  0x00, 0x03, 0x00, 0xc0, 0x00, 0x03, 0x00, 0xd0, 0x00, 0x03, 0x00, 0xe0,
  0x00, 0x03, 0x00, 0xf0, 0x00, 0x03, 0x00, 0x10, 0x5d, 0xb8, 0x00, 0x02,
  0xdc, 0xb8, 0x00, 0x01, 0xdc, 0x41, 0x21, 0x00, 0x00, 0x00, 0x01, 0x00,
  0x10, 0x00, 0x01, 0x00, 0x20, 0x00, 0x01, 0x00, 0x30, 0x00, 0x01, 0x00,
  0x40, 0x00, 0x01, 0x00, 0x50, 0x00, 0x01, 0x00, 0x60, 0x00, 0x01, 0x00,
  0x70, 0x00, 0x01, 0x00, 0x80, 0x00, 0x01, 0x00, 0x90, 0x00, 0x01, 0x00,
  0xa0, 0x00, 0x01, 0x00, 0xb0, 0x00, 0x01, 0x00, 0xc0, 0x00, 0x01, 0x00,
  0xd0, 0x00, 0x01, 0x00, 0xe0, 0x00, 0x01, 0x00, 0xf0, 0x00, 0x01, 0x00,
  0x10, 0x5d, 0xb8, 0x00, 0x00, 0xdc, 0xb8, 0x00, 0x04, 0x10, 0xb8, 0x00,
  0x07, 0xd0, 0xb8, 0x00, 0x02, 0x10, 0xb8, 0x00, 0x0a, 0xd0, 0xb8, 0x00,
  0x00, 0x10, 0xb8, 0x00, 0x0d, 0xd0, 0xb8, 0x00, 0x05, 0x10, 0xb8, 0x00,
  0x0f, 0xd0, 0xb8, 0x00, 0x04, 0x10, 0xb8, 0x00, 0x13, 0xd0, 0xb8, 0x00,
  0x02, 0x10, 0xb8, 0x00, 0x15, 0xd0, 0xb8, 0x00, 0x00, 0x10, 0xb8, 0x00,
  0x19, 0xdc, 0x00, 0xb8, 0x00, 0x00, 0x45, 0x58, 0xb8, 0x00, 0x12, 0x2f,
  0x1b, 0xb9, 0x00, 0x12, 0x00, 0x05, 0x3e, 0x59, 0xb8, 0x00, 0x00, 0x45,
  0x58, 0xb8, 0x00, 0x16, 0x2f, 0x1b, 0xb9, 0x00, 0x16, 0x00, 0x05, 0x3e,
  0x59, 0xb8, 0x00, 0x00, 0x45, 0x58, 0xb8, 0x00, 0x0e, 0x2f, 0x1b, 0xb9,
  0x00, 0x0e, 0x00, 0x01, 0x3e, 0x59, 0xba, 0x00, 0x09, 0x00, 0x02, 0x00,
  0x03, 0x2b, 0xb8, 0x00, 0x09, 0x10, 0xb8, 0x00, 0x02, 0x10, 0xb8, 0x00,
  0x0b, 0xd0, 0xb8, 0x00, 0x00, 0xdc, 0xb8, 0x00, 0x04, 0xd0, 0xb8, 0x00,
  0x02, 0x10, 0xb8, 0x00, 0x06, 0xd0, 0xb8, 0x00, 0x0b, 0x10, 0xb8, 0x00,
  0x07, 0xd0, 0xb8, 0x00, 0x0e, 0x10, 0xb8, 0x00, 0x0c, 0xdc, 0xb8, 0x00,
  0x10, 0xd0, 0xb8, 0x00, 0x11, 0xd0, 0xb8, 0x00, 0x14, 0xd0, 0xb8, 0x00,
  0x15, 0xd0, 0x30, 0x31, 0x01, 0x21, 0x11, 0x21, 0x11, 0x21, 0x11, 0x21,
  0x11, 0x21, 0x11, 0x21, 0x01, 0x21, 0x11, 0x21, 0x11, 0x21, 0x11, 0x21,
  0x11, 0x21, 0x11, 0x21, 0x05, 0x00, 0xff, 0x00, 0xff, 0x00, 0xff, 0x00,
  0x01, 0x00, 0x01, 0x00, 0x01, 0x00, 0x01, 0x00, 0xff, 0x00, 0xfd, 0x00,
  0xff, 0x00, 0x02, 0x00, 0x01, 0x00, 0x02, 0x00, 0x06, 0x00, 0x01, 0x00,
  0xff, 0x00, 0x01, 0x00, 0x01, 0x00, 0xff, 0x00, 0xfa, 0x00, 0xff, 0x00,
  0x01, 0x00, 0x04, 0x00, 0xfc, 0x00, 0x04, 0x00, 0x00, 0x03, 0x01, 0x00,
  0x00, 0x00, 0x06, 0x00, 0x07, 0x00, 0x00, 0x03, 0x00, 0x07, 0x00, 0x13,
  0x00, 0x9e, 0xba, 0x00, 0x04, 0x00, 0x05, 0x00, 0x03, 0x2b, 0xb8, 0x00,
  0x04, 0x10, 0xba, 0x00, 0x00, 0x00, 0x01, 0x00, 0x03, 0x2b, 0xb8, 0x00,
  0x00, 0x10, 0xb8, 0x00, 0x09, 0xd0, 0xb8, 0x00, 0x05, 0x10, 0xb8, 0x00,
  0x0b, 0xd0, 0xb8, 0x00, 0x04, 0x10, 0xb8, 0x00, 0x0f, 0xd0, 0xb8, 0x00,
  0x01, 0x10, 0xb8, 0x00, 0x11, 0xd0, 0x00, 0xb8, 0x00, 0x00, 0x45, 0x58,
  0xb8, 0x00, 0x0e, 0x2f, 0x1b, 0xb9, 0x00, 0x0e, 0x00, 0x05, 0x3e, 0x59,
  0xb8, 0x00, 0x00, 0x45, 0x58, 0xb8, 0x00, 0x12, 0x2f, 0x1b, 0xb9, 0x00,
  0x12, 0x00, 0x05, 0x3e, 0x59, 0xb8, 0x00, 0x00, 0x45, 0x58, 0xb8, 0x00,
  0x0a, 0x2f, 0x1b, 0xb9, 0x00, 0x0a, 0x00, 0x01, 0x3e, 0x59, 0xba, 0x00,
  0x03, 0x00, 0x00, 0x00, 0x03, 0x2b, 0xb8, 0x00, 0x03, 0x10, 0xb8, 0x00,
  0x00, 0x10, 0xb8, 0x00, 0x04, 0xd0, 0xb8, 0x00, 0x03, 0x10, 0xb8, 0x00,
  0x06, 0xd0, 0xb8, 0x00, 0x0a, 0x10, 0xb8, 0x00, 0x08, 0xdc, 0xb8, 0x00,
  0x0c, 0xd0, 0xb8, 0x00, 0x0d, 0xd0, 0xb8, 0x00, 0x10, 0xd0, 0xb8, 0x00,
  0x11, 0xd0, 0x30, 0x31, 0x01, 0x21, 0x11, 0x21, 0x01, 0x21, 0x11, 0x21,
  0x01, 0x21, 0x11, 0x21, 0x11, 0x21, 0x11, 0x21, 0x11, 0x21, 0x11, 0x21,
  0x05, 0x00, 0xff, 0x00, 0x01, 0x00, 0xfe, 0x00, 0xff, 0x00, 0x01, 0x00,
  0x03, 0x00, 0xff, 0x00, 0xfd, 0x00, 0xff, 0x00, 0x02, 0x00, 0x01, 0x00,
  0x02, 0x00, 0x06, 0x00, 0x01, 0x00, 0xff, 0x00, 0x01, 0x00, 0xfa, 0x00,
  0xff, 0x00, 0x01, 0x00, 0x04, 0x00, 0xfc, 0x00, 0x04, 0x00, 0x00, 0x02,
  0x01, 0x00, 0x00, 0x00, 0x06, 0x00, 0x08, 0x00, 0x00, 0x07, 0x00, 0x15,
  0x00, 0x9a, 0xba, 0x00, 0x02, 0x00, 0x03, 0x00, 0x03, 0x2b, 0xb8, 0x00,
  0x02, 0x10, 0xba, 0x00, 0x00, 0x00, 0x01, 0x00, 0x03, 0x2b, 0xb8, 0x00,
  0x00, 0x10, 0xb8, 0x00, 0x02, 0x10, 0xb8, 0x00, 0x05, 0xd0, 0xb8, 0x00,
  0x00, 0x10, 0xb8, 0x00, 0x09, 0xd0, 0xb8, 0x00, 0x03, 0x10, 0xb8, 0x00,
  0x0b, 0xd0, 0xb8, 0x00, 0x03, 0x10, 0xb8, 0x00, 0x11, 0xd0, 0xb8, 0x00,
  0x02, 0x10, 0xb8, 0x00, 0x13, 0xd0, 0x00, 0xb8, 0x00, 0x00, 0x45, 0x58,
  0xb8, 0x00, 0x10, 0x2f, 0x1b, 0xb9, 0x00, 0x10, 0x00, 0x05, 0x3e, 0x59,
  0xb8, 0x00, 0x00, 0x45, 0x58, 0xb8, 0x00, 0x14, 0x2f, 0x1b, 0xb9, 0x00,
  0x14, 0x00, 0x05, 0x3e, 0x59, 0xb8, 0x00, 0x00, 0x45, 0x58, 0xb8, 0x00,
  0x0a, 0x2f, 0x1b, 0xb9, 0x00, 0x0a, 0x00, 0x01, 0x3e, 0x59, 0xba, 0x00,
  0x07, 0x00, 0x00, 0x00, 0x03, 0x2b, 0xb8, 0x00, 0x07, 0x10, 0xb8, 0x00,
  0x00, 0x10, 0xb8, 0x00, 0x02, 0xdc, 0xb8, 0x00, 0x00, 0x10, 0xb8, 0x00,
  0x04, 0xd0, 0xb8, 0x00, 0x01, 0x10, 0xb8, 0x00, 0x05, 0xd0, 0x30, 0x31,
  0x01, 0x21, 0x11, 0x21, 0x11, 0x21, 0x11, 0x21, 0x01, 0x21, 0x11, 0x21,
  0x11, 0x21, 0x11, 0x21, 0x11, 0x21, 0x11, 0x21, 0x11, 0x21, 0x05, 0x00,
  0xff, 0x00, 0xff, 0x00, 0x01, 0x00, 0x01, 0x00, 0x01, 0x00, 0xff, 0x00,
  0xfe, 0x00, 0xff, 0x00, 0xff, 0x00, 0x02, 0x00, 0x01, 0x00, 0x02, 0x00,
  0x07, 0x00, 0xff, 0x00, 0x01, 0x00, 0x01, 0x00, 0xfa, 0x00, 0xfe, 0x00,
  0x02, 0x00, 0x01, 0x00, 0x02, 0x00, 0xfe, 0x00, 0x02, 0x00, 0x00, 0x02,
  0x01, 0x00, 0x00, 0x00, 0x06, 0x00, 0x05, 0x00, 0x00, 0x0b, 0x00, 0x0f,
  0x00, 0x65, 0x00, 0xb8, 0x00, 0x00, 0x45, 0x58, 0xb8, 0x00, 0x06, 0x2f,
  0x1b, 0xb9, 0x00, 0x06, 0x00, 0x05, 0x3e, 0x59, 0xb8, 0x00, 0x00, 0x45,
  0x58, 0xb8, 0x00, 0x04, 0x2f, 0x1b, 0xb9, 0x00, 0x04, 0x00, 0x01, 0x3e,
  0x59, 0xba, 0x00, 0x01, 0x00, 0x02, 0x00, 0x03, 0x2b, 0xb8, 0x00, 0x01,
  0x10, 0xba, 0x00, 0x09, 0x00, 0x0a, 0x00, 0x03, 0x2b, 0xb8, 0x00, 0x09,
  0x10, 0xb8, 0x00, 0x01, 0x10, 0xb8, 0x00, 0x0b, 0xdc, 0xb8, 0x00, 0x01,
  0x10, 0xb8, 0x00, 0x0c, 0xd0, 0xb8, 0x00, 0x0a, 0x10, 0xb8, 0x00, 0x0d,
  0xd0, 0xb8, 0x00, 0x0b, 0x10, 0xb8, 0x00, 0x0e, 0xd0, 0xb8, 0x00, 0x00,
  0x10, 0xb8, 0x00, 0x0f, 0xd0, 0x30, 0x31, 0x01, 0x21, 0x11, 0x21, 0x11,
  0x21, 0x11, 0x21, 0x11, 0x21, 0x11, 0x21, 0x01, 0x11, 0x21, 0x11, 0x06,
  0x00, 0xff, 0x00, 0xfe, 0x00, 0xfe, 0x00, 0x02, 0x00, 0x02, 0x00, 0x01,
  0x00, 0xfe, 0x00, 0xff, 0x00, 0x02, 0x00, 0xff, 0x00, 0xff, 0x00, 0x05,
  0x00, 0xff, 0x00, 0xff, 0x00, 0xff, 0x00, 0x01, 0x00, 0xff, 0x00, 0x00,
  0x00, 0x03, 0x01, 0x00, 0x00, 0x00, 0x06, 0x00, 0x07, 0x00, 0x00, 0x03,
  0x00, 0x07, 0x00, 0x15, 0x00, 0x8e, 0xba, 0x00, 0x04, 0x00, 0x05, 0x00,
  0x03, 0x2b, 0xb8, 0x00, 0x04, 0x10, 0xba, 0x00, 0x00, 0x00, 0x01, 0x00,
  0x03, 0x2b, 0xb8, 0x00, 0x00, 0x10, 0xb8, 0x00, 0x09, 0xd0, 0xb8, 0x00,
  0x04, 0x10, 0xb8, 0x00, 0x0b, 0xd0, 0xb8, 0x00, 0x05, 0x10, 0xb8, 0x00,
  0x0d, 0xd0, 0xb8, 0x00, 0x04, 0x10, 0xb8, 0x00, 0x11, 0xd0, 0xb8, 0x00,
  0x01, 0x10, 0xb8, 0x00, 0x13, 0xd0, 0x00, 0xb8, 0x00, 0x00, 0x45, 0x58,
  0xb8, 0x00, 0x10, 0x2f, 0x1b, 0xb9, 0x00, 0x10, 0x00, 0x05, 0x3e, 0x59,
  0xb8, 0x00, 0x00, 0x45, 0x58, 0xb8, 0x00, 0x14, 0x2f, 0x1b, 0xb9, 0x00,
  0x14, 0x00, 0x05, 0x3e, 0x59, 0xb8, 0x00, 0x00, 0x45, 0x58, 0xb8, 0x00,
  0x0a, 0x2f, 0x1b, 0xb9, 0x00, 0x0a, 0x00, 0x01, 0x3e, 0x59, 0xba, 0x00,
  0x03, 0x00, 0x00, 0x00, 0x03, 0x2b, 0xb8, 0x00, 0x03, 0x10, 0xb8, 0x00,
  0x00, 0x10, 0xb8, 0x00, 0x04, 0xd0, 0xb8, 0x00, 0x03, 0x10, 0xb8, 0x00,
  0x06, 0xd0, 0x30, 0x31, 0x01, 0x21, 0x11, 0x21, 0x01, 0x21, 0x11, 0x21,
  0x01, 0x21, 0x11, 0x21, 0x11, 0x21, 0x11, 0x21, 0x11, 0x21, 0x11, 0x21,
  0x11, 0x21, 0x05, 0x00, 0xff, 0x00, 0x01, 0x00, 0xfe, 0x00, 0xff, 0x00,
  0x01, 0x00, 0x03, 0x00, 0xff, 0x00, 0xfe, 0x00, 0xff, 0x00, 0xff, 0x00,
  0x02, 0x00, 0x01, 0x00, 0x02, 0x00, 0x06, 0x00, 0x01, 0x00, 0xff, 0x00,
  0x01, 0x00, 0xfb, 0x00, 0xfe, 0x00, 0x02, 0x00, 0x01, 0x00, 0x02, 0x00,
  0xfe, 0x00, 0x02, 0x00, 0x00, 0x00, 0x00, 0x1b, 0x00, 0x00, 0x00, 0xc8,
  0x09, 0x08, 0x05, 0x00, 0x05, 0x08, 0x05, 0x06, 0x08, 0x08, 0x07, 0x08,
  0x03, 0x06, 0x06, 0x08, 0x08, 0x05, 0x08, 0x03, 0x05, 0x08, 0x06, 0x08,
  0x08, 0x08, 0x08, 0x08, 0x08, 0x08, 0x08, 0x03, 0x05, 0x05, 0x08, 0x05,
  0x07, 0x08, 0x08, 0x08, 0x08, 0x08, 0x08, 0x08, 0x08, 0x08, 0x07, 0x08,
  0x08, 0x08, 0x08, 0x08, 0x08, 0x08, 0x08, 0x08, 0x08, 0x07, 0x08, 0x08,
  0x08, 0x08, 0x08, 0x08, 0x06, 0x05, 0x06, 0x05, 0x08, 0x05, 0x08, 0x08,
  0x08, 0x08, 0x08, 0x08, 0x08, 0x08, 0x07, 0x08, 0x08, 0x08, 0x08, 0x08,
  0x08, 0x08, 0x08, 0x08, 0x08, 0x07, 0x08, 0x08, 0x08, 0x08, 0x08, 0x08,
  0x07, 0x03, 0x07, 0x07, 0x08, 0x05, 0x07, 0x07, 0x06, 0x06, 0x05, 0x08,
  0x07, 0x05, 0x08, 0x05, 0x05, 0x07, 0x07, 0x08, 0x06, 0x08, 0x07, 0x07,
  0x05, 0x08, 0x08, 0x08, 0x05, 0x08, 0x08, 0x03, 0x06, 0x07, 0x08, 0x06,
  0x05, 0x08, 0x05, 0x03, 0x07, 0x07, 0x08, 0x08, 0x07, 0x08, 0x08, 0x07,
  0x08, 0x08, 0x08, 0x07, 0x08, 0x07, 0x07, 0x06, 0x07, 0x08, 0x08, 0x08,
  0x07, 0x08, 0x08, 0x05, 0x08, 0x08, 0x08, 0x07, 0x08, 0x08, 0x08, 0x08,
  0x08, 0x08, 0x07, 0x08, 0x08, 0x07, 0x08, 0x08, 0x08, 0x07, 0x08, 0x07,
  0x07, 0x06, 0x07, 0x08, 0x08, 0x08, 0x07, 0x08, 0x08, 0x08, 0x08, 0x08,
  0x08, 0x07, 0x08, 0x08, 0x08, 0x08, 0x00, 0x00, 0x0a, 0x09, 0x05, 0x00,
  0x05, 0x09, 0x05, 0x06, 0x09, 0x09, 0x09, 0x09, 0x04, 0x06, 0x06, 0x09,
  0x09, 0x05, 0x09, 0x04, 0x05, 0x09, 0x06, 0x09, 0x09, 0x09, 0x09, 0x09,
  0x09, 0x09, 0x09, 0x04, 0x05, 0x05, 0x09, 0x05, 0x08, 0x09, 0x09, 0x09,
  0x09, 0x09, 0x09, 0x09, 0x09, 0x09, 0x08, 0x09, 0x09, 0x09, 0x09, 0x09,
  0x09, 0x09, 0x09, 0x09, 0x09, 0x08, 0x09, 0x09, 0x09, 0x09, 0x09, 0x09,
  0x06, 0x05, 0x06, 0x05, 0x09, 0x05, 0x09, 0x09, 0x09, 0x09, 0x09, 0x09,
  0x09, 0x09, 0x08, 0x09, 0x09, 0x09, 0x09, 0x09, 0x09, 0x09, 0x09, 0x09,
  0x09, 0x08, 0x09, 0x09, 0x09, 0x09, 0x09, 0x09, 0x08, 0x04, 0x08, 0x08,
  0x09, 0x05, 0x08, 0x09, 0x06, 0x06, 0x05, 0x09, 0x09, 0x05, 0x09, 0x05,
  0x05, 0x08, 0x08, 0x09, 0x06, 0x09, 0x08, 0x09, 0x05, 0x09, 0x09, 0x09,
  0x05, 0x09, 0x09, 0x04, 0x06, 0x08, 0x09, 0x06, 0x05, 0x09, 0x05, 0x04,
  0x08, 0x08, 0x09, 0x09, 0x09, 0x09, 0x09, 0x09, 0x09, 0x09, 0x09, 0x09,
  0x09, 0x08, 0x08, 0x07, 0x08, 0x09, 0x09, 0x09, 0x09, 0x09, 0x09, 0x05,
  0x09, 0x09, 0x09, 0x09, 0x09, 0x09, 0x09, 0x09, 0x09, 0x09, 0x09, 0x09,
  0x09, 0x09, 0x09, 0x09, 0x09, 0x09, 0x09, 0x08, 0x08, 0x07, 0x08, 0x09,
  0x09, 0x09, 0x09, 0x09, 0x09, 0x09, 0x09, 0x09, 0x09, 0x09, 0x09, 0x09,
  0x09, 0x09, 0x00, 0x00, 0x0b, 0x0a, 0x06, 0x00, 0x06, 0x0a, 0x06, 0x07,
  0x0a, 0x0a, 0x09, 0x0a, 0x04, 0x07, 0x07, 0x0a, 0x0a, 0x06, 0x0a, 0x04,
  0x06, 0x0a, 0x07, 0x0a, 0x0a, 0x0a, 0x0a, 0x0a, 0x0a, 0x0a, 0x0a, 0x04,
  0x06, 0x06, 0x0a, 0x06, 0x08, 0x0a, 0x0a, 0x0a, 0x0a, 0x0a, 0x0a, 0x0a,
  0x0a, 0x0a, 0x08, 0x0a, 0x0a, 0x0a, 0x0a, 0x0a, 0x0a, 0x0a, 0x0a, 0x0a,
  0x0a, 0x08, 0x0a, 0x0a, 0x0a, 0x0a, 0x0a, 0x0a, 0x07, 0x06, 0x07, 0x06,
  0x0a, 0x06, 0x0a, 0x0a, 0x0a, 0x0a, 0x0a, 0x0a, 0x0a, 0x0a, 0x08, 0x0a,
  0x0a, 0x0a, 0x0a, 0x0a, 0x0a, 0x0a, 0x0a, 0x0a, 0x0a, 0x08, 0x0a, 0x0a,
  0x0a, 0x0a, 0x0a, 0x0a, 0x08, 0x04, 0x08, 0x08, 0x0a, 0x06, 0x08, 0x0a,
  0x07, 0x07, 0x06, 0x0a, 0x09, 0x06, 0x0a, 0x06, 0x06, 0x08, 0x08, 0x0a,
  0x07, 0x0a, 0x08, 0x09, 0x06, 0x0a, 0x0a, 0x0a, 0x06, 0x0a, 0x0a, 0x04,
  0x07, 0x08, 0x0a, 0x07, 0x06, 0x0a, 0x06, 0x04, 0x08, 0x08, 0x0a, 0x0a,
  0x09, 0x0a, 0x0a, 0x09, 0x0a, 0x0a, 0x0a, 0x09, 0x0a, 0x08, 0x08, 0x07,
  0x08, 0x0a, 0x0a, 0x0a, 0x09, 0x0a, 0x0a, 0x06, 0x0a, 0x0a, 0x0a, 0x09,
  0x0a, 0x0a, 0x0a, 0x0a, 0x0a, 0x0a, 0x09, 0x0a, 0x0a, 0x09, 0x0a, 0x0a,
  0x0a, 0x09, 0x0a, 0x08, 0x08, 0x07, 0x08, 0x0a, 0x0a, 0x0a, 0x09, 0x0a,
  0x0a, 0x0a, 0x0a, 0x0a, 0x0a, 0x09, 0x0a, 0x0a, 0x0a, 0x0a, 0x00, 0x00,
  0x0c, 0x0c, 0x06, 0x00, 0x06, 0x0b, 0x06, 0x08, 0x0b, 0x0b, 0x0c, 0x0b,
  0x05, 0x08, 0x08, 0x0b, 0x0b, 0x06, 0x0b, 0x05, 0x09, 0x0b, 0x08, 0x0b,
  0x0b, 0x0b, 0x0b, 0x0b, 0x0b, 0x0b, 0x0b, 0x05, 0x06, 0x09, 0x0b, 0x09,
  0x09, 0x0b, 0x0b, 0x0b, 0x0b, 0x0b, 0x0b, 0x0b, 0x0b, 0x0b, 0x09, 0x0b,
  0x0b, 0x0b, 0x0b, 0x0b, 0x0b, 0x0b, 0x0b, 0x0b, 0x0b, 0x09, 0x0b, 0x0b,
  0x0b, 0x0b, 0x0b, 0x0b, 0x08, 0x09, 0x08, 0x09, 0x0b, 0x06, 0x0b, 0x0b,
  0x0b, 0x0b, 0x0b, 0x0b, 0x0b, 0x0b, 0x09, 0x0b, 0x0b, 0x0b, 0x0b, 0x0b,
  0x0b, 0x0b, 0x0b, 0x0b, 0x0b, 0x09, 0x0b, 0x0b, 0x0b, 0x0b, 0x0b, 0x0b,
  0x09, 0x05, 0x09, 0x09, 0x0b, 0x06, 0x09, 0x0b, 0x08, 0x08, 0x09, 0x0b,
  0x0c, 0x06, 0x0b, 0x06, 0x06, 0x09, 0x09, 0x0b, 0x08, 0x0b, 0x09, 0x0c,
  0x06, 0x0b, 0x0b, 0x0b, 0x06, 0x0b, 0x0b, 0x05, 0x08, 0x09, 0x0b, 0x08,
  0x09, 0x0b, 0x06, 0x05, 0x09, 0x09, 0x0b, 0x0b, 0x0c, 0x0b, 0x0b, 0x0c,
  0x0b, 0x0b, 0x0b, 0x0c, 0x0b, 0x09, 0x09, 0x0b, 0x09, 0x0b, 0x0b, 0x0b,
  0x0c, 0x0b, 0x0b, 0x09, 0x0b, 0x0b, 0x0b, 0x0c, 0x0b, 0x0b, 0x0b, 0x0b,
  0x0b, 0x0b, 0x0c, 0x0b, 0x0b, 0x0c, 0x0b, 0x0b, 0x0b, 0x0c, 0x0b, 0x09,
  0x09, 0x0b, 0x09, 0x0b, 0x0b, 0x0b, 0x0c, 0x0b, 0x0b, 0x0b, 0x0b, 0x0b,
  0x0b, 0x0c, 0x0b, 0x0b, 0x0b, 0x0b, 0x00, 0x00, 0x0d, 0x0c, 0x07, 0x00,
  0x07, 0x0b, 0x07, 0x08, 0x0b, 0x0b, 0x0c, 0x0b, 0x05, 0x08, 0x08, 0x0b,
  0x0b, 0x07, 0x0b, 0x05, 0x09, 0x0b, 0x08, 0x0b, 0x0b, 0x0b, 0x0b, 0x0b,
  0x0b, 0x0b, 0x0b, 0x05, 0x07, 0x09, 0x0b, 0x09, 0x0a, 0x0b, 0x0b, 0x0b,
  0x0b, 0x0b, 0x0b, 0x0b, 0x0b, 0x0b, 0x0a, 0x0b, 0x0b, 0x0b, 0x0b, 0x0b,
  0x0b, 0x0b, 0x0b, 0x0b, 0x0b, 0x0a, 0x0b, 0x0b, 0x0b, 0x0b, 0x0b, 0x0b,
  0x08, 0x09, 0x08, 0x09, 0x0b, 0x07, 0x0b, 0x0b, 0x0b, 0x0b, 0x0b, 0x0b,
  0x0b, 0x0b, 0x0a, 0x0b, 0x0b, 0x0b, 0x0b, 0x0b, 0x0b, 0x0b, 0x0b, 0x0b,
  0x0b, 0x0a, 0x0b, 0x0b, 0x0b, 0x0b, 0x0b, 0x0b, 0x0a, 0x05, 0x0a, 0x0a,
  0x0b, 0x07, 0x0a, 0x0b, 0x08, 0x08, 0x09, 0x0b, 0x0c, 0x07, 0x0b, 0x07,
  0x07, 0x0a, 0x0a, 0x0b, 0x08, 0x0b, 0x0a, 0x0c, 0x07, 0x0b, 0x0b, 0x0b,
  0x07, 0x0b, 0x0b, 0x05, 0x08, 0x0a, 0x0b, 0x08, 0x09, 0x0b, 0x07, 0x05,
  0x0a, 0x0a, 0x0b, 0x0b, 0x0c, 0x0b, 0x0b, 0x0c, 0x0b, 0x0b, 0x0b, 0x0c,
  0x0b, 0x0a, 0x0a, 0x0b, 0x0a, 0x0b, 0x0b, 0x0b, 0x0c, 0x0b, 0x0b, 0x09,
  0x0b, 0x0b, 0x0b, 0x0c, 0x0b, 0x0b, 0x0b, 0x0b, 0x0b, 0x0b, 0x0c, 0x0b,
  0x0b, 0x0c, 0x0b, 0x0b, 0x0b, 0x0c, 0x0b, 0x0a, 0x0a, 0x0b, 0x0a, 0x0b,
  0x0b, 0x0b, 0x0c, 0x0b, 0x0b, 0x0b, 0x0b, 0x0b, 0x0b, 0x0c, 0x0b, 0x0b,
  0x0b, 0x0b, 0x00, 0x00, 0x0f, 0x0e, 0x08, 0x00, 0x08, 0x0d, 0x08, 0x09,
  0x0d, 0x0d, 0x0e, 0x0d, 0x06, 0x09, 0x09, 0x0d, 0x0d, 0x08, 0x0d, 0x06,
  0x0a, 0x0d, 0x09, 0x0d, 0x0d, 0x0d, 0x0d, 0x0d, 0x0d, 0x0d, 0x0d, 0x06,
  0x08, 0x0a, 0x0d, 0x0a, 0x0b, 0x0d, 0x0d, 0x0d, 0x0d, 0x0d, 0x0d, 0x0d,
  0x0d, 0x0d, 0x0b, 0x0d, 0x0d, 0x0d, 0x0d, 0x0d, 0x0d, 0x0d, 0x0d, 0x0d,
  0x0d, 0x0b, 0x0d, 0x0d, 0x0d, 0x0d, 0x0d, 0x0d, 0x09, 0x0a, 0x09, 0x0a,
  0x0d, 0x08, 0x0d, 0x0d, 0x0d, 0x0d, 0x0d, 0x0d, 0x0d, 0x0d, 0x0b, 0x0d,
  0x0d, 0x0d, 0x0d, 0x0d, 0x0d, 0x0d, 0x0d, 0x0d, 0x0d, 0x0b, 0x0d, 0x0d,
  0x0d, 0x0d, 0x0d, 0x0d, 0x0b, 0x06, 0x0b, 0x0b, 0x0d, 0x08, 0x0b, 0x0e,
  0x09, 0x09, 0x0a, 0x0d, 0x0e, 0x08, 0x0d, 0x08, 0x08, 0x0b, 0x0b, 0x0d,
  0x09, 0x0d, 0x0b, 0x0e, 0x08, 0x0d, 0x0d, 0x0d, 0x08, 0x0d, 0x0d, 0x06,
  0x09, 0x0b, 0x0d, 0x09, 0x0a, 0x0d, 0x08, 0x06, 0x0b, 0x0b, 0x0d, 0x0d,
  0x0e, 0x0d, 0x0d, 0x0e, 0x0d, 0x0d, 0x0d, 0x0e, 0x0d, 0x0b, 0x0b, 0x0c,
  0x0b, 0x0d, 0x0d, 0x0d, 0x0e, 0x0d, 0x0d, 0x0a, 0x0d, 0x0d, 0x0d, 0x0e,
  0x0d, 0x0d, 0x0d, 0x0d, 0x0d, 0x0d, 0x0e, 0x0d, 0x0d, 0x0e, 0x0d, 0x0d,
  0x0d, 0x0e, 0x0d, 0x0b, 0x0b, 0x0c, 0x0b, 0x0d, 0x0d, 0x0d, 0x0e, 0x0d,
  0x0d, 0x0d, 0x0d, 0x0d, 0x0d, 0x0e, 0x0d, 0x0d, 0x0d, 0x0d, 0x00, 0x00,
  0x10, 0x0e, 0x08, 0x00, 0x08, 0x0e, 0x08, 0x0a, 0x0e, 0x0e, 0x0e, 0x0e,
  0x06, 0x0a, 0x0a, 0x0e, 0x0e, 0x08, 0x0e, 0x06, 0x0a, 0x0e, 0x0a, 0x0e,
  0x0e, 0x0e, 0x0e, 0x0e, 0x0e, 0x0e, 0x0e, 0x06, 0x08, 0x0a, 0x0e, 0x0a,
  0x0c, 0x0e, 0x0e, 0x0e, 0x0e, 0x0e, 0x0e, 0x0e, 0x0e, 0x0e, 0x0c, 0x0e,
  0x0e, 0x0e, 0x0e, 0x0e, 0x0e, 0x0e, 0x0e, 0x0e, 0x0e, 0x0c, 0x0e, 0x0e,
  0x0e, 0x0e, 0x0e, 0x0e, 0x0a, 0x0a, 0x0a, 0x0a, 0x0e, 0x08, 0x0e, 0x0e,
  0x0e, 0x0e, 0x0e, 0x0e, 0x0e, 0x0e, 0x0c, 0x0e, 0x0e, 0x0e, 0x0e, 0x0e,
  0x0e, 0x0e, 0x0e, 0x0e, 0x0e, 0x0c, 0x0e, 0x0e, 0x0e, 0x0e, 0x0e, 0x0e,
  0x0c, 0x06, 0x0c, 0x0c, 0x0e, 0x08, 0x0c, 0x0e, 0x0a, 0x0a, 0x0a, 0x0e,
  0x0e, 0x08, 0x0e, 0x08, 0x08, 0x0c, 0x0c, 0x0e, 0x0a, 0x0e, 0x0c, 0x0e,
  0x08, 0x0e, 0x0e, 0x0e, 0x08, 0x0e, 0x0e, 0x06, 0x0a, 0x0c, 0x0e, 0x0a,
  0x0a, 0x0e, 0x08, 0x06, 0x0c, 0x0c, 0x0e, 0x0e, 0x0e, 0x0e, 0x0e, 0x0e,
  0x0e, 0x0e, 0x0e, 0x0e, 0x0e, 0x0c, 0x0c, 0x0c, 0x0c, 0x0e, 0x0e, 0x0e,
  0x0e, 0x0e, 0x0e, 0x0a, 0x0e, 0x0e, 0x0e, 0x0e, 0x0e, 0x0e, 0x0e, 0x0e,
  0x0e, 0x0e, 0x0e, 0x0e, 0x0e, 0x0e, 0x0e, 0x0e, 0x0e, 0x0e, 0x0e, 0x0c,
  0x0c, 0x0c, 0x0c, 0x0e, 0x0e, 0x0e, 0x0e, 0x0e, 0x0e, 0x0e, 0x0e, 0x0e,
  0x0e, 0x0e, 0x0e, 0x0e, 0x0e, 0x0e, 0x00, 0x00, 0x11, 0x0f, 0x09, 0x00,
  0x09, 0x0f, 0x09, 0x0b, 0x0f, 0x0f, 0x0e, 0x0f, 0x06, 0x0b, 0x0b, 0x0f,
  0x0f, 0x09, 0x0f, 0x06, 0x0a, 0x0f, 0x0b, 0x0f, 0x0f, 0x0f, 0x0f, 0x0f,
  0x0f, 0x0f, 0x0f, 0x06, 0x09, 0x0a, 0x0f, 0x0a, 0x0d, 0x0f, 0x0f, 0x0f,
  0x0f, 0x0f, 0x0f, 0x0f, 0x0f, 0x0f, 0x0d, 0x0f, 0x0f, 0x0f, 0x0f, 0x0f,
  0x0f, 0x0f, 0x0f, 0x0f, 0x0f, 0x0d, 0x0f, 0x0f, 0x0f, 0x0f, 0x0f, 0x0f,
  0x0b, 0x0a, 0x0b, 0x0a, 0x0f, 0x09, 0x0f, 0x0f, 0x0f, 0x0f, 0x0f, 0x0f,
  0x0f, 0x0f, 0x0d, 0x0f, 0x0f, 0x0f, 0x0f, 0x0f, 0x0f, 0x0f, 0x0f, 0x0f,
  0x0f, 0x0d, 0x0f, 0x0f, 0x0f, 0x0f, 0x0f, 0x0f, 0x0d, 0x06, 0x0d, 0x0d,
  0x0f, 0x09, 0x0d, 0x0e, 0x0b, 0x0b, 0x0a, 0x0f, 0x0e, 0x09, 0x0f, 0x09,
  0x09, 0x0d, 0x0d, 0x0f, 0x0b, 0x0f, 0x0d, 0x0e, 0x09, 0x0f, 0x0f, 0x0f,
  0x09, 0x0f, 0x0f, 0x06, 0x0b, 0x0d, 0x0f, 0x0b, 0x0a, 0x0f, 0x09, 0x06,
  0x0d, 0x0d, 0x0f, 0x0f, 0x0e, 0x0f, 0x0f, 0x0e, 0x0f, 0x0f, 0x0f, 0x0e,
  0x0f, 0x0d, 0x0d, 0x0c, 0x0d, 0x0f, 0x0f, 0x0f, 0x0e, 0x0f, 0x0f, 0x0a,
  0x0f, 0x0f, 0x0f, 0x0e, 0x0f, 0x0f, 0x0f, 0x0f, 0x0f, 0x0f, 0x0e, 0x0f,
  0x0f, 0x0e, 0x0f, 0x0f, 0x0f, 0x0e, 0x0f, 0x0d, 0x0d, 0x0c, 0x0d, 0x0f,
  0x0f, 0x0f, 0x0e, 0x0f, 0x0f, 0x0f, 0x0f, 0x0f, 0x0f, 0x0e, 0x0f, 0x0f,
  0x0f, 0x0f, 0x00, 0x00, 0x13, 0x11, 0x0a, 0x00, 0x0a, 0x11, 0x0a, 0x0c,
  0x11, 0x11, 0x10, 0x11, 0x07, 0x0c, 0x0c, 0x11, 0x11, 0x0a, 0x11, 0x07,
  0x0b, 0x11, 0x0c, 0x11, 0x11, 0x11, 0x11, 0x11, 0x11, 0x11, 0x11, 0x07,
  0x0a, 0x0b, 0x11, 0x0b, 0x0e, 0x11, 0x11, 0x11, 0x11, 0x11, 0x11, 0x11,
  0x11, 0x11, 0x0e, 0x11, 0x11, 0x11, 0x11, 0x11, 0x11, 0x11, 0x11, 0x11,
  0x11, 0x0e, 0x11, 0x11, 0x11, 0x11, 0x11, 0x11, 0x0c, 0x0b, 0x0c, 0x0b,
  0x11, 0x0a, 0x11, 0x11, 0x11, 0x11, 0x11, 0x11, 0x11, 0x11, 0x0e, 0x11,
  0x11, 0x11, 0x11, 0x11, 0x11, 0x11, 0x11, 0x11, 0x11, 0x0e, 0x11, 0x11,
  0x11, 0x11, 0x11, 0x11, 0x0e, 0x07, 0x0e, 0x0e, 0x11, 0x0a, 0x0e, 0x11,
  0x0c, 0x0c, 0x0b, 0x11, 0x10, 0x0a, 0x11, 0x0a, 0x0a, 0x0e, 0x0e, 0x11,
  0x0c, 0x11, 0x0e, 0x10, 0x0a, 0x11, 0x11, 0x11, 0x0a, 0x11, 0x11, 0x07,
  0x0c, 0x0e, 0x11, 0x0c, 0x0b, 0x11, 0x0a, 0x07, 0x0e, 0x0e, 0x11, 0x11,
  0x10, 0x11, 0x11, 0x10, 0x11, 0x11, 0x11, 0x10, 0x11, 0x0e, 0x0e, 0x0d,
  0x0e, 0x11, 0x11, 0x11, 0x10, 0x11, 0x11, 0x0b, 0x11, 0x11, 0x11, 0x10,
  0x11, 0x11, 0x11, 0x11, 0x11, 0x11, 0x10, 0x11, 0x11, 0x10, 0x11, 0x11,
  0x11, 0x10, 0x11, 0x0e, 0x0e, 0x0d, 0x0e, 0x11, 0x11, 0x11, 0x10, 0x11,
  0x11, 0x11, 0x11, 0x11, 0x11, 0x10, 0x11, 0x11, 0x11, 0x11, 0x00, 0x00,
  0x15, 0x13, 0x0b, 0x00, 0x0b, 0x12, 0x0b, 0x0d, 0x12, 0x12, 0x13, 0x12,
  0x08, 0x0d, 0x0d, 0x12, 0x12, 0x0b, 0x12, 0x08, 0x0e, 0x12, 0x0d, 0x12,
  0x12, 0x12, 0x12, 0x12, 0x12, 0x12, 0x12, 0x08, 0x0b, 0x0e, 0x12, 0x0e,
  0x10, 0x12, 0x12, 0x12, 0x12, 0x12, 0x12, 0x12, 0x12, 0x12, 0x10, 0x12,
  0x12, 0x12, 0x12, 0x12, 0x12, 0x12, 0x12, 0x12, 0x12, 0x10, 0x12, 0x12,
  0x12, 0x12, 0x12, 0x12, 0x0d, 0x0e, 0x0d, 0x0e, 0x12, 0x0b, 0x12, 0x12,
  0x12, 0x12, 0x12, 0x12, 0x12, 0x12, 0x10, 0x12, 0x12, 0x12, 0x12, 0x12,
  0x12, 0x12, 0x12, 0x12, 0x12, 0x10, 0x12, 0x12, 0x12, 0x12, 0x12, 0x12,
  0x10, 0x08, 0x10, 0x10, 0x12, 0x0b, 0x10, 0x12, 0x0d, 0x0d, 0x0e, 0x12,
  0x13, 0x0b, 0x12, 0x0b, 0x0b, 0x10, 0x10, 0x12, 0x0d, 0x12, 0x10, 0x13,
  0x0b, 0x12, 0x12, 0x12, 0x0b, 0x12, 0x12, 0x08, 0x0d, 0x10, 0x12, 0x0d,
  0x0e, 0x12, 0x0b, 0x08, 0x10, 0x10, 0x12, 0x12, 0x13, 0x12, 0x12, 0x13,
  0x12, 0x12, 0x12, 0x13, 0x12, 0x10, 0x10, 0x11, 0x10, 0x12, 0x12, 0x12,
  0x13, 0x12, 0x12, 0x0e, 0x12, 0x12, 0x12, 0x13, 0x12, 0x12, 0x12, 0x12,
  0x12, 0x12, 0x13, 0x12, 0x12, 0x13, 0x12, 0x12, 0x12, 0x13, 0x12, 0x10,
  0x10, 0x11, 0x10, 0x12, 0x12, 0x12, 0x13, 0x12, 0x12, 0x12, 0x12, 0x12,
  0x12, 0x13, 0x12, 0x12, 0x12, 0x12, 0x00, 0x00, 0x18, 0x15, 0x0c, 0x00,
  0x0c, 0x15, 0x0c, 0x0f, 0x15, 0x15, 0x15, 0x15, 0x09, 0x0f, 0x0f, 0x15,
  0x15, 0x0c, 0x15, 0x09, 0x0f, 0x15, 0x0f, 0x15, 0x15, 0x15, 0x15, 0x15,
  0x15, 0x15, 0x15, 0x09, 0x0c, 0x0f, 0x15, 0x0f, 0x12, 0x15, 0x15, 0x15,
  0x15, 0x15, 0x15, 0x15, 0x15, 0x15, 0x12, 0x15, 0x15, 0x15, 0x15, 0x15,
  0x15, 0x15, 0x15, 0x15, 0x15, 0x12, 0x15, 0x15, 0x15, 0x15, 0x15, 0x15,
  0x0f, 0x0f, 0x0f, 0x0f, 0x15, 0x0c, 0x15, 0x15, 0x15, 0x15, 0x15, 0x15,
  0x15, 0x15, 0x12, 0x15, 0x15, 0x15, 0x15, 0x15, 0x15, 0x15, 0x15, 0x15,
  0x15, 0x12, 0x15, 0x15, 0x15, 0x15, 0x15, 0x15, 0x12, 0x09, 0x12, 0x12,
  0x15, 0x0c, 0x12, 0x15, 0x0f, 0x0f, 0x0f, 0x15, 0x15, 0x0c, 0x15, 0x0c,
  0x0c, 0x12, 0x12, 0x15, 0x0f, 0x15, 0x12, 0x15, 0x0c, 0x15, 0x15, 0x15,
  0x0c, 0x15, 0x15, 0x09, 0x0f, 0x12, 0x15, 0x0f, 0x0f, 0x15, 0x0c, 0x09,
  0x12, 0x12, 0x15, 0x15, 0x15, 0x15, 0x15, 0x15, 0x15, 0x15, 0x15, 0x15,
  0x15, 0x12, 0x12, 0x12, 0x12, 0x15, 0x15, 0x15, 0x15, 0x15, 0x15, 0x0f,
  0x15, 0x15, 0x15, 0x15, 0x15, 0x15, 0x15, 0x15, 0x15, 0x15, 0x15, 0x15,
  0x15, 0x15, 0x15, 0x15, 0x15, 0x15, 0x15, 0x12, 0x12, 0x12, 0x12, 0x15,
  0x15, 0x15, 0x15, 0x15, 0x15, 0x15, 0x15, 0x15, 0x15, 0x15, 0x15, 0x15,
  0x15, 0x15, 0x00, 0x00, 0x1b, 0x19, 0x0e, 0x00, 0x0e, 0x18, 0x0e, 0x11,
  0x18, 0x18, 0x19, 0x18, 0x0a, 0x11, 0x11, 0x18, 0x18, 0x0e, 0x18, 0x0a,
  0x12, 0x18, 0x11, 0x18, 0x18, 0x18, 0x18, 0x18, 0x18, 0x18, 0x18, 0x0a,
  0x0e, 0x12, 0x18, 0x12, 0x14, 0x18, 0x18, 0x18, 0x18, 0x18, 0x18, 0x18,
  0x18, 0x18, 0x14, 0x18, 0x18, 0x18, 0x18, 0x18, 0x18, 0x18, 0x18, 0x18,
  0x18, 0x14, 0x18, 0x18, 0x18, 0x18, 0x18, 0x18, 0x11, 0x12, 0x11, 0x12,
  0x18, 0x0e, 0x18, 0x18, 0x18, 0x18, 0x18, 0x18, 0x18, 0x18, 0x14, 0x18,
  0x18, 0x18, 0x18, 0x18, 0x18, 0x18, 0x18, 0x18, 0x18, 0x14, 0x18, 0x18,
  0x18, 0x18, 0x18, 0x18, 0x14, 0x0a, 0x14, 0x14, 0x18, 0x0e, 0x14, 0x16,
  0x11, 0x11, 0x12, 0x18, 0x19, 0x0e, 0x18, 0x0e, 0x0e, 0x14, 0x14, 0x18,
  0x11, 0x18, 0x14, 0x19, 0x0e, 0x18, 0x18, 0x18, 0x0e, 0x18, 0x18, 0x0a,
  0x11, 0x14, 0x18, 0x11, 0x12, 0x18, 0x0e, 0x0a, 0x14, 0x14, 0x18, 0x18,
  0x19, 0x18, 0x18, 0x19, 0x18, 0x18, 0x18, 0x19, 0x18, 0x14, 0x14, 0x15,
  0x14, 0x18, 0x18, 0x18, 0x19, 0x18, 0x18, 0x12, 0x18, 0x18, 0x18, 0x19,
  0x18, 0x18, 0x18, 0x18, 0x18, 0x18, 0x19, 0x18, 0x18, 0x19, 0x18, 0x18,
  0x18, 0x19, 0x18, 0x14, 0x14, 0x15, 0x14, 0x18, 0x18, 0x18, 0x19, 0x18,
  0x18, 0x18, 0x18, 0x18, 0x18, 0x19, 0x18, 0x18, 0x18, 0x18, 0x00, 0x00,
  0x1d, 0x1c, 0x0f, 0x00, 0x0f, 0x19, 0x0f, 0x12, 0x19, 0x19, 0x1c, 0x19,
  0x0b, 0x12, 0x12, 0x19, 0x19, 0x0f, 0x19, 0x0b, 0x15, 0x19, 0x12, 0x19,
  0x19, 0x19, 0x19, 0x19, 0x19, 0x19, 0x19, 0x0b, 0x0f, 0x15, 0x19, 0x15,
  0x16, 0x19, 0x19, 0x19, 0x19, 0x19, 0x19, 0x19, 0x19, 0x19, 0x16, 0x19,
  0x19, 0x19, 0x19, 0x19, 0x19, 0x19, 0x19, 0x19, 0x19, 0x16, 0x19, 0x19,
  0x19, 0x19, 0x19, 0x19, 0x12, 0x15, 0x12, 0x15, 0x19, 0x0f, 0x19, 0x19,
  0x19, 0x19, 0x19, 0x19, 0x19, 0x19, 0x16, 0x19, 0x19, 0x19, 0x19, 0x19,
  0x19, 0x19, 0x19, 0x19, 0x19, 0x16, 0x19, 0x19, 0x19, 0x19, 0x19, 0x19,
  0x16, 0x0b, 0x16, 0x16, 0x19, 0x0f, 0x16, 0x1b, 0x12, 0x12, 0x15, 0x19,
  0x1c, 0x0f, 0x19, 0x0f, 0x0f, 0x16, 0x16, 0x19, 0x12, 0x19, 0x16, 0x1c,
  0x0f, 0x19, 0x19, 0x19, 0x0f, 0x19, 0x19, 0x0b, 0x12, 0x16, 0x19, 0x12,
  0x15, 0x19, 0x0f, 0x0b, 0x16, 0x16, 0x19, 0x19, 0x1c, 0x19, 0x19, 0x1c,
  0x19, 0x19, 0x19, 0x1c, 0x19, 0x16, 0x16, 0x19, 0x16, 0x19, 0x19, 0x19,
  0x1c, 0x19, 0x19, 0x15, 0x19, 0x19, 0x19, 0x1c, 0x19, 0x19, 0x19, 0x19,
  0x19, 0x19, 0x1c, 0x19, 0x19, 0x1c, 0x19, 0x19, 0x19, 0x1c, 0x19, 0x16,
  0x16, 0x19, 0x16, 0x19, 0x19, 0x19, 0x1c, 0x19, 0x19, 0x19, 0x19, 0x19,
  0x19, 0x1c, 0x19, 0x19, 0x19, 0x19, 0x00, 0x00, 0x20, 0x1e, 0x10, 0x00,
  0x10, 0x1c, 0x10, 0x14, 0x1c, 0x1c, 0x1e, 0x1c, 0x0c, 0x14, 0x14, 0x1c,
  0x1c, 0x10, 0x1c, 0x0c, 0x16, 0x1c, 0x14, 0x1c, 0x1c, 0x1c, 0x1c, 0x1c,
  0x1c, 0x1c, 0x1c, 0x0c, 0x10, 0x16, 0x1c, 0x16, 0x18, 0x1c, 0x1c, 0x1c,
  0x1c, 0x1c, 0x1c, 0x1c, 0x1c, 0x1c, 0x18, 0x1c, 0x1c, 0x1c, 0x1c, 0x1c,
  0x1c, 0x1c, 0x1c, 0x1c, 0x1c, 0x18, 0x1c, 0x1c, 0x1c, 0x1c, 0x1c, 0x1c,
  0x14, 0x16, 0x14, 0x16, 0x1c, 0x10, 0x1c, 0x1c, 0x1c, 0x1c, 0x1c, 0x1c,
  0x1c, 0x1c, 0x18, 0x1c, 0x1c, 0x1c, 0x1c, 0x1c, 0x1c, 0x1c, 0x1c, 0x1c,
  0x1c, 0x18, 0x1c, 0x1c, 0x1c, 0x1c, 0x1c, 0x1c, 0x18, 0x0c, 0x18, 0x18,
  0x1c, 0x10, 0x18, 0x1c, 0x14, 0x14, 0x16, 0x1c, 0x1e, 0x10, 0x1c, 0x10,
  0x10, 0x18, 0x18, 0x1c, 0x14, 0x1c, 0x18, 0x1e, 0x10, 0x1c, 0x1c, 0x1c,
  0x10, 0x1c, 0x1c, 0x0c, 0x14, 0x18, 0x1c, 0x14, 0x16, 0x1c, 0x10, 0x0c,
  0x18, 0x18, 0x1c, 0x1c, 0x1e, 0x1c, 0x1c, 0x1e, 0x1c, 0x1c, 0x1c, 0x1e,
  0x1c, 0x18, 0x18, 0x1a, 0x18, 0x1c, 0x1c, 0x1c, 0x1e, 0x1c, 0x1c, 0x16,
  0x1c, 0x1c, 0x1c, 0x1e, 0x1c, 0x1c, 0x1c, 0x1c, 0x1c, 0x1c, 0x1e, 0x1c,
  0x1c, 0x1e, 0x1c, 0x1c, 0x1c, 0x1e, 0x1c, 0x18, 0x18, 0x1a, 0x18, 0x1c,
  0x1c, 0x1c, 0x1e, 0x1c, 0x1c, 0x1c, 0x1c, 0x1c, 0x1c, 0x1e, 0x1c, 0x1c,
  0x1c, 0x1c, 0x00, 0x00, 0x21, 0x1e, 0x11, 0x00, 0x11, 0x1d, 0x11, 0x15,
  0x1d, 0x1d, 0x1e, 0x1d, 0x0c, 0x15, 0x15, 0x1d, 0x1d, 0x11, 0x1d, 0x0c,
  0x16, 0x1d, 0x15, 0x1d, 0x1d, 0x1d, 0x1d, 0x1d, 0x1d, 0x1d, 0x1d, 0x0c,
  0x11, 0x16, 0x1d, 0x16, 0x19, 0x1d, 0x1d, 0x1d, 0x1d, 0x1d, 0x1d, 0x1d,
  0x1d, 0x1d, 0x19, 0x1d, 0x1d, 0x1d, 0x1d, 0x1d, 0x1d, 0x1d, 0x1d, 0x1d,
  0x1d, 0x19, 0x1d, 0x1d, 0x1d, 0x1d, 0x1d, 0x1d, 0x15, 0x16, 0x15, 0x16,
  0x1d, 0x11, 0x1d, 0x1d, 0x1d, 0x1d, 0x1d, 0x1d, 0x1d, 0x1d, 0x19, 0x1d,
  0x1d, 0x1d, 0x1d, 0x1d, 0x1d, 0x1d, 0x1d, 0x1d, 0x1d, 0x19, 0x1d, 0x1d,
  0x1d, 0x1d, 0x1d, 0x1d, 0x19, 0x0c, 0x19, 0x19, 0x1d, 0x11, 0x19, 0x1c,
  0x15, 0x15, 0x16, 0x1d, 0x1e, 0x11, 0x1d, 0x11, 0x11, 0x19, 0x19, 0x1d,
  0x15, 0x1d, 0x19, 0x1e, 0x11, 0x1d, 0x1d, 0x1d, 0x11, 0x1d, 0x1d, 0x0c,
  0x15, 0x19, 0x1d, 0x15, 0x16, 0x1d, 0x11, 0x0c, 0x19, 0x19, 0x1d, 0x1d,
  0x1e, 0x1d, 0x1d, 0x1e, 0x1d, 0x1d, 0x1d, 0x1e, 0x1d, 0x19, 0x19, 0x1a,
  0x19, 0x1d, 0x1d, 0x1d, 0x1e, 0x1d, 0x1d, 0x16, 0x1d, 0x1d, 0x1d, 0x1e,
  0x1d, 0x1d, 0x1d, 0x1d, 0x1d, 0x1d, 0x1e, 0x1d, 0x1d, 0x1e, 0x1d, 0x1d,
  0x1d, 0x1e, 0x1d, 0x19, 0x19, 0x1a, 0x19, 0x1d, 0x1d, 0x1d, 0x1e, 0x1d,
  0x1d, 0x1d, 0x1d, 0x1d, 0x1d, 0x1e, 0x1d, 0x1d, 0x1d, 0x1d, 0x00, 0x00,
  0x25, 0x23, 0x13, 0x00, 0x13, 0x20, 0x13, 0x17, 0x20, 0x20, 0x23, 0x20,
  0x0e, 0x17, 0x17, 0x20, 0x20, 0x13, 0x20, 0x0e, 0x1a, 0x20, 0x17, 0x20,
  0x20, 0x20, 0x20, 0x20, 0x20, 0x20, 0x20, 0x0e, 0x13, 0x1a, 0x20, 0x1a,
  0x1c, 0x20, 0x20, 0x20, 0x20, 0x20, 0x20, 0x20, 0x20, 0x20, 0x1c, 0x20,
  0x20, 0x20, 0x20, 0x20, 0x20, 0x20, 0x20, 0x20, 0x20, 0x1c, 0x20, 0x20,
  0x20, 0x20, 0x20, 0x20, 0x17, 0x1a, 0x17, 0x1a, 0x20, 0x13, 0x20, 0x20,
  0x20, 0x20, 0x20, 0x20, 0x20, 0x20, 0x1c, 0x20, 0x20, 0x20, 0x20, 0x20,
  0x20, 0x20, 0x20, 0x20, 0x20, 0x1c, 0x20, 0x20, 0x20, 0x20, 0x20, 0x20,
  0x1c, 0x0e, 0x1c, 0x1c, 0x20, 0x13, 0x1c, 0x22, 0x17, 0x17, 0x1a, 0x20,
  0x23, 0x13, 0x20, 0x13, 0x13, 0x1c, 0x1c, 0x20, 0x17, 0x20, 0x1c, 0x23,
  0x13, 0x20, 0x20, 0x20, 0x13, 0x20, 0x20, 0x0e, 0x17, 0x1c, 0x20, 0x17,
  0x1a, 0x20, 0x13, 0x0e, 0x1c, 0x1c, 0x20, 0x20, 0x23, 0x20, 0x20, 0x23,
  0x20, 0x20, 0x20, 0x23, 0x20, 0x1c, 0x1c, 0x1f, 0x1c, 0x20, 0x20, 0x20,
  0x23, 0x20, 0x20, 0x1a, 0x20, 0x20, 0x20, 0x23, 0x20, 0x20, 0x20, 0x20,
  0x20, 0x20, 0x23, 0x20, 0x20, 0x23, 0x20, 0x20, 0x20, 0x23, 0x20, 0x1c,
  0x1c, 0x1f, 0x1c, 0x20, 0x20, 0x20, 0x23, 0x20, 0x20, 0x20, 0x20, 0x20,
  0x20, 0x23, 0x20, 0x20, 0x20, 0x20, 0x00, 0x00, 0x2a, 0x27, 0x15, 0x00,
  0x15, 0x25, 0x15, 0x1a, 0x25, 0x25, 0x27, 0x25, 0x10, 0x1a, 0x1a, 0x25,
  0x25, 0x15, 0x25, 0x10, 0x1b, 0x25, 0x1a, 0x25, 0x25, 0x25, 0x25, 0x25,
  0x25, 0x25, 0x25, 0x10, 0x15, 0x1b, 0x25, 0x1b, 0x20, 0x25, 0x25, 0x25,
  0x25, 0x25, 0x25, 0x25, 0x25, 0x25, 0x20, 0x25, 0x25, 0x25, 0x25, 0x25,
  0x25, 0x25, 0x25, 0x25, 0x25, 0x20, 0x25, 0x25, 0x25, 0x25, 0x25, 0x25,
  0x1a, 0x1b, 0x1a, 0x1b, 0x25, 0x15, 0x25, 0x25, 0x25, 0x25, 0x25, 0x25,
  0x25, 0x25, 0x20, 0x25, 0x25, 0x25, 0x25, 0x25, 0x25, 0x25, 0x25, 0x25,
  0x25, 0x20, 0x25, 0x25, 0x25, 0x25, 0x25, 0x25, 0x20, 0x10, 0x20, 0x20,
  0x25, 0x15, 0x20, 0x23, 0x1a, 0x1a, 0x1b, 0x25, 0x27, 0x15, 0x25, 0x15,
  0x15, 0x20, 0x20, 0x25, 0x1a, 0x25, 0x20, 0x27, 0x15, 0x25, 0x25, 0x25,
  0x15, 0x25, 0x25, 0x10, 0x1a, 0x20, 0x25, 0x1a, 0x1b, 0x25, 0x15, 0x10,
  0x20, 0x20, 0x25, 0x25, 0x27, 0x25, 0x25, 0x27, 0x25, 0x25, 0x25, 0x27,
  0x25, 0x20, 0x20, 0x21, 0x20, 0x25, 0x25, 0x25, 0x27, 0x25, 0x25, 0x1b,
  0x25, 0x25, 0x25, 0x27, 0x25, 0x25, 0x25, 0x25, 0x25, 0x25, 0x27, 0x25,
  0x25, 0x27, 0x25, 0x25, 0x25, 0x27, 0x25, 0x20, 0x20, 0x21, 0x20, 0x25,
  0x25, 0x25, 0x27, 0x25, 0x25, 0x25, 0x25, 0x25, 0x25, 0x27, 0x25, 0x25,
  0x25, 0x25, 0x00, 0x00, 0x2e, 0x2b, 0x17, 0x00, 0x17, 0x28, 0x17, 0x1d,
  0x28, 0x28, 0x2b, 0x28, 0x11, 0x1d, 0x1d, 0x28, 0x28, 0x17, 0x28, 0x11,
  0x20, 0x28, 0x1d, 0x28, 0x28, 0x28, 0x28, 0x28, 0x28, 0x28, 0x28, 0x11,
  0x17, 0x20, 0x28, 0x20, 0x23, 0x28, 0x28, 0x28, 0x28, 0x28, 0x28, 0x28,
  0x28, 0x28, 0x23, 0x28, 0x28, 0x28, 0x28, 0x28, 0x28, 0x28, 0x28, 0x28,
  0x28, 0x23, 0x28, 0x28, 0x28, 0x28, 0x28, 0x28, 0x1d, 0x20, 0x1d, 0x20,
  0x28, 0x17, 0x28, 0x28, 0x28, 0x28, 0x28, 0x28, 0x28, 0x28, 0x23, 0x28,
  0x28, 0x28, 0x28, 0x28, 0x28, 0x28, 0x28, 0x28, 0x28, 0x23, 0x28, 0x28,
  0x28, 0x28, 0x28, 0x28, 0x23, 0x11, 0x23, 0x23, 0x28, 0x17, 0x23, 0x2a,
  0x1d, 0x1d, 0x20, 0x28, 0x2b, 0x17, 0x28, 0x17, 0x17, 0x23, 0x23, 0x28,
  0x1d, 0x28, 0x23, 0x2b, 0x17, 0x28, 0x28, 0x28, 0x17, 0x28, 0x28, 0x11,
  0x1d, 0x23, 0x28, 0x1d, 0x20, 0x28, 0x17, 0x11, 0x23, 0x23, 0x28, 0x28,
  0x2b, 0x28, 0x28, 0x2b, 0x28, 0x28, 0x28, 0x2b, 0x28, 0x23, 0x23, 0x25,
  0x23, 0x28, 0x28, 0x28, 0x2b, 0x28, 0x28, 0x20, 0x28, 0x28, 0x28, 0x2b,
  0x28, 0x28, 0x28, 0x28, 0x28, 0x28, 0x2b, 0x28, 0x28, 0x2b, 0x28, 0x28,
  0x28, 0x2b, 0x28, 0x23, 0x23, 0x25, 0x23, 0x28, 0x28, 0x28, 0x2b, 0x28,
  0x28, 0x28, 0x28, 0x28, 0x28, 0x2b, 0x28, 0x28, 0x28, 0x28, 0x00, 0x00,
  0x32, 0x2e, 0x19, 0x00, 0x19, 0x2c, 0x19, 0x1f, 0x2c, 0x2c, 0x2e, 0x2c,
  0x13, 0x1f, 0x1f, 0x2c, 0x2c, 0x19, 0x2c, 0x13, 0x20, 0x2c, 0x1f, 0x2c,
  0x2c, 0x2c, 0x2c, 0x2c, 0x2c, 0x2c, 0x2c, 0x13, 0x19, 0x20, 0x2c, 0x20,
  0x26, 0x2c, 0x2c, 0x2c, 0x2c, 0x2c, 0x2c, 0x2c, 0x2c, 0x2c, 0x26, 0x2c,
  0x2c, 0x2c, 0x2c, 0x2c, 0x2c, 0x2c, 0x2c, 0x2c, 0x2c, 0x26, 0x2c, 0x2c,
  0x2c, 0x2c, 0x2c, 0x2c, 0x1f, 0x20, 0x1f, 0x20, 0x2c, 0x19, 0x2c, 0x2c,
  0x2c, 0x2c, 0x2c, 0x2c, 0x2c, 0x2c, 0x26, 0x2c, 0x2c, 0x2c, 0x2c, 0x2c,
  0x2c, 0x2c, 0x2c, 0x2c, 0x2c, 0x26, 0x2c, 0x2c, 0x2c, 0x2c, 0x2c, 0x2c,
  0x26, 0x13, 0x26, 0x26, 0x2c, 0x19, 0x26, 0x2a, 0x1f, 0x1f, 0x20, 0x2c,
  0x2e, 0x19, 0x2c, 0x19, 0x19, 0x26, 0x26, 0x2c, 0x1f, 0x2c, 0x26, 0x2e,
  0x19, 0x2c, 0x2c, 0x2c, 0x19, 0x2c, 0x2c, 0x13, 0x1f, 0x26, 0x2c, 0x1f,
  0x20, 0x2c, 0x19, 0x13, 0x26, 0x26, 0x2c, 0x2c, 0x2e, 0x2c, 0x2c, 0x2e,
  0x2c, 0x2c, 0x2c, 0x2e, 0x2c, 0x26, 0x26, 0x27, 0x26, 0x2c, 0x2c, 0x2c,
  0x2e, 0x2c, 0x2c, 0x20, 0x2c, 0x2c, 0x2c, 0x2e, 0x2c, 0x2c, 0x2c, 0x2c,
  0x2c, 0x2c, 0x2e, 0x2c, 0x2c, 0x2e, 0x2c, 0x2c, 0x2c, 0x2e, 0x2c, 0x26,
  0x26, 0x27, 0x26, 0x2c, 0x2c, 0x2c, 0x2e, 0x2c, 0x2c, 0x2c, 0x2c, 0x2c,
  0x2c, 0x2e, 0x2c, 0x2c, 0x2c, 0x2c, 0x00, 0x00, 0x36, 0x32, 0x1b, 0x00,
  0x1b, 0x2f, 0x1b, 0x22, 0x2f, 0x2f, 0x32, 0x2f, 0x14, 0x22, 0x22, 0x2f,
  0x2f, 0x1b, 0x2f, 0x14, 0x25, 0x2f, 0x22, 0x2f, 0x2f, 0x2f, 0x2f, 0x2f,
  0x2f, 0x2f, 0x2f, 0x14, 0x1b, 0x25, 0x2f, 0x25, 0x29, 0x2f, 0x2f, 0x2f,
  0x2f, 0x2f, 0x2f, 0x2f, 0x2f, 0x2f, 0x29, 0x2f, 0x2f, 0x2f, 0x2f, 0x2f,
  0x2f, 0x2f, 0x2f, 0x2f, 0x2f, 0x29, 0x2f, 0x2f, 0x2f, 0x2f, 0x2f, 0x2f,
  0x22, 0x25, 0x22, 0x25, 0x2f, 0x1b, 0x2f, 0x2f, 0x2f, 0x2f, 0x2f, 0x2f,
  0x2f, 0x2f, 0x29, 0x2f, 0x2f, 0x2f, 0x2f, 0x2f, 0x2f, 0x2f, 0x2f, 0x2f,
  0x2f, 0x29, 0x2f, 0x2f, 0x2f, 0x2f, 0x2f, 0x2f, 0x29, 0x14, 0x29, 0x29,
  0x2f, 0x1b, 0x29, 0x31, 0x22, 0x22, 0x25, 0x2f, 0x32, 0x1b, 0x2f, 0x1b,
  0x1b, 0x29, 0x29, 0x2f, 0x22, 0x2f, 0x29, 0x32, 0x1b, 0x2f, 0x2f, 0x2f,
  0x1b, 0x2f, 0x2f, 0x14, 0x22, 0x29, 0x2f, 0x22, 0x25, 0x2f, 0x1b, 0x14,
  0x29, 0x29, 0x2f, 0x2f, 0x32, 0x2f, 0x2f, 0x32, 0x2f, 0x2f, 0x2f, 0x32,
  0x2f, 0x29, 0x29, 0x2b, 0x29, 0x2f, 0x2f, 0x2f, 0x32, 0x2f, 0x2f, 0x25,
  0x2f, 0x2f, 0x2f, 0x32, 0x2f, 0x2f, 0x2f, 0x2f, 0x2f, 0x2f, 0x32, 0x2f,
  0x2f, 0x32, 0x2f, 0x2f, 0x2f, 0x32, 0x2f, 0x29, 0x29, 0x2b, 0x29, 0x2f,
  0x2f, 0x2f, 0x32, 0x2f, 0x2f, 0x2f, 0x2f, 0x2f, 0x2f, 0x32, 0x2f, 0x2f,
  0x2f, 0x2f, 0x00, 0x00, 0x3a, 0x35, 0x1d, 0x00, 0x1d, 0x33, 0x1d, 0x24,
  0x33, 0x33, 0x35, 0x33, 0x16, 0x24, 0x24, 0x33, 0x33, 0x1d, 0x33, 0x16,
  0x25, 0x33, 0x24, 0x33, 0x33, 0x33, 0x33, 0x33, 0x33, 0x33, 0x33, 0x16,
  0x1d, 0x25, 0x33, 0x25, 0x2c, 0x33, 0x33, 0x33, 0x33, 0x33, 0x33, 0x33,
  0x33, 0x33, 0x2c, 0x33, 0x33, 0x33, 0x33, 0x33, 0x33, 0x33, 0x33, 0x33,
  0x33, 0x2c, 0x33, 0x33, 0x33, 0x33, 0x33, 0x33, 0x24, 0x25, 0x24, 0x25,
  0x33, 0x1d, 0x33, 0x33, 0x33, 0x33, 0x33, 0x33, 0x33, 0x33, 0x2c, 0x33,
  0x33, 0x33, 0x33, 0x33, 0x33, 0x33, 0x33, 0x33, 0x33, 0x2c, 0x33, 0x33,
  0x33, 0x33, 0x33, 0x33, 0x2c, 0x16, 0x2c, 0x2c, 0x33, 0x1d, 0x2c, 0x31,
  0x24, 0x24, 0x25, 0x33, 0x35, 0x1d, 0x33, 0x1d, 0x1d, 0x2c, 0x2c, 0x33,
  0x24, 0x33, 0x2c, 0x35, 0x1d, 0x33, 0x33, 0x33, 0x1d, 0x33, 0x33, 0x16,
  0x24, 0x2c, 0x33, 0x24, 0x25, 0x33, 0x1d, 0x16, 0x2c, 0x2c, 0x33, 0x33,
  0x35, 0x33, 0x33, 0x35, 0x33, 0x33, 0x33, 0x35, 0x33, 0x2c, 0x2c, 0x2d,
  0x2c, 0x33, 0x33, 0x33, 0x35, 0x33, 0x33, 0x25, 0x33, 0x33, 0x33, 0x35,
  0x33, 0x33, 0x33, 0x33, 0x33, 0x33, 0x35, 0x33, 0x33, 0x35, 0x33, 0x33,
  0x33, 0x35, 0x33, 0x2c, 0x2c, 0x2d, 0x2c, 0x33, 0x33, 0x33, 0x35, 0x33,
  0x33, 0x33, 0x33, 0x33, 0x33, 0x35, 0x33, 0x33, 0x33, 0x33, 0x00, 0x00,
  0x43, 0x3c, 0x22, 0x00, 0x22, 0x3b, 0x22, 0x2a, 0x3b, 0x3b, 0x3c, 0x3b,
  0x19, 0x2a, 0x2a, 0x3b, 0x3b, 0x22, 0x3b, 0x19, 0x2b, 0x3b, 0x2a, 0x3b,
  0x3b, 0x3b, 0x3b, 0x3b, 0x3b, 0x3b, 0x3b, 0x19, 0x22, 0x2b, 0x3b, 0x2b,
  0x32, 0x3b, 0x3b, 0x3b, 0x3b, 0x3b, 0x3b, 0x3b, 0x3b, 0x3b, 0x32, 0x3b,
  0x3b, 0x3b, 0x3b, 0x3b, 0x3b, 0x3b, 0x3b, 0x3b, 0x3b, 0x32, 0x3b, 0x3b,
  0x3b, 0x3b, 0x3b, 0x3b, 0x2a, 0x2b, 0x2a, 0x2b, 0x3b, 0x22, 0x3b, 0x3b,
  0x3b, 0x3b, 0x3b, 0x3b, 0x3b, 0x3b, 0x32, 0x3b, 0x3b, 0x3b, 0x3b, 0x3b,
  0x3b, 0x3b, 0x3b, 0x3b, 0x3b, 0x32, 0x3b, 0x3b, 0x3b, 0x3b, 0x3b, 0x3b,
  0x32, 0x19, 0x32, 0x32, 0x3b, 0x22, 0x32, 0x39, 0x2a, 0x2a, 0x2b, 0x3b,
  0x3c, 0x22, 0x3b, 0x22, 0x22, 0x32, 0x32, 0x3b, 0x2a, 0x3b, 0x32, 0x3c,
  0x22, 0x3b, 0x3b, 0x3b, 0x22, 0x3b, 0x3b, 0x19, 0x2a, 0x32, 0x3b, 0x2a,
  0x2b, 0x3b, 0x22, 0x19, 0x32, 0x32, 0x3b, 0x3b, 0x3c, 0x3b, 0x3b, 0x3c,
  0x3b, 0x3b, 0x3b, 0x3c, 0x3b, 0x32, 0x32, 0x33, 0x32, 0x3b, 0x3b, 0x3b,
  0x3c, 0x3b, 0x3b, 0x2b, 0x3b, 0x3b, 0x3b, 0x3c, 0x3b, 0x3b, 0x3b, 0x3b,
  0x3b, 0x3b, 0x3c, 0x3b, 0x3b, 0x3c, 0x3b, 0x3b, 0x3b, 0x3c, 0x3b, 0x32,
  0x32, 0x33, 0x32, 0x3b, 0x3b, 0x3b, 0x3c, 0x3b, 0x3b, 0x3b, 0x3b, 0x3b,
  0x3b, 0x3c, 0x3b, 0x3b, 0x3b, 0x3b, 0x00, 0x00, 0x4b, 0x43, 0x26, 0x00,
  0x26, 0x42, 0x26, 0x2f, 0x42, 0x42, 0x43, 0x42, 0x1c, 0x2f, 0x2f, 0x42,
  0x42, 0x26, 0x42, 0x1c, 0x30, 0x42, 0x2f, 0x42, 0x42, 0x42, 0x42, 0x42,
  0x42, 0x42, 0x42, 0x1c, 0x26, 0x30, 0x42, 0x30, 0x38, 0x42, 0x42, 0x42,
  0x42, 0x42, 0x42, 0x42, 0x42, 0x42, 0x38, 0x42, 0x42, 0x42, 0x42, 0x42,
  0x42, 0x42, 0x42, 0x42, 0x42, 0x38, 0x42, 0x42, 0x42, 0x42, 0x42, 0x42,
  0x2f, 0x30, 0x2f, 0x30, 0x42, 0x26, 0x42, 0x42, 0x42, 0x42, 0x42, 0x42,
  0x42, 0x42, 0x38, 0x42, 0x42, 0x42, 0x42, 0x42, 0x42, 0x42, 0x42, 0x42,
  0x42, 0x38, 0x42, 0x42, 0x42, 0x42, 0x42, 0x42, 0x38, 0x1c, 0x38, 0x38,
  0x42, 0x26, 0x38, 0x40, 0x2f, 0x2f, 0x30, 0x42, 0x43, 0x26, 0x42, 0x26,
  0x26, 0x38, 0x38, 0x42, 0x2f, 0x42, 0x38, 0x43, 0x26, 0x42, 0x42, 0x42,
  0x26, 0x42, 0x42, 0x1c, 0x2f, 0x38, 0x42, 0x2f, 0x30, 0x42, 0x26, 0x1c,
  0x38, 0x38, 0x42, 0x42, 0x43, 0x42, 0x42, 0x43, 0x42, 0x42, 0x42, 0x43,
  0x42, 0x38, 0x38, 0x39, 0x38, 0x42, 0x42, 0x42, 0x43, 0x42, 0x42, 0x30,
  0x42, 0x42, 0x42, 0x43, 0x42, 0x42, 0x42, 0x42, 0x42, 0x42, 0x43, 0x42,
  0x42, 0x43, 0x42, 0x42, 0x42, 0x43, 0x42, 0x38, 0x38, 0x39, 0x38, 0x42,
  0x42, 0x42, 0x43, 0x42, 0x42, 0x42, 0x42, 0x42, 0x42, 0x43, 0x42, 0x42,
  0x42, 0x42, 0x00, 0x00, 0x53, 0x4a, 0x2a, 0x00, 0x2a, 0x49, 0x2a, 0x34,
  0x49, 0x49, 0x4a, 0x49, 0x1f, 0x34, 0x34, 0x49, 0x49, 0x2a, 0x49, 0x1f,
  0x35, 0x49, 0x34, 0x49, 0x49, 0x49, 0x49, 0x49, 0x49, 0x49, 0x49, 0x1f,
  0x2a, 0x35, 0x49, 0x35, 0x3e, 0x49, 0x49, 0x49, 0x49, 0x49, 0x49, 0x49,
  0x49, 0x49, 0x3e, 0x49, 0x49, 0x49, 0x49, 0x49, 0x49, 0x49, 0x49, 0x49,
  0x49, 0x3e, 0x49, 0x49, 0x49, 0x49, 0x49, 0x49, 0x34, 0x35, 0x34, 0x35,
  0x49, 0x2a, 0x49, 0x49, 0x49, 0x49, 0x49, 0x49, 0x49, 0x49, 0x3e, 0x49,
  0x49, 0x49, 0x49, 0x49, 0x49, 0x49, 0x49, 0x49, 0x49, 0x3e, 0x49, 0x49,
  0x49, 0x49, 0x49, 0x49, 0x3e, 0x1f, 0x3e, 0x3e, 0x49, 0x2a, 0x3e, 0x47,
  0x34, 0x34, 0x35, 0x49, 0x4a, 0x2a, 0x49, 0x2a, 0x2a, 0x3e, 0x3e, 0x49,
  0x34, 0x49, 0x3e, 0x4a, 0x2a, 0x49, 0x49, 0x49, 0x2a, 0x49, 0x49, 0x1f,
  0x34, 0x3e, 0x49, 0x34, 0x35, 0x49, 0x2a, 0x1f, 0x3e, 0x3e, 0x49, 0x49,
  0x4a, 0x49, 0x49, 0x4a, 0x49, 0x49, 0x49, 0x4a, 0x49, 0x3e, 0x3e, 0x3f,
  0x3e, 0x49, 0x49, 0x49, 0x4a, 0x49, 0x49, 0x35, 0x49, 0x49, 0x49, 0x4a,
  0x49, 0x49, 0x49, 0x49, 0x49, 0x49, 0x4a, 0x49, 0x49, 0x4a, 0x49, 0x49,
  0x49, 0x4a, 0x49, 0x3e, 0x3e, 0x3f, 0x3e, 0x49, 0x49, 0x49, 0x4a, 0x49,
  0x49, 0x49, 0x49, 0x49, 0x49, 0x4a, 0x49, 0x49, 0x49, 0x49, 0x00, 0x00,
  0x5c, 0x54, 0x2e, 0x00, 0x2e, 0x51, 0x2e, 0x3a, 0x51, 0x51, 0x54, 0x51,
  0x23, 0x3a, 0x3a, 0x51, 0x51, 0x2e, 0x51, 0x23, 0x3d, 0x51, 0x3a, 0x51,
  0x51, 0x51, 0x51, 0x51, 0x51, 0x51, 0x51, 0x23, 0x2e, 0x3d, 0x51, 0x3d,
  0x45, 0x51, 0x51, 0x51, 0x51, 0x51, 0x51, 0x51, 0x51, 0x51, 0x45, 0x51,
  0x51, 0x51, 0x51, 0x51, 0x51, 0x51, 0x51, 0x51, 0x51, 0x45, 0x51, 0x51,
  0x51, 0x51, 0x51, 0x51, 0x3a, 0x3d, 0x3a, 0x3d, 0x51, 0x2e, 0x51, 0x51,
  0x51, 0x51, 0x51, 0x51, 0x51, 0x51, 0x45, 0x51, 0x51, 0x51, 0x51, 0x51,
  0x51, 0x51, 0x51, 0x51, 0x51, 0x45, 0x51, 0x51, 0x51, 0x51, 0x51, 0x51,
  0x45, 0x23, 0x45, 0x45, 0x51, 0x2e, 0x45, 0x53, 0x3a, 0x3a, 0x3d, 0x51,
  0x54, 0x2e, 0x51, 0x2e, 0x2e, 0x45, 0x45, 0x51, 0x3a, 0x51, 0x45, 0x54,
  0x2e, 0x51, 0x51, 0x51, 0x2e, 0x51, 0x51, 0x23, 0x3a, 0x45, 0x51, 0x3a,
  0x3d, 0x51, 0x2e, 0x23, 0x45, 0x45, 0x51, 0x51, 0x54, 0x51, 0x51, 0x54,
  0x51, 0x51, 0x51, 0x54, 0x51, 0x45, 0x45, 0x49, 0x45, 0x51, 0x51, 0x51,
  0x54, 0x51, 0x51, 0x3d, 0x51, 0x51, 0x51, 0x54, 0x51, 0x51, 0x51, 0x51,
  0x51, 0x51, 0x54, 0x51, 0x51, 0x54, 0x51, 0x51, 0x51, 0x54, 0x51, 0x45,
  0x45, 0x49, 0x45, 0x51, 0x51, 0x51, 0x54, 0x51, 0x51, 0x51, 0x51, 0x51,
  0x51, 0x54, 0x51, 0x51, 0x51, 0x51, 0x00, 0x00, 0x60, 0x56, 0x30, 0x00,
  0x30, 0x54, 0x30, 0x3c, 0x54, 0x54, 0x56, 0x54, 0x24, 0x3c, 0x3c, 0x54,
  0x54, 0x30, 0x54, 0x24, 0x3e, 0x54, 0x3c, 0x54, 0x54, 0x54, 0x54, 0x54,
  0x54, 0x54, 0x54, 0x24, 0x30, 0x3e, 0x54, 0x3e, 0x48, 0x54, 0x54, 0x54,
  0x54, 0x54, 0x54, 0x54, 0x54, 0x54, 0x48, 0x54, 0x54, 0x54, 0x54, 0x54,
  0x54, 0x54, 0x54, 0x54, 0x54, 0x48, 0x54, 0x54, 0x54, 0x54, 0x54, 0x54,
  0x3c, 0x3e, 0x3c, 0x3e, 0x54, 0x30, 0x54, 0x54, 0x54, 0x54, 0x54, 0x54,
  0x54, 0x54, 0x48, 0x54, 0x54, 0x54, 0x54, 0x54, 0x54, 0x54, 0x54, 0x54,
  0x54, 0x48, 0x54, 0x54, 0x54, 0x54, 0x54, 0x54, 0x48, 0x24, 0x48, 0x48,
  0x54, 0x30, 0x48, 0x54, 0x3c, 0x3c, 0x3e, 0x54, 0x56, 0x30, 0x54, 0x30,
  0x30, 0x48, 0x48, 0x54, 0x3c, 0x54, 0x48, 0x56, 0x30, 0x54, 0x54, 0x54,
  0x30, 0x54, 0x54, 0x24, 0x3c, 0x48, 0x54, 0x3c, 0x3e, 0x54, 0x30, 0x24,
  0x48, 0x48, 0x54, 0x54, 0x56, 0x54, 0x54, 0x56, 0x54, 0x54, 0x54, 0x56,
  0x54, 0x48, 0x48, 0x4a, 0x48, 0x54, 0x54, 0x54, 0x56, 0x54, 0x54, 0x3e,
  0x54, 0x54, 0x54, 0x56, 0x54, 0x54, 0x54, 0x54, 0x54, 0x54, 0x56, 0x54,
  0x54, 0x56, 0x54, 0x54, 0x54, 0x56, 0x54, 0x48, 0x48, 0x4a, 0x48, 0x54,
  0x54, 0x54, 0x56, 0x54, 0x54, 0x54, 0x54, 0x54, 0x54, 0x56, 0x54, 0x54,
  0x54, 0x54, 0x00, 0x00, 0x64, 0x5b, 0x32, 0x00, 0x32, 0x58, 0x32, 0x3f,
  0x58, 0x58, 0x5b, 0x58, 0x26, 0x3f, 0x3f, 0x58, 0x58, 0x32, 0x58, 0x26,
  0x42, 0x58, 0x3f, 0x58, 0x58, 0x58, 0x58, 0x58, 0x58, 0x58, 0x58, 0x26,
  0x32, 0x42, 0x58, 0x42, 0x4b, 0x58, 0x58, 0x58, 0x58, 0x58, 0x58, 0x58,
  0x58, 0x58, 0x4b, 0x58, 0x58, 0x58, 0x58, 0x58, 0x58, 0x58, 0x58, 0x58,
  0x58, 0x4b, 0x58, 0x58, 0x58, 0x58, 0x58, 0x58, 0x3f, 0x42, 0x3f, 0x42,
  0x58, 0x32, 0x58, 0x58, 0x58, 0x58, 0x58, 0x58, 0x58, 0x58, 0x4b, 0x58,
  0x58, 0x58, 0x58, 0x58, 0x58, 0x58, 0x58, 0x58, 0x58, 0x4b, 0x58, 0x58,
  0x58, 0x58, 0x58, 0x58, 0x4b, 0x26, 0x4b, 0x4b, 0x58, 0x32, 0x4b, 0x5a,
  0x3f, 0x3f, 0x42, 0x58, 0x5b, 0x32, 0x58, 0x32, 0x32, 0x4b, 0x4b, 0x58,
  0x3f, 0x58, 0x4b, 0x5b, 0x32, 0x58, 0x58, 0x58, 0x32, 0x58, 0x58, 0x26,
  0x3f, 0x4b, 0x58, 0x3f, 0x42, 0x58, 0x32, 0x26, 0x4b, 0x4b, 0x58, 0x58,
  0x5b, 0x58, 0x58, 0x5b, 0x58, 0x58, 0x58, 0x5b, 0x58, 0x4b, 0x4b, 0x4f,
  0x4b, 0x58, 0x58, 0x58, 0x5b, 0x58, 0x58, 0x42, 0x58, 0x58, 0x58, 0x5b,
  0x58, 0x58, 0x58, 0x58, 0x58, 0x58, 0x5b, 0x58, 0x58, 0x5b, 0x58, 0x58,
  0x58, 0x5b, 0x58, 0x4b, 0x4b, 0x4f, 0x4b, 0x58, 0x58, 0x58, 0x5b, 0x58,
  0x58, 0x58, 0x58, 0x58, 0x58, 0x5b, 0x58, 0x58, 0x58, 0x58, 0x00, 0x00,
  0x00, 0x01, 0x00, 0x00, 0x00, 0x01, 0x00, 0x00, 0x89, 0xcd, 0x97, 0x92,
  0x5f, 0x0f, 0x3c, 0xf5, 0x00, 0x19, 0x08, 0x00, 0x00, 0x00, 0x00, 0x00,
  0xb6, 0x8f, 0xc0, 0xb4, 0x00, 0x00, 0x00, 0x00, 0xb6, 0x8f, 0xc0, 0xb4,
  0x00, 0x00, 0xff, 0x00, 0x07, 0x00, 0x08, 0x00, 0x00, 0x01, 0x00, 0x00,
  0x00, 0x00, 0x00, 0x00, 0x00, 0x00, 0x00, 0x00, 0x00, 0x01, 0x00, 0x00,
  0x08, 0x00, 0xff, 0x00, 0x00, 0x44, 0x07, 0x00, 0x00, 0x00, 0x00, 0x00,
  0x07, 0x00, 0x00, 0x01, 0x00, 0x00, 0x00, 0x00, 0x00, 0x00, 0x00, 0x00,
  0x00, 0x00, 0x00, 0x00, 0x00, 0x00, 0x00, 0xc4, 0x04, 0x00, 0x00, 0x00,
  0x00, 0x00, 0x00, 0x00, 0x04, 0x00, 0x00, 0x00, 0x07, 0x00, 0x00, 0x00,
  0x04, 0x00, 0x01, 0x00, 0x05, 0x00, 0x01, 0x00, 0x07, 0x00, 0x01, 0x00,
  0x07, 0x00, 0x01, 0x00, 0x07, 0x00, 0x01, 0x00, 0x07, 0x00, 0x01, 0x00,
  0x03, 0x00, 0x01, 0x00, 0x05, 0x00, 0x01, 0x00, 0x05, 0x00, 0x01, 0x00,
  0x07, 0x00, 0x01, 0x00, 0x07, 0x00, 0x01, 0x00, 0x04, 0x00, 0x01, 0x00,
  0x07, 0x00, 0x01, 0x00, 0x03, 0x00, 0x01, 0x00, 0x05, 0x00, 0x01, 0x00,
  0x07, 0x00, 0x01, 0x00, 0x05, 0x00, 0x01, 0x00, 0x07, 0x00, 0x01, 0x00,
  0x07, 0x00, 0x01, 0x00, 0x07, 0x00, 0x01, 0x00, 0x07, 0x00, 0x01, 0x00,
  0x07, 0x00, 0x01, 0x00, 0x07, 0x00, 0x01, 0x00, 0x07, 0x00, 0x01, 0x00,
  0x07, 0x00, 0x01, 0x00, 0x03, 0x00, 0x01, 0x00, 0x04, 0x00, 0x01, 0x00,
  0x05, 0x00, 0x01, 0x00, 0x07, 0x00, 0x01, 0x00, 0x05, 0x00, 0x01, 0x00,
  0x06, 0x00, 0x01, 0x00, 0x07, 0x00, 0x01, 0x00, 0x07, 0x00, 0x01, 0x00,
  0x07, 0x00, 0x01, 0x00, 0x07, 0x00, 0x01, 0x00, 0x07, 0x00, 0x01, 0x00,
  0x07, 0x00, 0x01, 0x00, 0x07, 0x00, 0x01, 0x00, 0x07, 0x00, 0x01, 0x00,
  0x07, 0x00, 0x01, 0x00, 0x06, 0x00, 0x01, 0x00, 0x07, 0x00, 0x01, 0x00,
  0x07, 0x00, 0x01, 0x00, 0x07, 0x00, 0x01, 0x00, 0x07, 0x00, 0x01, 0x00,
  0x07, 0x00, 0x01, 0x00, 0x07, 0x00, 0x01, 0x00, 0x07, 0x00, 0x01, 0x00,
  0x07, 0x00, 0x01, 0x00, 0x07, 0x00, 0x01, 0x00, 0x07, 0x00, 0x01, 0x00,
  0x06, 0x00, 0x01, 0x00, 0x07, 0x00, 0x01, 0x00, 0x07, 0x00, 0x01, 0x00,
  0x07, 0x00, 0x01, 0x00, 0x07, 0x00, 0x01, 0x00, 0x07, 0x00, 0x01, 0x00,
  0x07, 0x00, 0x01, 0x00, 0x05, 0x00, 0x01, 0x00, 0x05, 0x00, 0x01, 0x00,
  0x05, 0x00, 0x01, 0x00, 0x05, 0x00, 0x01, 0x00, 0x07, 0x00, 0x00, 0x00,
  0x04, 0x00, 0x01, 0x00, 0x07, 0x00, 0x01, 0x00, 0x07, 0x00, 0x01, 0x00,
  0x07, 0x00, 0x01, 0x00, 0x07, 0x00, 0x01, 0x00, 0x07, 0x00, 0x01, 0x00,
  0x07, 0x00, 0x01, 0x00, 0x07, 0x00, 0x01, 0x00, 0x07, 0x00, 0x01, 0x00,
  0x06, 0x00, 0x01, 0x00, 0x07, 0x00, 0x01, 0x00, 0x07, 0x00, 0x01, 0x00,
  0x07, 0x00, 0x01, 0x00, 0x07, 0x00, 0x01, 0x00, 0x07, 0x00, 0x01, 0x00,
  0x07, 0x00, 0x01, 0x00, 0x07, 0x00, 0x01, 0x00, 0x07, 0x00, 0x01, 0x00,
  0x07, 0x00, 0x01, 0x00, 0x07, 0x00, 0x01, 0x00, 0x06, 0x00, 0x01, 0x00,
  0x07, 0x00, 0x01, 0x00, 0x07, 0x00, 0x01, 0x00, 0x07, 0x00, 0x01, 0x00,
  0x07, 0x00, 0x01, 0x00, 0x07, 0x00, 0x01, 0x00, 0x07, 0x00, 0x01, 0x00,
  0x06, 0x00, 0x01, 0x00, 0x03, 0x00, 0x01, 0x00, 0x06, 0x00, 0x01, 0x00,
  0x06, 0x00, 0x01, 0x00, 0x07, 0x00, 0x01, 0x00, 0x04, 0x00, 0x01, 0x00,
  0x06, 0x00, 0x01, 0x00, 0x07, 0x00, 0x01, 0x00, 0x05, 0x00, 0x01, 0x00,
  0x05, 0x00, 0x01, 0x00, 0x05, 0x00, 0x01, 0x00, 0x07, 0x00, 0x01, 0x00,
  0x07, 0x00, 0x01, 0x00, 0x04, 0x00, 0x01, 0x00, 0x07, 0x00, 0x01, 0x00,
  0x04, 0x00, 0x01, 0x00, 0x04, 0x00, 0x01, 0x00, 0x06, 0x00, 0x01, 0x00,
  0x06, 0x00, 0x01, 0x00, 0x07, 0x00, 0x01, 0x00, 0x05, 0x00, 0x01, 0x00,
  0x07, 0x00, 0x01, 0x00, 0x06, 0x00, 0x01, 0x00, 0x07, 0x00, 0x01, 0x00,
  0x04, 0x00, 0x01, 0x00, 0x07, 0x00, 0x01, 0x00, 0x07, 0x00, 0x01, 0x00,
  0x07, 0x00, 0x00, 0x00, 0x04, 0x00, 0x01, 0x00, 0x07, 0x00, 0x01, 0x00,
  0x07, 0x00, 0x01, 0x00, 0x03, 0x00, 0x01, 0x00, 0x05, 0x00, 0x01, 0x00,
  0x06, 0x00, 0x01, 0x00, 0x07, 0x00, 0x01, 0x00, 0x05, 0x00, 0x01, 0x00,
  0x05, 0x00, 0x01, 0x00, 0x07, 0x00, 0x01, 0x00, 0x04, 0x00, 0x01, 0x00,
  0x03, 0x00, 0x01, 0x00, 0x06, 0x00, 0x01, 0x00, 0x06, 0x00, 0x01, 0x00,
  0x07, 0x00, 0x01, 0x00, 0x07, 0x00, 0x01, 0x00, 0x07, 0x00, 0x01, 0x00,
  0x07, 0x00, 0x01, 0x00, 0x07, 0x00, 0x01, 0x00, 0x07, 0x00, 0x01, 0x00,
  0x07, 0x00, 0x01, 0x00, 0x07, 0x00, 0x01, 0x00, 0x07, 0x00, 0x01, 0x00,
  0x07, 0x00, 0x01, 0x00, 0x07, 0x00, 0x01, 0x00, 0x06, 0x00, 0x01, 0x00,
  0x06, 0x00, 0x01, 0x00, 0x06, 0x00, 0x01, 0x00, 0x06, 0x00, 0x01, 0x00,
  0x07, 0x00, 0x01, 0x00, 0x07, 0x00, 0x01, 0x00, 0x07, 0x00, 0x01, 0x00,
  0x07, 0x00, 0x01, 0x00, 0x07, 0x00, 0x01, 0x00, 0x07, 0x00, 0x01, 0x00,
  0x05, 0x00, 0x01, 0x00, 0x07, 0x00, 0x01, 0x00, 0x07, 0x00, 0x01, 0x00,
  0x07, 0x00, 0x01, 0x00, 0x07, 0x00, 0x01, 0x00, 0x07, 0x00, 0x01, 0x00,
  0x07, 0x00, 0x01, 0x00, 0x07, 0x00, 0x01, 0x00, 0x07, 0x00, 0x01, 0x00,
  0x07, 0x00, 0x01, 0x00, 0x07, 0x00, 0x01, 0x00, 0x07, 0x00, 0x01, 0x00,
  0x07, 0x00, 0x01, 0x00, 0x07, 0x00, 0x01, 0x00, 0x07, 0x00, 0x01, 0x00,
  0x07, 0x00, 0x01, 0x00, 0x07, 0x00, 0x01, 0x00, 0x07, 0x00, 0x01, 0x00,
  0x07, 0x00, 0x01, 0x00, 0x07, 0x00, 0x01, 0x00, 0x06, 0x00, 0x01, 0x00,
  0x06, 0x00, 0x01, 0x00, 0x06, 0x00, 0x01, 0x00, 0x06, 0x00, 0x01, 0x00,
  0x07, 0x00, 0x01, 0x00, 0x07, 0x00, 0x01, 0x00, 0x07, 0x00, 0x01, 0x00,
  0x07, 0x00, 0x01, 0x00, 0x07, 0x00, 0x01, 0x00, 0x07, 0x00, 0x01, 0x00,
  0x07, 0x00, 0x01, 0x00, 0x07, 0x00, 0x01, 0x00, 0x07, 0x00, 0x01, 0x00,
  0x07, 0x00, 0x01, 0x00, 0x07, 0x00, 0x01, 0x00, 0x07, 0x00, 0x01, 0x00,
  0x07, 0x00, 0x01, 0x00, 0x07, 0x00, 0x01, 0x00, 0x07, 0x00, 0x01, 0x00,
  0x00, 0x00, 0x00, 0x00, 0x00, 0x00, 0x00, 0x00, 0x00, 0x00, 0x00, 0x2a,
  0x00, 0x63, 0x01, 0x18, 0x01, 0xae, 0x02, 0x5a, 0x02, 0xbb, 0x02, 0xd9,
  0x03, 0x16, 0x03, 0x50, 0x03, 0xb3, 0x03, 0xfc, 0x04, 0x3e, 0x04, 0x54,
  0x04, 0x71, 0x04, 0xfd, 0x05, 0x4e, 0x05, 0x75, 0x05, 0xc8, 0x06, 0x11,
  0x06, 0x48, 0x06, 0x93, 0x06, 0xf8, 0x07, 0x2c, 0x07, 0x89, 0x07, 0xe4,
  0x08, 0x17, 0x08, 0x69, 0x09, 0x30, 0x09, 0x53, 0x0a, 0x25, 0x0a, 0x78,
  0x0a, 0xbe, 0x0b, 0x0c, 0x0b, 0x5b, 0x0b, 0xb8, 0x0b, 0xfb, 0x0c, 0x35,
  0x0c, 0x69, 0x0c, 0xa8, 0x0c, 0xeb, 0x0d, 0x27, 0x0d, 0x6d, 0x0d, 0xc6,
  0x0d, 0xeb, 0x0e, 0x40, 0x0e, 0x95, 0x0e, 0xe6, 0x0f, 0x34, 0x0f, 0xa1,
  0x0f, 0xfe, 0x10, 0x5b, 0x10, 0x8a, 0x10, 0xc9, 0x11, 0x12, 0x11, 0x67,
  0x11, 0xea, 0x12, 0x22, 0x12, 0x6a, 0x12, 0x99, 0x13, 0x25, 0x13, 0x52,
  0x13, 0xe9, 0x14, 0x02, 0x14, 0x32, 0x14, 0x80, 0x14, 0xcf, 0x15, 0x2c,
  0x15, 0x6f, 0x15, 0xa9, 0x15, 0xdd, 0x16, 0x1c, 0x16, 0x5f, 0x16, 0x9b,
  0x16, 0xe1, 0x17, 0x3a, 0x17, 0x5f, 0x17, 0xb4, 0x18, 0x09, 0x18, 0x5a,
  0x18, 0xa8, 0x19, 0x15, 0x19, 0x72, 0x19, 0xcf, 0x19, 0xfe, 0x1a, 0x3d,
  0x1a, 0x86, 0x1a, 0xdb, 0x1b, 0x5e, 0x1b, 0x96, 0x1b, 0xde, 0x1c, 0x30,
  0x1c, 0x55, 0x1c, 0xa5, 0x1d, 0x11, 0x1d, 0x92, 0x1d, 0xd4, 0x1e, 0x4e,
  0x1e, 0xde, 0x1f, 0x27, 0x1f, 0x92, 0x20, 0x25, 0x20, 0x6f, 0x21, 0x79,
  0x21, 0xcb, 0x22, 0x34, 0x22, 0x6e, 0x22, 0xaa, 0x23, 0x19, 0x23, 0x8c,
  0x23, 0xb9, 0x23, 0xcf, 0x23, 0xe5, 0x24, 0x51, 0x25, 0x5b, 0x25, 0xb3,
  0x26, 0x1c, 0x26, 0x90, 0x26, 0x90, 0x26, 0xb5, 0x27, 0x4b, 0x27, 0x99,
  0x27, 0xcb, 0x27, 0xfd, 0x28, 0xb4, 0x28, 0xca, 0x28, 0xe0, 0x29, 0x9d,
  0x29, 0xf5, 0x2a, 0x2b, 0x2a, 0x45, 0x2a, 0xfa, 0x2b, 0x4d, 0x2b, 0xda,
  0x2c, 0x6d, 0x2d, 0x5d, 0x2e, 0x43, 0x2e, 0xd4, 0x2f, 0xca, 0x30, 0x3b,
  0x30, 0xa8, 0x31, 0x1b, 0x31, 0xe7, 0x32, 0x54, 0x32, 0xc5, 0x33, 0x3c,
  0x34, 0x13, 0x34, 0x8a, 0x35, 0x6d, 0x35, 0xfa, 0x36, 0x8d, 0x37, 0x81,
  0x38, 0x67, 0x38, 0xfa, 0x39, 0xbd, 0x3a, 0x1a, 0x3a, 0x91, 0x3b, 0x0e,
  0x3b, 0xe8, 0x3c, 0x61, 0x3c, 0xd9, 0x3d, 0x2e, 0x3d, 0x8f, 0x3e, 0x1c,
  0x3e, 0xaf, 0x3f, 0x9f, 0x40, 0x85, 0x41, 0x16, 0x42, 0x0c, 0x42, 0x7d,
  0x42, 0xea, 0x43, 0x5d, 0x44, 0x29, 0x44, 0x96, 0x45, 0x07, 0x45, 0x7e,
  0x46, 0x55, 0x46, 0xcc, 0x47, 0xaf, 0x48, 0x3c, 0x48, 0xcf, 0x49, 0xc3,
  0x4a, 0xa9, 0x4b, 0x3c, 0x4b, 0x85, 0x4b, 0xe2, 0x4c, 0x59, 0x4c, 0xd6,
  0x4d, 0xb0, 0x4e, 0x29, 0x4e, 0xa1, 0x4e, 0xf6, 0x4f, 0x6a, 0x00, 0x00,
  0x00, 0x01, 0x00, 0x00, 0x00, 0xc4, 0x00, 0x20, 0x00, 0x04, 0x00, 0x00,
  0x00, 0x00, 0x00, 0x02, 0x00, 0x00, 0x00, 0x00, 0x00, 0x0a, 0x00, 0x00,
  0x02, 0x00, 0x01, 0x9f, 0x00, 0x00, 0x00, 0x00, 0x00, 0x00, 0x00, 0x18,
  0x01, 0x26, 0x00, 0x01, 0x00, 0x00, 0x00, 0x00, 0x00, 0x00, 0x00, 0x3f,
  0x00, 0x00, 0x00, 0x01, 0x00, 0x00, 0x00, 0x00, 0x00, 0x01, 0x00, 0x0e,
  0x00, 0x3f, 0x00, 0x01, 0x00, 0x00, 0x00, 0x00, 0x00, 0x02, 0x00, 0x04,
  0x00, 0x4d, 0x00, 0x01, 0x00, 0x00, 0x00, 0x00, 0x00, 0x03, 0x00, 0x2e,
  0x00, 0x51, 0x00, 0x01, 0x00, 0x00, 0x00, 0x00, 0x00, 0x04, 0x00, 0x13,
  0x00, 0x7f, 0x00, 0x01, 0x00, 0x00, 0x00, 0x00, 0x00, 0x05, 0x00, 0x18,
  0x00, 0x92, 0x00, 0x01, 0x00, 0x00, 0x00, 0x00, 0x00, 0x06, 0x00, 0x12,
  0x00, 0xaa, 0x00, 0x01, 0x00, 0x00, 0x00, 0x00, 0x00, 0x07, 0x00, 0x40,
  0x00, 0xbc, 0x00, 0x01, 0x00, 0x00, 0x00, 0x00, 0x00, 0x09, 0x00, 0x15,
  0x00, 0xfc, 0x00, 0x01, 0x00, 0x00, 0x00, 0x00, 0x00, 0x0a, 0x00, 0x40,
  0x01, 0x11, 0x00, 0x01, 0x00, 0x00, 0x00, 0x00, 0x00, 0x0b, 0x00, 0x18,
  0x01, 0x51, 0x00, 0x01, 0x00, 0x00, 0x00, 0x00, 0x00, 0x0c, 0x00, 0x18,
  0x01, 0x69, 0x00, 0x03, 0x00, 0x01, 0x04, 0x09, 0x00, 0x00, 0x00, 0x7e,
  0x01, 0x81, 0x00, 0x03, 0x00, 0x01, 0x04, 0x09, 0x00, 0x01, 0x00, 0x1c,
  0x01, 0xff, 0x00, 0x03, 0x00, 0x01, 0x04, 0x09, 0x00, 0x02, 0x00, 0x08,
  0x02, 0x1b, 0x00, 0x03, 0x00, 0x01, 0x04, 0x09, 0x00, 0x03, 0x00, 0x5c,
  0x02, 0x23, 0x00, 0x03, 0x00, 0x01, 0x04, 0x09, 0x00, 0x04, 0x00, 0x26,
  0x02, 0x7f, 0x00, 0x03, 0x00, 0x01, 0x04, 0x09, 0x00, 0x05, 0x00, 0x30,
  0x02, 0xa5, 0x00, 0x03, 0x00, 0x01, 0x04, 0x09, 0x00, 0x06, 0x00, 0x24,
  0x02, 0xd5, 0x00, 0x03, 0x00, 0x01, 0x04, 0x09, 0x00, 0x07, 0x00, 0x80,
  0x02, 0xf9, 0x00, 0x03, 0x00, 0x01, 0x04, 0x09, 0x00, 0x09, 0x00, 0x2a,
  0x03, 0x79, 0x00, 0x03, 0x00, 0x01, 0x04, 0x09, 0x00, 0x0a, 0x00, 0x80,
  0x03, 0xa3, 0x00, 0x03, 0x00, 0x01, 0x04, 0x09, 0x00, 0x0b, 0x00, 0x30,
  0x04, 0x23, 0x00, 0x03, 0x00, 0x01, 0x04, 0x09, 0x00, 0x0c, 0x00, 0x30,
  0x04, 0x53, 0x43, 0x6f, 0x70, 0x79, 0x72, 0x69, 0x67, 0x68, 0x74, 0x20,
  0x28, 0x63, 0x29, 0x20, 0x53, 0x68, 0x79, 0x46, 0x6f, 0x6e, 0x74, 0x73,
  0x20, 0x54, 0x79, 0x70, 0x65, 0x20, 0x46, 0x6f, 0x75, 0x6e, 0x64, 0x72,
  0x79, 0x2c, 0x20, 0x32, 0x30, 0x30, 0x31, 0x2e, 0x20, 0x41, 0x6c, 0x6c,
  0x20, 0x72, 0x69, 0x67, 0x68, 0x74, 0x73, 0x20, 0x72, 0x65, 0x73, 0x65,
  0x72, 0x76, 0x65, 0x64, 0x2e, 0x53, 0x46, 0x20, 0x49, 0x6e, 0x74, 0x65,
  0x72, 0x6d, 0x6f, 0x73, 0x61, 0x69, 0x63, 0x42, 0x6f, 0x6c, 0x64, 0x53,
  0x68, 0x79, 0x46, 0x6f, 0x6e, 0x74, 0x73, 0x54, 0x79, 0x70, 0x65, 0x46,
  0x6f, 0x75, 0x6e, 0x64, 0x72, 0x79, 0x3a, 0x20, 0x53, 0x46, 0x20, 0x49,
  0x6e, 0x74, 0x65, 0x72, 0x6d, 0x6f, 0x73, 0x61, 0x69, 0x63, 0x20, 0x42,
  0x6f, 0x6c, 0x64, 0x3a, 0x20, 0x32, 0x30, 0x30, 0x31, 0x53, 0x46, 0x20,
  0x49, 0x6e, 0x74, 0x65, 0x72, 0x6d, 0x6f, 0x73, 0x61, 0x69, 0x63, 0x20,
  0x42, 0x6f, 0x6c, 0x64, 0x76, 0x65, 0x72, 0x20, 0x31, 0x2e, 0x30, 0x3b,
  0x20, 0x32, 0x30, 0x30, 0x31, 0x2e, 0x20, 0x46, 0x72, 0x65, 0x65, 0x77,
  0x61, 0x72, 0x65, 0x2e, 0x53, 0x46, 0x49, 0x6e, 0x74, 0x65, 0x72, 0x6d,
  0x6f, 0x73, 0x61, 0x69, 0x63, 0x2d, 0x42, 0x6f, 0x6c, 0x64, 0x53, 0x46,
  0x20, 0x49, 0x6e, 0x74, 0x65, 0x72, 0x6d, 0x6f, 0x73, 0x61, 0x69, 0x63,
  0x20, 0x42, 0x6f, 0x6c, 0x64, 0x20, 0x69, 0x73, 0x20, 0x61, 0x20, 0x74,
  0x72, 0x61, 0x64, 0x65, 0x6d, 0x61, 0x72, 0x6b, 0x20, 0x6f, 0x66, 0x20,
  0x74, 0x68, 0x65, 0x20, 0x53, 0x68, 0x79, 0x46, 0x6f, 0x6e, 0x74, 0x73,
  0x20, 0x54, 0x79, 0x70, 0x65, 0x20, 0x46, 0x6f, 0x75, 0x6e, 0x64, 0x72,
  0x79, 0x2e, 0x53, 0x68, 0x79, 0x46, 0x6f, 0x6e, 0x74, 0x73, 0x20, 0x54,
  0x79, 0x70, 0x65, 0x20, 0x46, 0x6f, 0x75, 0x6e, 0x64, 0x72, 0x79, 0x53,
  0x46, 0x20, 0x49, 0x6e, 0x74, 0x65, 0x72, 0x6d, 0x6f, 0x73, 0x61, 0x69,
  0x63, 0x20, 0x42, 0x6f, 0x6c, 0x64, 0x20, 0x69, 0x73, 0x20, 0x61, 0x20,
  0x74, 0x72, 0x61, 0x64, 0x65, 0x6d, 0x61, 0x72, 0x6b, 0x20, 0x6f, 0x66,
  0x20, 0x74, 0x68, 0x65, 0x20, 0x53, 0x68, 0x79, 0x46, 0x6f, 0x6e, 0x74,
  0x73, 0x20, 0x54, 0x79, 0x70, 0x65, 0x20, 0x46, 0x6f, 0x75, 0x6e, 0x64,
  0x72, 0x79, 0x2e, 0x68, 0x74, 0x74, 0x70, 0x3a, 0x2f, 0x2f, 0x77, 0x77,
  0x77, 0x2e, 0x73, 0x68, 0x79, 0x66, 0x6f, 0x6e, 0x74, 0x73, 0x2e, 0x63,
  0x6f, 0x6d, 0x2f, 0x68, 0x74, 0x74, 0x70, 0x3a, 0x2f, 0x2f, 0x77, 0x77,
  0x77, 0x2e, 0x73, 0x68, 0x79, 0x66, 0x6f, 0x6e, 0x74, 0x73, 0x2e, 0x63,
  0x6f, 0x6d, 0x2f, 0x00, 0x43, 0x00, 0x6f, 0x00, 0x70, 0x00, 0x79, 0x00,
  0x72, 0x00, 0x69, 0x00, 0x67, 0x00, 0x68, 0x00, 0x74, 0x00, 0x20, 0x00,
  0x28, 0x00, 0x63, 0x00, 0x29, 0x00, 0x20, 0x00, 0x53, 0x00, 0x68, 0x00,
  0x79, 0x00, 0x46, 0x00, 0x6f, 0x00, 0x6e, 0x00, 0x74, 0x00, 0x73, 0x00,
  0x20, 0x00, 0x54, 0x00, 0x79, 0x00, 0x70, 0x00, 0x65, 0x00, 0x20, 0x00,
  0x46, 0x00, 0x6f, 0x00, 0x75, 0x00, 0x6e, 0x00, 0x64, 0x00, 0x72, 0x00,
  0x79, 0x00, 0x2c, 0x00, 0x20, 0x00, 0x32, 0x00, 0x30, 0x00, 0x30, 0x00,
  0x31, 0x00, 0x2e, 0x00, 0x20, 0x00, 0x41, 0x00, 0x6c, 0x00, 0x6c, 0x00,
  0x20, 0x00, 0x72, 0x00, 0x69, 0x00, 0x67, 0x00, 0x68, 0x00, 0x74, 0x00,
  0x73, 0x00, 0x20, 0x00, 0x72, 0x00, 0x65, 0x00, 0x73, 0x00, 0x65, 0x00,
  0x72, 0x00, 0x76, 0x00, 0x65, 0x00, 0x64, 0x00, 0x2e, 0x00, 0x53, 0x00,
  0x46, 0x00, 0x20, 0x00, 0x49, 0x00, 0x6e, 0x00, 0x74, 0x00, 0x65, 0x00,
  0x72, 0x00, 0x6d, 0x00, 0x6f, 0x00, 0x73, 0x00, 0x61, 0x00, 0x69, 0x00,
  0x63, 0x00, 0x42, 0x00, 0x6f, 0x00, 0x6c, 0x00, 0x64, 0x00, 0x53, 0x00,
  0x68, 0x00, 0x79, 0x00, 0x46, 0x00, 0x6f, 0x00, 0x6e, 0x00, 0x74, 0x00,
  0x73, 0x00, 0x54, 0x00, 0x79, 0x00, 0x70, 0x00, 0x65, 0x00, 0x46, 0x00,
  0x6f, 0x00, 0x75, 0x00, 0x6e, 0x00, 0x64, 0x00, 0x72, 0x00, 0x79, 0x00,
  0x3a, 0x00, 0x20, 0x00, 0x53, 0x00, 0x46, 0x00, 0x20, 0x00, 0x49, 0x00,
  0x6e, 0x00, 0x74, 0x00, 0x65, 0x00, 0x72, 0x00, 0x6d, 0x00, 0x6f, 0x00,
  0x73, 0x00, 0x61, 0x00, 0x69, 0x00, 0x63, 0x00, 0x20, 0x00, 0x42, 0x00,
  0x6f, 0x00, 0x6c, 0x00, 0x64, 0x00, 0x3a, 0x00, 0x20, 0x00, 0x32, 0x00,
  0x30, 0x00, 0x30, 0x00, 0x31, 0x00, 0x53, 0x00, 0x46, 0x00, 0x20, 0x00,
  0x49, 0x00, 0x6e, 0x00, 0x74, 0x00, 0x65, 0x00, 0x72, 0x00, 0x6d, 0x00,
  0x6f, 0x00, 0x73, 0x00, 0x61, 0x00, 0x69, 0x00, 0x63, 0x00, 0x20, 0x00,
  0x42, 0x00, 0x6f, 0x00, 0x6c, 0x00, 0x64, 0x00, 0x76, 0x00, 0x65, 0x00,
  0x72, 0x00, 0x20, 0x00, 0x31, 0x00, 0x2e, 0x00, 0x30, 0x00, 0x3b, 0x00,
  0x20, 0x00, 0x32, 0x00, 0x30, 0x00, 0x30, 0x00, 0x31, 0x00, 0x2e, 0x00,
  0x20, 0x00, 0x46, 0x00, 0x72, 0x00, 0x65, 0x00, 0x65, 0x00, 0x77, 0x00,
  0x61, 0x00, 0x72, 0x00, 0x65, 0x00, 0x2e, 0x00, 0x53, 0x00, 0x46, 0x00,
  0x49, 0x00, 0x6e, 0x00, 0x74, 0x00, 0x65, 0x00, 0x72, 0x00, 0x6d, 0x00,
  0x6f, 0x00, 0x73, 0x00, 0x61, 0x00, 0x69, 0x00, 0x63, 0x00, 0x2d, 0x00,
  0x42, 0x00, 0x6f, 0x00, 0x6c, 0x00, 0x64, 0x00, 0x53, 0x00, 0x46, 0x00,
  0x20, 0x00, 0x49, 0x00, 0x6e, 0x00, 0x74, 0x00, 0x65, 0x00, 0x72, 0x00,
  0x6d, 0x00, 0x6f, 0x00, 0x73, 0x00, 0x61, 0x00, 0x69, 0x00, 0x63, 0x00,
  0x20, 0x00, 0x42, 0x00, 0x6f, 0x00, 0x6c, 0x00, 0x64, 0x00, 0x20, 0x00,
  0x69, 0x00, 0x73, 0x00, 0x20, 0x00, 0x61, 0x00, 0x20, 0x00, 0x74, 0x00,
  0x72, 0x00, 0x61, 0x00, 0x64, 0x00, 0x65, 0x00, 0x6d, 0x00, 0x61, 0x00,
  0x72, 0x00, 0x6b, 0x00, 0x20, 0x00, 0x6f, 0x00, 0x66, 0x00, 0x20, 0x00,
  0x74, 0x00, 0x68, 0x00, 0x65, 0x00, 0x20, 0x00, 0x53, 0x00, 0x68, 0x00,
  0x79, 0x00, 0x46, 0x00, 0x6f, 0x00, 0x6e, 0x00, 0x74, 0x00, 0x73, 0x00,
  0x20, 0x00, 0x54, 0x00, 0x79, 0x00, 0x70, 0x00, 0x65, 0x00, 0x20, 0x00,
  0x46, 0x00, 0x6f, 0x00, 0x75, 0x00, 0x6e, 0x00, 0x64, 0x00, 0x72, 0x00,
  0x79, 0x00, 0x2e, 0x00, 0x53, 0x00, 0x68, 0x00, 0x79, 0x00, 0x46, 0x00,
  0x6f, 0x00, 0x6e, 0x00, 0x74, 0x00, 0x73, 0x00, 0x20, 0x00, 0x54, 0x00,
  0x79, 0x00, 0x70, 0x00, 0x65, 0x00, 0x20, 0x00, 0x46, 0x00, 0x6f, 0x00,
  0x75, 0x00, 0x6e, 0x00, 0x64, 0x00, 0x72, 0x00, 0x79, 0x00, 0x53, 0x00,
  0x46, 0x00, 0x20, 0x00, 0x49, 0x00, 0x6e, 0x00, 0x74, 0x00, 0x65, 0x00,
  0x72, 0x00, 0x6d, 0x00, 0x6f, 0x00, 0x73, 0x00, 0x61, 0x00, 0x69, 0x00,
  0x63, 0x00, 0x20, 0x00, 0x42, 0x00, 0x6f, 0x00, 0x6c, 0x00, 0x64, 0x00,
  0x20, 0x00, 0x69, 0x00, 0x73, 0x00, 0x20, 0x00, 0x61, 0x00, 0x20, 0x00,
  0x74, 0x00, 0x72, 0x00, 0x61, 0x00, 0x64, 0x00, 0x65, 0x00, 0x6d, 0x00,
  0x61, 0x00, 0x72, 0x00, 0x6b, 0x00, 0x20, 0x00, 0x6f, 0x00, 0x66, 0x00,
  0x20, 0x00, 0x74, 0x00, 0x68, 0x00, 0x65, 0x00, 0x20, 0x00, 0x53, 0x00,
  0x68, 0x00, 0x79, 0x00, 0x46, 0x00, 0x6f, 0x00, 0x6e, 0x00, 0x74, 0x00,
  0x73, 0x00, 0x20, 0x00, 0x54, 0x00, 0x79, 0x00, 0x70, 0x00, 0x65, 0x00,
  0x20, 0x00, 0x46, 0x00, 0x6f, 0x00, 0x75, 0x00, 0x6e, 0x00, 0x64, 0x00,
  0x72, 0x00, 0x79, 0x00, 0x2e, 0x00, 0x68, 0x00, 0x74, 0x00, 0x74, 0x00,
  0x70, 0x00, 0x3a, 0x00, 0x2f, 0x00, 0x2f, 0x00, 0x77, 0x00, 0x77, 0x00,
  0x77, 0x00, 0x2e, 0x00, 0x73, 0x00, 0x68, 0x00, 0x79, 0x00, 0x66, 0x00,
  0x6f, 0x00, 0x6e, 0x00, 0x74, 0x00, 0x73, 0x00, 0x2e, 0x00, 0x63, 0x00,
  0x6f, 0x00, 0x6d, 0x00, 0x2f, 0x00, 0x68, 0x00, 0x74, 0x00, 0x74, 0x00,
  0x70, 0x00, 0x3a, 0x00, 0x2f, 0x00, 0x2f, 0x00, 0x77, 0x00, 0x77, 0x00,
  0x77, 0x00, 0x2e, 0x00, 0x73, 0x00, 0x68, 0x00, 0x79, 0x00, 0x66, 0x00,
  0x6f, 0x00, 0x6e, 0x00, 0x74, 0x00, 0x73, 0x00, 0x2e, 0x00, 0x63, 0x00,
  0x6f, 0x00, 0x6d, 0x00, 0x2f, 0x00, 0x00, 0x00, 0x00, 0x02, 0x00, 0x00,
  0x00, 0x00, 0x00, 0x00, 0xff, 0x7b, 0x00, 0x14, 0x00, 0x00, 0x00, 0x00,
  0x00, 0x00, 0x00, 0x00, 0x00, 0x00, 0x00, 0x00, 0x00, 0x00, 0x00, 0x00,
  0x00, 0x00, 0x00, 0x00, 0x00, 0xc4, 0x00, 0x00, 0x01, 0x02, 0x00, 0x02,
  0x00, 0x03, 0x00, 0x04, 0x00, 0x05, 0x00, 0x06, 0x00, 0x07, 0x00, 0x08,
  0x00, 0x09, 0x00, 0x0a, 0x00, 0x0b, 0x00, 0x0c, 0x00, 0x0d, 0x00, 0x0e,
  0x00, 0x0f, 0x00, 0x10, 0x00, 0x11, 0x00, 0x12, 0x00, 0x13, 0x00, 0x14,
  0x00, 0x15, 0x00, 0x16, 0x00, 0x17, 0x00, 0x18, 0x00, 0x19, 0x00, 0x1a,
  0x00, 0x1b, 0x00, 0x1c, 0x00, 0x1d, 0x00, 0x1e, 0x00, 0x1f, 0x00, 0x20,
  0x00, 0x21, 0x00, 0x22, 0x00, 0x23, 0x00, 0x24, 0x00, 0x25, 0x00, 0x26,
  0x00, 0x27, 0x00, 0x28, 0x00, 0x29, 0x00, 0x2a, 0x00, 0x2b, 0x00, 0x2c,
  0x00, 0x2d, 0x00, 0x2e, 0x00, 0x2f, 0x00, 0x30, 0x00, 0x31, 0x00, 0x32,
  0x00, 0x33, 0x00, 0x34, 0x00, 0x35, 0x00, 0x36, 0x00, 0x37, 0x00, 0x38,
  0x00, 0x39, 0x00, 0x3a, 0x00, 0x3b, 0x00, 0x3c, 0x00, 0x3d, 0x00, 0x3e,
  0x00, 0x3f, 0x00, 0x40, 0x00, 0x41, 0x00, 0x42, 0x00, 0x43, 0x00, 0x44,
  0x00, 0x45, 0x00, 0x46, 0x00, 0x47, 0x00, 0x48, 0x00, 0x49, 0x00, 0x4a,
  0x00, 0x4b, 0x00, 0x4c, 0x00, 0x4d, 0x00, 0x4e, 0x00, 0x4f, 0x00, 0x50,
  0x00, 0x51, 0x00, 0x52, 0x00, 0x53, 0x00, 0x54, 0x00, 0x55, 0x00, 0x56,
  0x00, 0x57, 0x00, 0x58, 0x00, 0x59, 0x00, 0x5a, 0x00, 0x5b, 0x00, 0x5c,
  0x00, 0x5d, 0x00, 0x5e, 0x00, 0x5f, 0x00, 0x60, 0x00, 0x61, 0x01, 0x03,
  0x00, 0xc4, 0x00, 0xc5, 0x00, 0xab, 0x00, 0x82, 0x00, 0xc2, 0x00, 0xd8,
  0x00, 0xc6, 0x00, 0xe4, 0x00, 0xbe, 0x00, 0xb0, 0x00, 0xb6, 0x00, 0xb7,
  0x00, 0xb4, 0x00, 0xb5, 0x00, 0x87, 0x00, 0xb2, 0x00, 0xb3, 0x00, 0xd9,
  0x00, 0xe5, 0x00, 0xbf, 0x00, 0xb1, 0x00, 0xbb, 0x00, 0xac, 0x00, 0xa3,
  0x00, 0x84, 0x00, 0x96, 0x00, 0xe8, 0x00, 0x8e, 0x00, 0xa9, 0x00, 0xef,
  0x00, 0xda, 0x00, 0x83, 0x00, 0x93, 0x00, 0x8d, 0x00, 0xc3, 0x00, 0xaa,
  0x00, 0xa2, 0x00, 0xad, 0x00, 0xc9, 0x00, 0xc7, 0x00, 0xae, 0x00, 0x62,
  0x00, 0x63, 0x00, 0x90, 0x00, 0xcb, 0x00, 0x65, 0x00, 0xc8, 0x00, 0xca,
  0x00, 0xcf, 0x00, 0xcc, 0x00, 0xcd, 0x00, 0xce, 0x00, 0x66, 0x00, 0xd3,
  0x00, 0xd0, 0x00, 0xd1, 0x00, 0xaf, 0x00, 0x67, 0x00, 0xf0, 0x00, 0x91,
  0x00, 0xd6, 0x00, 0xd4, 0x00, 0xd5, 0x00, 0x68, 0x00, 0xeb, 0x00, 0xed,
  0x00, 0x89, 0x00, 0x6a, 0x00, 0x69, 0x00, 0x6b, 0x00, 0x6d, 0x00, 0x6c,
  0x00, 0x6e, 0x00, 0xa0, 0x00, 0x71, 0x00, 0x70, 0x00, 0x72, 0x00, 0x73,
  0x00, 0x75, 0x00, 0x74, 0x00, 0x76, 0x00, 0x77, 0x00, 0x78, 0x00, 0x7a,
  0x00, 0x79, 0x00, 0x7b, 0x00, 0x7d, 0x00, 0x7c, 0x00, 0xb8, 0x00, 0xa1,
  0x00, 0x7f, 0x00, 0x7e, 0x00, 0x80, 0x00, 0x81, 0x00, 0xec, 0x00, 0xee,
  0x00, 0xba, 0x05, 0x2e, 0x6e, 0x75, 0x6c, 0x6c, 0x04, 0x45, 0x75, 0x72,
  0x6f, 0x00, 0x00, 0x00, 0xb8, 0x00, 0x00, 0x2b, 0xba, 0x00, 0x01, 0x00,
  0x04, 0x00, 0x07, 0x2b, 0xb8, 0x00, 0x00, 0x20, 0x45, 0x7d, 0x69, 0x18,
  0x44, 0x00, 0x00, 0x00
};
unsigned int build_desktop_SF_Intermosaic_Bold_ttf_len = 52372;
